 0.00, 0.00, 0.00, 0.00
 0.00, 0.00, 0.00, 0.00
 0.00, 0.00, 0.00, 0.00
 0.00, 0.00, 0.00, 0.00
 0.00, 0.00, 0.00, 0.00
 0.00, 0.00, 0.00, 0.00
 0.00, 0.00, 0.00, 0.00
 0.01, 0.00, 0.00, 0.00
 0.01, 0.00, 0.00, 0.01
 0.01, 0.00, 0.00, 0.01
 0.01, 0.00, 0.00, 0.01
 0.01, 0.00, 0.00, 0.01
 0.01, 0.00, 0.01, 0.01
 0.01, 0.01, 0.01, 0.01
 0.01, 0.01, 0.01, 0.01
 0.01, 0.01, 0.01, 0.01
 0.01, 0.01, 0.01, 0.01
 0.01, 0.01, 0.01, 0.01
 0.01, 0.01, 0.01, 0.01
 0.01, 0.01, 0.01, 0.01
 0.01, 0.01, 0.01, 0.01
 0.01, 0.01, 0.01, 0.01
 0.01, 0.01, 0.01, 0.01
 0.02, 0.01, 0.01, 0.01
 0.02, 0.01, 0.01, 0.02
 0.02, 0.01, 0.01, 0.02
 0.02, 0.01, 0.01, 0.02
 0.02, 0.01, 0.01, 0.02
 0.02, 0.01, 0.01, 0.02
 0.02, 0.01, 0.01, 0.02
 0.02, 0.01, 0.01, 0.02
 0.02, 0.01, 0.01, 0.02
 0.02, 0.01, 0.01, 0.02
 0.02, 0.01, 0.01, 0.02
 0.02, 0.01, 0.01, 0.02
 0.02, 0.01, 0.01, 0.02
 0.02, 0.01, 0.01, 0.02
 0.02, 0.01, 0.01, 0.02
 0.03, 0.02, 0.01, 0.02
 0.03, 0.02, 0.02, 0.02
 0.03, 0.02, 0.02, 0.02
 0.03, 0.02, 0.02, 0.03
 0.03, 0.02, 0.02, 0.03
 0.03, 0.02, 0.02, 0.03
 0.03, 0.02, 0.02, 0.03
 0.03, 0.02, 0.02, 0.03
 0.03, 0.02, 0.02, 0.03
 0.03, 0.02, 0.02, 0.03
 0.03, 0.02, 0.02, 0.03
 0.03, 0.02, 0.02, 0.03
 0.03, 0.02, 0.02, 0.03
 0.03, 0.02, 0.02, 0.03
 0.03, 0.02, 0.02, 0.03
 0.03, 0.02, 0.02, 0.03
 0.04, 0.02, 0.02, 0.03
 0.04, 0.02, 0.02, 0.03
 0.04, 0.02, 0.02, 0.03
 0.04, 0.02, 0.02, 0.04
 0.04, 0.02, 0.02, 0.04
 0.04, 0.02, 0.02, 0.04
 0.04, 0.02, 0.02, 0.04
 0.04, 0.02, 0.02, 0.04
 0.04, 0.03, 0.02, 0.04
 0.04, 0.03, 0.02, 0.04
 0.04, 0.03, 0.02, 0.04
 0.04, 0.03, 0.03, 0.04
 0.04, 0.03, 0.03, 0.04
 0.04, 0.03, 0.03, 0.04
 0.04, 0.03, 0.03, 0.04
 0.04, 0.03, 0.03, 0.04
 0.05, 0.03, 0.03, 0.04
 0.05, 0.03, 0.03, 0.04
 0.05, 0.03, 0.03, 0.04
 0.05, 0.03, 0.03, 0.04
 0.05, 0.03, 0.03, 0.05
 0.05, 0.03, 0.03, 0.05
 0.05, 0.03, 0.03, 0.05
 0.05, 0.03, 0.03, 0.05
 0.05, 0.03, 0.03, 0.05
 0.05, 0.03, 0.03, 0.05
 0.05, 0.03, 0.03, 0.05
 0.05, 0.03, 0.03, 0.05
 0.05, 0.03, 0.03, 0.05
 0.05, 0.03, 0.03, 0.05
 0.05, 0.04, 0.03, 0.05
 0.05, 0.04, 0.03, 0.05
 0.06, 0.04, 0.03, 0.05
 0.06, 0.04, 0.03, 0.05
 0.06, 0.04, 0.03, 0.05
 0.06, 0.04, 0.03, 0.05
 0.06, 0.04, 0.03, 0.05
 0.06, 0.04, 0.04, 0.06
 0.06, 0.04, 0.04, 0.06
 0.06, 0.04, 0.04, 0.06
 0.06, 0.04, 0.04, 0.06
 0.06, 0.04, 0.04, 0.06
 0.06, 0.04, 0.04, 0.06
 0.06, 0.04, 0.04, 0.06
 0.06, 0.04, 0.04, 0.06
 0.06, 0.04, 0.04, 0.06
 0.06, 0.04, 0.04, 0.06
 0.06, 0.04, 0.04, 0.06
 0.07, 0.04, 0.04, 0.06
 0.07, 0.04, 0.04, 0.06
 0.07, 0.04, 0.04, 0.06
 0.07, 0.05, 0.04, 0.06
 0.07, 0.05, 0.04, 0.06
 0.07, 0.05, 0.04, 0.06
 0.07, 0.05, 0.04, 0.06
 0.07, 0.05, 0.04, 0.07
 0.07, 0.05, 0.04, 0.07
 0.07, 0.05, 0.04, 0.07
 0.07, 0.05, 0.04, 0.07
 0.07, 0.05, 0.04, 0.07
 0.07, 0.05, 0.04, 0.07
 0.07, 0.05, 0.04, 0.07
 0.07, 0.05, 0.04, 0.07
 0.07, 0.05, 0.04, 0.07
 0.08, 0.05, 0.05, 0.07
 0.08, 0.05, 0.05, 0.07
 0.08, 0.05, 0.05, 0.07
 0.08, 0.05, 0.05, 0.07
 0.08, 0.05, 0.05, 0.07
 0.08, 0.05, 0.05, 0.07
 0.08, 0.05, 0.05, 0.07
 0.08, 0.06, 0.05, 0.07
 0.08, 0.06, 0.05, 0.08
 0.08, 0.06, 0.05, 0.08
 0.08, 0.06, 0.05, 0.08
 0.08, 0.06, 0.05, 0.08
 0.08, 0.06, 0.05, 0.08
 0.08, 0.06, 0.05, 0.08
 0.08, 0.06, 0.05, 0.08
 0.08, 0.06, 0.05, 0.08
 0.08, 0.06, 0.05, 0.08
 0.09, 0.06, 0.05, 0.08
 0.09, 0.06, 0.05, 0.08
 0.09, 0.06, 0.05, 0.08
 0.09, 0.06, 0.05, 0.08
 0.09, 0.06, 0.05, 0.08
 0.09, 0.06, 0.05, 0.08
 0.09, 0.06, 0.05, 0.08
 0.09, 0.06, 0.05, 0.08
 0.09, 0.06, 0.05, 0.08
 0.09, 0.07, 0.05, 0.09
 0.09, 0.07, 0.05, 0.09
 0.09, 0.07, 0.06, 0.09
 0.09, 0.07, 0.06, 0.09
 0.09, 0.07, 0.06, 0.09
 0.09, 0.07, 0.06, 0.09
 0.09, 0.07, 0.06, 0.09
 0.09, 0.07, 0.06, 0.09
 0.10, 0.07, 0.06, 0.09
 0.10, 0.07, 0.06, 0.09
 0.10, 0.07, 0.06, 0.09
 0.10, 0.07, 0.06, 0.09
 0.10, 0.07, 0.06, 0.09
 0.10, 0.07, 0.06, 0.09
 0.10, 0.07, 0.06, 0.09
 0.10, 0.07, 0.06, 0.09
 0.10, 0.07, 0.06, 0.09
 0.10, 0.07, 0.06, 0.09
 0.10, 0.08, 0.06, 0.10
 0.10, 0.08, 0.06, 0.10
 0.10, 0.08, 0.06, 0.10
 0.10, 0.08, 0.06, 0.10
 0.10, 0.08, 0.06, 0.10
 0.10, 0.08, 0.06, 0.10
 0.10, 0.08, 0.06, 0.10
 0.11, 0.08, 0.06, 0.10
 0.11, 0.08, 0.06, 0.10
 0.11, 0.08, 0.06, 0.10
 0.11, 0.08, 0.06, 0.10
 0.11, 0.08, 0.07, 0.10
 0.11, 0.08, 0.07, 0.10
 0.11, 0.08, 0.07, 0.10
 0.11, 0.08, 0.07, 0.10
 0.11, 0.08, 0.07, 0.10
 0.11, 0.08, 0.07, 0.10
 0.11, 0.08, 0.07, 0.10
 0.11, 0.09, 0.07, 0.11
 0.11, 0.09, 0.07, 0.11
 0.11, 0.09, 0.07, 0.11
 0.11, 0.09, 0.07, 0.11
 0.11, 0.09, 0.07, 0.11
 0.11, 0.09, 0.07, 0.11
 0.12, 0.09, 0.07, 0.11
 0.12, 0.09, 0.07, 0.11
 0.12, 0.09, 0.07, 0.11
 0.12, 0.09, 0.07, 0.11
 0.12, 0.09, 0.07, 0.11
 0.12, 0.09, 0.07, 0.11
 0.12, 0.09, 0.07, 0.11
 0.12, 0.09, 0.07, 0.11
 0.12, 0.09, 0.07, 0.11
 0.12, 0.09, 0.07, 0.11
 0.12, 0.09, 0.07, 0.11
 0.12, 0.09, 0.07, 0.11
 0.12, 0.10, 0.07, 0.12
 0.12, 0.10, 0.07, 0.12
 0.12, 0.10, 0.07, 0.12
 0.12, 0.10, 0.08, 0.12
 0.12, 0.10, 0.08, 0.12
 0.13, 0.10, 0.08, 0.12
 0.13, 0.10, 0.08, 0.12
 0.13, 0.10, 0.08, 0.12
 0.13, 0.10, 0.08, 0.12
 0.13, 0.10, 0.08, 0.12
 0.13, 0.10, 0.08, 0.12
 0.13, 0.10, 0.08, 0.12
 0.13, 0.10, 0.08, 0.12
 0.13, 0.10, 0.08, 0.12
 0.13, 0.10, 0.08, 0.12
 0.13, 0.10, 0.08, 0.12
 0.13, 0.10, 0.08, 0.12
 0.13, 0.10, 0.08, 0.12
 0.13, 0.10, 0.08, 0.12
 0.13, 0.11, 0.08, 0.13
 0.13, 0.11, 0.08, 0.13
 0.13, 0.11, 0.08, 0.13
 0.13, 0.11, 0.08, 0.13
 0.14, 0.11, 0.08, 0.13
 0.14, 0.11, 0.08, 0.13
 0.14, 0.11, 0.08, 0.13
 0.14, 0.11, 0.08, 0.13
 0.14, 0.11, 0.08, 0.13
 0.14, 0.11, 0.08, 0.13
 0.14, 0.11, 0.08, 0.13
 0.14, 0.11, 0.08, 0.13
 0.14, 0.11, 0.09, 0.13
 0.14, 0.11, 0.09, 0.13
 0.14, 0.11, 0.09, 0.13
 0.14, 0.11, 0.09, 0.13
 0.14, 0.11, 0.09, 0.13
 0.14, 0.11, 0.09, 0.13
 0.14, 0.12, 0.09, 0.14
 0.14, 0.12, 0.09, 0.14
 0.14, 0.12, 0.09, 0.14
 0.15, 0.12, 0.09, 0.14
 0.15, 0.12, 0.09, 0.14
 0.15, 0.12, 0.09, 0.14
 0.15, 0.12, 0.09, 0.14
 0.15, 0.12, 0.09, 0.14
 0.15, 0.12, 0.09, 0.14
 0.15, 0.12, 0.09, 0.14
 0.15, 0.12, 0.09, 0.14
 0.15, 0.12, 0.09, 0.14
 0.15, 0.12, 0.09, 0.14
 0.15, 0.12, 0.09, 0.14
 0.15, 0.12, 0.09, 0.14
 0.15, 0.12, 0.09, 0.14
 0.15, 0.12, 0.09, 0.14
 0.15, 0.12, 0.09, 0.14
 0.15, 0.13, 0.09, 0.14
 0.15, 0.13, 0.09, 0.15
 0.15, 0.13, 0.09, 0.15
 0.15, 0.13, 0.09, 0.15
 0.15, 0.13, 0.10, 0.15
 0.15, 0.13, 0.10, 0.15
 0.16, 0.13, 0.10, 0.15
 0.16, 0.13, 0.10, 0.15
 0.16, 0.13, 0.10, 0.15
 0.16, 0.13, 0.10, 0.15
 0.16, 0.13, 0.10, 0.15
 0.16, 0.13, 0.10, 0.15
 0.16, 0.13, 0.10, 0.15
 0.16, 0.13, 0.10, 0.15
 0.16, 0.13, 0.10, 0.15
 0.16, 0.13, 0.10, 0.15
 0.16, 0.13, 0.10, 0.15
 0.16, 0.13, 0.10, 0.15
 0.16, 0.13, 0.10, 0.15
 0.16, 0.14, 0.10, 0.15
 0.16, 0.14, 0.10, 0.16
 0.16, 0.14, 0.10, 0.16
 0.16, 0.14, 0.10, 0.16
 0.16, 0.14, 0.10, 0.16
 0.16, 0.14, 0.10, 0.16
 0.16, 0.14, 0.10, 0.16
 0.16, 0.14, 0.10, 0.16
 0.16, 0.14, 0.10, 0.16
 0.16, 0.14, 0.10, 0.16
 0.16, 0.14, 0.10, 0.16
 0.16, 0.14, 0.10, 0.16
 0.16, 0.14, 0.10, 0.16
 0.16, 0.14, 0.10, 0.16
 0.16, 0.14, 0.11, 0.16
 0.16, 0.14, 0.11, 0.16
 0.16, 0.14, 0.11, 0.16
 0.17, 0.14, 0.11, 0.16
 0.17, 0.14, 0.11, 0.16
 0.17, 0.15, 0.11, 0.16
 0.17, 0.15, 0.11, 0.16
 0.17, 0.15, 0.11, 0.17
 0.17, 0.15, 0.11, 0.17
 0.17, 0.15, 0.11, 0.17
 0.17, 0.15, 0.11, 0.17
 0.17, 0.15, 0.11, 0.17
 0.17, 0.15, 0.11, 0.17
 0.17, 0.15, 0.11, 0.17
 0.17, 0.15, 0.11, 0.17
 0.17, 0.15, 0.11, 0.17
 0.17, 0.15, 0.11, 0.17
 0.17, 0.15, 0.11, 0.17
 0.17, 0.15, 0.11, 0.17
 0.17, 0.15, 0.11, 0.17
 0.17, 0.15, 0.11, 0.17
 0.17, 0.15, 0.11, 0.17
 0.17, 0.15, 0.11, 0.17
 0.17, 0.15, 0.11, 0.17
 0.17, 0.16, 0.11, 0.17
 0.17, 0.16, 0.11, 0.17
 0.17, 0.16, 0.11, 0.18
 0.17, 0.16, 0.11, 0.18
 0.17, 0.16, 0.11, 0.18
 0.17, 0.16, 0.12, 0.18
 0.17, 0.16, 0.12, 0.18
 0.17, 0.16, 0.12, 0.18
 0.17, 0.16, 0.12, 0.18
 0.17, 0.16, 0.12, 0.18
 0.17, 0.16, 0.12, 0.18
 0.17, 0.16, 0.12, 0.18
 0.17, 0.16, 0.12, 0.18
 0.17, 0.16, 0.12, 0.18
 0.17, 0.16, 0.12, 0.18
 0.17, 0.16, 0.12, 0.18
 0.17, 0.16, 0.12, 0.18
 0.17, 0.16, 0.12, 0.18
 0.17, 0.16, 0.12, 0.18
 0.17, 0.16, 0.12, 0.18
 0.17, 0.17, 0.12, 0.18
 0.17, 0.17, 0.12, 0.18
 0.17, 0.17, 0.12, 0.19
 0.17, 0.17, 0.12, 0.19
 0.17, 0.17, 0.12, 0.19
 0.17, 0.17, 0.12, 0.19
 0.17, 0.17, 0.12, 0.19
 0.17, 0.17, 0.12, 0.19
 0.17, 0.17, 0.12, 0.19
 0.17, 0.17, 0.12, 0.19
 0.17, 0.17, 0.12, 0.19
 0.17, 0.17, 0.12, 0.19
 0.17, 0.17, 0.12, 0.19
 0.17, 0.17, 0.12, 0.19
 0.17, 0.17, 0.13, 0.19
 0.17, 0.17, 0.13, 0.19
 0.17, 0.17, 0.13, 0.19
 0.17, 0.17, 0.13, 0.19
 0.17, 0.17, 0.13, 0.19
 0.17, 0.17, 0.13, 0.19
 0.17, 0.18, 0.13, 0.19
 0.17, 0.18, 0.13, 0.19
 0.17, 0.18, 0.13, 0.20
 0.17, 0.18, 0.13, 0.20
 0.17, 0.18, 0.13, 0.20
 0.17, 0.18, 0.13, 0.20
 0.17, 0.18, 0.13, 0.20
 0.17, 0.18, 0.13, 0.20
 0.17, 0.18, 0.13, 0.20
 0.17, 0.18, 0.13, 0.20
 0.17, 0.18, 0.13, 0.20
 0.17, 0.18, 0.13, 0.20
 0.17, 0.18, 0.13, 0.20
 0.17, 0.18, 0.13, 0.20
 0.17, 0.18, 0.13, 0.20
 0.17, 0.18, 0.13, 0.20
 0.17, 0.18, 0.13, 0.20
 0.17, 0.18, 0.13, 0.20
 0.17, 0.18, 0.13, 0.20
 0.17, 0.18, 0.13, 0.20
 0.17, 0.18, 0.13, 0.20
 0.17, 0.18, 0.13, 0.20
 0.17, 0.19, 0.13, 0.20
 0.17, 0.19, 0.13, 0.21
 0.17, 0.19, 0.14, 0.21
 0.17, 0.19, 0.14, 0.21
 0.17, 0.19, 0.14, 0.21
 0.17, 0.19, 0.14, 0.21
 0.17, 0.19, 0.14, 0.21
 0.17, 0.19, 0.14, 0.21
 0.17, 0.19, 0.14, 0.21
 0.17, 0.19, 0.14, 0.21
 0.17, 0.19, 0.14, 0.21
 0.17, 0.19, 0.14, 0.21
 0.17, 0.19, 0.14, 0.21
 0.17, 0.19, 0.14, 0.21
 0.17, 0.19, 0.14, 0.21
 0.17, 0.19, 0.14, 0.21
 0.17, 0.19, 0.14, 0.21
 0.17, 0.19, 0.14, 0.21
 0.17, 0.19, 0.14, 0.21
 0.17, 0.19, 0.14, 0.21
 0.17, 0.19, 0.14, 0.21
 0.17, 0.19, 0.14, 0.22
 0.17, 0.19, 0.14, 0.22
 0.17, 0.20, 0.14, 0.22
 0.17, 0.20, 0.14, 0.22
 0.17, 0.20, 0.14, 0.22
 0.17, 0.20, 0.14, 0.22
 0.17, 0.20, 0.14, 0.22
 0.17, 0.20, 0.14, 0.22
 0.17, 0.20, 0.14, 0.22
 0.17, 0.20, 0.14, 0.22
 0.17, 0.20, 0.14, 0.22
 0.17, 0.20, 0.15, 0.22
 0.17, 0.20, 0.15, 0.22
 0.17, 0.20, 0.15, 0.22
 0.17, 0.20, 0.15, 0.22
 0.17, 0.20, 0.15, 0.22
 0.17, 0.20, 0.15, 0.22
 0.17, 0.20, 0.15, 0.22
 0.17, 0.20, 0.15, 0.22
 0.17, 0.20, 0.15, 0.22
 0.17, 0.20, 0.15, 0.22
 0.17, 0.20, 0.15, 0.23
 0.17, 0.20, 0.15, 0.23
 0.17, 0.20, 0.15, 0.23
 0.17, 0.20, 0.15, 0.23
 0.16, 0.20, 0.15, 0.23
 0.16, 0.20, 0.15, 0.23
 0.16, 0.21, 0.15, 0.23
 0.16, 0.21, 0.15, 0.23
 0.16, 0.21, 0.15, 0.23
 0.16, 0.21, 0.15, 0.23
 0.16, 0.21, 0.15, 0.23
 0.16, 0.21, 0.15, 0.23
 0.16, 0.21, 0.15, 0.23
 0.16, 0.21, 0.15, 0.23
 0.16, 0.21, 0.15, 0.23
 0.16, 0.21, 0.15, 0.23
 0.16, 0.21, 0.15, 0.23
 0.16, 0.21, 0.15, 0.23
 0.16, 0.21, 0.15, 0.23
 0.16, 0.21, 0.15, 0.23
 0.16, 0.21, 0.16, 0.23
 0.16, 0.21, 0.16, 0.24
 0.16, 0.21, 0.16, 0.24
 0.16, 0.21, 0.16, 0.24
 0.16, 0.21, 0.16, 0.24
 0.16, 0.21, 0.16, 0.24
 0.16, 0.21, 0.16, 0.24
 0.16, 0.21, 0.16, 0.24
 0.16, 0.21, 0.16, 0.24
 0.16, 0.21, 0.16, 0.24
 0.16, 0.21, 0.16, 0.24
 0.16, 0.21, 0.16, 0.24
 0.16, 0.21, 0.16, 0.24
 0.16, 0.21, 0.16, 0.24
 0.16, 0.22, 0.16, 0.24
 0.16, 0.22, 0.16, 0.24
 0.16, 0.22, 0.16, 0.24
 0.16, 0.22, 0.16, 0.24
 0.16, 0.22, 0.16, 0.24
 0.16, 0.22, 0.16, 0.24
 0.16, 0.22, 0.16, 0.24
 0.16, 0.22, 0.16, 0.24
 0.16, 0.22, 0.16, 0.24
 0.16, 0.22, 0.16, 0.25
 0.16, 0.22, 0.16, 0.25
 0.16, 0.22, 0.16, 0.25
 0.16, 0.22, 0.16, 0.25
 0.16, 0.22, 0.16, 0.25
 0.16, 0.22, 0.16, 0.25
 0.16, 0.22, 0.16, 0.25
 0.16, 0.22, 0.16, 0.25
 0.16, 0.22, 0.17, 0.25
 0.16, 0.22, 0.17, 0.25
 0.16, 0.22, 0.17, 0.25
 0.16, 0.22, 0.17, 0.25
 0.16, 0.22, 0.17, 0.25
 0.16, 0.22, 0.17, 0.25
 0.16, 0.22, 0.17, 0.25
 0.16, 0.22, 0.17, 0.25
 0.16, 0.22, 0.17, 0.25
 0.16, 0.22, 0.17, 0.25
 0.16, 0.22, 0.17, 0.25
 0.16, 0.22, 0.17, 0.25
 0.16, 0.22, 0.17, 0.25
 0.16, 0.22, 0.17, 0.25
 0.16, 0.23, 0.17, 0.25
 0.16, 0.23, 0.17, 0.25
 0.16, 0.23, 0.17, 0.26
 0.16, 0.23, 0.17, 0.26
 0.16, 0.23, 0.17, 0.26
 0.16, 0.23, 0.17, 0.26
 0.16, 0.23, 0.17, 0.26
 0.16, 0.23, 0.17, 0.26
 0.16, 0.23, 0.17, 0.26
 0.16, 0.23, 0.17, 0.26
 0.16, 0.23, 0.17, 0.26
 0.16, 0.23, 0.17, 0.26
 0.16, 0.23, 0.17, 0.26
 0.16, 0.23, 0.17, 0.26
 0.16, 0.23, 0.17, 0.26
 0.16, 0.23, 0.17, 0.26
 0.16, 0.23, 0.17, 0.26
 0.16, 0.23, 0.18, 0.26
 0.16, 0.23, 0.18, 0.26
 0.16, 0.23, 0.18, 0.26
 0.16, 0.23, 0.18, 0.26
 0.16, 0.23, 0.18, 0.26
 0.16, 0.23, 0.18, 0.26
 0.16, 0.23, 0.18, 0.26
 0.16, 0.23, 0.18, 0.26
 0.16, 0.23, 0.18, 0.26
 0.16, 0.23, 0.18, 0.26
 0.16, 0.23, 0.18, 0.26
 0.16, 0.23, 0.18, 0.26
 0.16, 0.23, 0.18, 0.26
 0.16, 0.23, 0.18, 0.26
 0.16, 0.23, 0.18, 0.26
 0.16, 0.23, 0.18, 0.26
 0.16, 0.23, 0.18, 0.26
 0.15, 0.23, 0.18, 0.27
 0.15, 0.23, 0.18, 0.27
 0.15, 0.23, 0.18, 0.27
 0.15, 0.23, 0.18, 0.27
 0.15, 0.23, 0.18, 0.27
 0.15, 0.24, 0.18, 0.27
 0.15, 0.24, 0.18, 0.27
 0.15, 0.24, 0.18, 0.27
 0.15, 0.24, 0.18, 0.27
 0.15, 0.24, 0.18, 0.27
 0.15, 0.24, 0.18, 0.27
 0.15, 0.24, 0.18, 0.27
 0.15, 0.24, 0.18, 0.27
 0.15, 0.24, 0.18, 0.27
 0.15, 0.24, 0.18, 0.27
 0.15, 0.24, 0.19, 0.27
 0.15, 0.24, 0.19, 0.27
 0.15, 0.24, 0.19, 0.27
 0.15, 0.24, 0.19, 0.27
 0.15, 0.24, 0.19, 0.27
 0.15, 0.24, 0.19, 0.27
 0.15, 0.24, 0.19, 0.27
 0.15, 0.24, 0.19, 0.27
 0.15, 0.24, 0.19, 0.27
 0.15, 0.24, 0.19, 0.27
 0.15, 0.24, 0.19, 0.27
 0.15, 0.24, 0.19, 0.27
 0.15, 0.24, 0.19, 0.27
 0.15, 0.24, 0.19, 0.27
 0.15, 0.24, 0.19, 0.27
 0.15, 0.24, 0.19, 0.27
 0.15, 0.24, 0.19, 0.27
 0.15, 0.24, 0.19, 0.27
 0.15, 0.24, 0.19, 0.27
 0.15, 0.24, 0.19, 0.27
 0.15, 0.24, 0.19, 0.27
 0.15, 0.24, 0.19, 0.27
 0.15, 0.24, 0.19, 0.27
 0.15, 0.24, 0.19, 0.27
 0.15, 0.24, 0.19, 0.27
 0.15, 0.24, 0.19, 0.27
 0.15, 0.24, 0.19, 0.27
 0.15, 0.24, 0.19, 0.27
 0.15, 0.24, 0.19, 0.27
 0.15, 0.24, 0.19, 0.27
 0.15, 0.24, 0.19, 0.27
 0.15, 0.24, 0.20, 0.27
 0.15, 0.24, 0.20, 0.27
 0.15, 0.24, 0.20, 0.28
 0.15, 0.24, 0.20, 0.28
 0.15, 0.24, 0.20, 0.28
 0.15, 0.24, 0.20, 0.28
 0.15, 0.24, 0.20, 0.28
 0.15, 0.24, 0.20, 0.28
 0.15, 0.24, 0.20, 0.28
 0.15, 0.24, 0.20, 0.28
 0.15, 0.24, 0.20, 0.28
 0.15, 0.24, 0.20, 0.28
 0.15, 0.24, 0.20, 0.28
 0.15, 0.24, 0.20, 0.28
 0.15, 0.25, 0.20, 0.28
 0.15, 0.25, 0.20, 0.28
 0.15, 0.25, 0.20, 0.28
 0.15, 0.25, 0.20, 0.28
 0.15, 0.25, 0.20, 0.28
 0.15, 0.25, 0.20, 0.28
 0.15, 0.25, 0.20, 0.28
 0.15, 0.25, 0.20, 0.28
 0.15, 0.25, 0.20, 0.28
 0.15, 0.25, 0.20, 0.28
 0.15, 0.25, 0.20, 0.28
 0.15, 0.25, 0.20, 0.28
 0.15, 0.25, 0.20, 0.28
 0.15, 0.25, 0.20, 0.28
 0.15, 0.25, 0.20, 0.28
 0.15, 0.25, 0.20, 0.28
 0.15, 0.25, 0.20, 0.28
 0.15, 0.25, 0.20, 0.28
 0.15, 0.25, 0.20, 0.28
 0.15, 0.25, 0.21, 0.28
 0.15, 0.25, 0.21, 0.28
 0.15, 0.25, 0.21, 0.28
 0.15, 0.25, 0.21, 0.28
 0.15, 0.25, 0.21, 0.28
 0.15, 0.25, 0.21, 0.28
 0.15, 0.25, 0.21, 0.28
 0.15, 0.25, 0.21, 0.28
 0.15, 0.25, 0.21, 0.28
 0.15, 0.25, 0.21, 0.28
 0.15, 0.25, 0.21, 0.28
 0.15, 0.25, 0.21, 0.28
 0.15, 0.25, 0.21, 0.28
 0.15, 0.25, 0.21, 0.28
 0.15, 0.25, 0.21, 0.28
 0.15, 0.25, 0.21, 0.28
 0.15, 0.25, 0.21, 0.28
 0.15, 0.25, 0.21, 0.28
 0.15, 0.25, 0.21, 0.28
 0.15, 0.25, 0.21, 0.28
 0.15, 0.25, 0.21, 0.28
 0.15, 0.25, 0.21, 0.28
 0.15, 0.25, 0.21, 0.28
 0.14, 0.25, 0.21, 0.28
 0.14, 0.25, 0.21, 0.28
 0.14, 0.25, 0.21, 0.28
 0.14, 0.25, 0.21, 0.28
 0.14, 0.25, 0.21, 0.28
 0.14, 0.25, 0.21, 0.28
 0.14, 0.25, 0.21, 0.28
 0.14, 0.25, 0.21, 0.28
 0.14, 0.25, 0.21, 0.28
 0.14, 0.25, 0.22, 0.28
 0.14, 0.25, 0.22, 0.28
 0.14, 0.25, 0.22, 0.28
 0.14, 0.25, 0.22, 0.28
 0.14, 0.25, 0.22, 0.28
 0.14, 0.25, 0.22, 0.28
 0.14, 0.25, 0.22, 0.28
 0.14, 0.25, 0.22, 0.28
 0.14, 0.25, 0.22, 0.28
 0.14, 0.25, 0.22, 0.28
 0.14, 0.25, 0.22, 0.28
 0.14, 0.25, 0.22, 0.28
 0.14, 0.25, 0.22, 0.28
 0.14, 0.25, 0.22, 0.28
 0.14, 0.25, 0.22, 0.28
 0.14, 0.25, 0.22, 0.28
 0.14, 0.25, 0.22, 0.28
 0.14, 0.25, 0.22, 0.28
 0.14, 0.25, 0.22, 0.28
 0.14, 0.25, 0.22, 0.28
 0.14, 0.25, 0.22, 0.28
 0.14, 0.25, 0.22, 0.28
 0.14, 0.25, 0.22, 0.28
 0.14, 0.25, 0.22, 0.28
 0.14, 0.25, 0.22, 0.28
 0.14, 0.25, 0.22, 0.28
 0.14, 0.25, 0.22, 0.28
 0.14, 0.25, 0.22, 0.28
 0.14, 0.25, 0.22, 0.28
 0.14, 0.25, 0.22, 0.28
 0.14, 0.25, 0.22, 0.28
 0.14, 0.25, 0.22, 0.28
 0.14, 0.25, 0.22, 0.28
 0.14, 0.25, 0.23, 0.28
 0.14, 0.25, 0.23, 0.28
 0.14, 0.25, 0.23, 0.28
 0.14, 0.25, 0.23, 0.28
 0.14, 0.25, 0.23, 0.28
 0.14, 0.25, 0.23, 0.28
 0.14, 0.25, 0.23, 0.28
 0.14, 0.25, 0.23, 0.28
 0.14, 0.25, 0.23, 0.28
 0.14, 0.25, 0.23, 0.28
 0.14, 0.25, 0.23, 0.28
 0.14, 0.25, 0.23, 0.28
 0.14, 0.25, 0.23, 0.28
 0.14, 0.25, 0.23, 0.28
 0.14, 0.25, 0.23, 0.28
 0.14, 0.25, 0.23, 0.28
 0.14, 0.25, 0.23, 0.28
 0.14, 0.25, 0.23, 0.28
 0.14, 0.25, 0.23, 0.28
 0.14, 0.25, 0.23, 0.28
 0.14, 0.25, 0.23, 0.28
 0.14, 0.25, 0.23, 0.28
 0.14, 0.25, 0.23, 0.28
 0.14, 0.25, 0.23, 0.28
 0.14, 0.25, 0.23, 0.28
 0.14, 0.25, 0.23, 0.28
 0.14, 0.25, 0.23, 0.29
 0.14, 0.25, 0.23, 0.29
 0.14, 0.25, 0.23, 0.29
 0.14, 0.25, 0.23, 0.29
 0.14, 0.25, 0.23, 0.29
 0.14, 0.25, 0.23, 0.29
 0.14, 0.25, 0.23, 0.29
 0.14, 0.25, 0.23, 0.29
 0.14, 0.25, 0.24, 0.29
 0.14, 0.25, 0.24, 0.29
 0.14, 0.25, 0.24, 0.29
 0.14, 0.25, 0.24, 0.29
 0.14, 0.25, 0.24, 0.29
 0.14, 0.25, 0.24, 0.29
 0.14, 0.25, 0.24, 0.29
 0.14, 0.25, 0.24, 0.29
 0.14, 0.25, 0.24, 0.29
 0.14, 0.25, 0.24, 0.29
 0.14, 0.25, 0.24, 0.29
 0.14, 0.25, 0.24, 0.29
 0.14, 0.25, 0.24, 0.29
 0.14, 0.25, 0.24, 0.29
 0.14, 0.25, 0.24, 0.29
 0.14, 0.25, 0.24, 0.29
 0.14, 0.25, 0.24, 0.29
 0.14, 0.25, 0.24, 0.29
 0.14, 0.25, 0.24, 0.29
 0.14, 0.25, 0.24, 0.29
 0.14, 0.24, 0.24, 0.29
 0.14, 0.24, 0.24, 0.29
 0.14, 0.24, 0.24, 0.29
 0.14, 0.24, 0.24, 0.29
 0.14, 0.24, 0.24, 0.29
 0.14, 0.24, 0.24, 0.29
 0.14, 0.24, 0.24, 0.29
 0.14, 0.24, 0.24, 0.29
 0.14, 0.24, 0.24, 0.29
 0.14, 0.24, 0.24, 0.29
 0.14, 0.24, 0.24, 0.29
 0.14, 0.24, 0.24, 0.29
 0.14, 0.24, 0.24, 0.29
 0.13, 0.24, 0.24, 0.29
 0.13, 0.24, 0.25, 0.29
 0.13, 0.24, 0.25, 0.29
 0.13, 0.24, 0.25, 0.29
 0.13, 0.24, 0.25, 0.29
 0.13, 0.24, 0.25, 0.29
 0.13, 0.24, 0.25, 0.29
 0.13, 0.24, 0.25, 0.29
 0.13, 0.24, 0.25, 0.29
 0.13, 0.24, 0.25, 0.29
 0.13, 0.24, 0.25, 0.29
 0.13, 0.24, 0.25, 0.29
 0.13, 0.24, 0.25, 0.29
 0.13, 0.24, 0.25, 0.29
 0.13, 0.24, 0.25, 0.29
 0.13, 0.24, 0.25, 0.29
 0.13, 0.24, 0.25, 0.29
 0.13, 0.24, 0.25, 0.29
 0.13, 0.24, 0.25, 0.29
 0.13, 0.24, 0.25, 0.29
 0.13, 0.24, 0.25, 0.29
 0.13, 0.24, 0.25, 0.29
 0.13, 0.24, 0.25, 0.29
 0.13, 0.24, 0.25, 0.29
 0.13, 0.24, 0.25, 0.29
 0.13, 0.24, 0.25, 0.29
 0.13, 0.24, 0.25, 0.29
 0.13, 0.24, 0.25, 0.29
 0.13, 0.24, 0.25, 0.29
 0.13, 0.24, 0.25, 0.29
 0.13, 0.24, 0.25, 0.29
 0.13, 0.24, 0.25, 0.29
 0.13, 0.24, 0.25, 0.29
 0.13, 0.24, 0.25, 0.29
 0.13, 0.24, 0.25, 0.29
 0.13, 0.24, 0.26, 0.29
 0.13, 0.24, 0.26, 0.29
 0.13, 0.24, 0.26, 0.29
 0.13, 0.24, 0.26, 0.29
 0.13, 0.24, 0.26, 0.29
 0.13, 0.24, 0.26, 0.29
 0.13, 0.24, 0.26, 0.29
 0.13, 0.24, 0.26, 0.29
 0.13, 0.24, 0.26, 0.29
 0.13, 0.24, 0.26, 0.29
 0.13, 0.24, 0.26, 0.29
 0.13, 0.24, 0.26, 0.29
 0.13, 0.24, 0.26, 0.29
 0.13, 0.23, 0.26, 0.29
 0.13, 0.23, 0.26, 0.29
 0.13, 0.23, 0.26, 0.29
 0.13, 0.23, 0.26, 0.29
 0.13, 0.23, 0.26, 0.29
 0.13, 0.23, 0.26, 0.29
 0.13, 0.23, 0.26, 0.29
 0.13, 0.23, 0.26, 0.29
 0.13, 0.23, 0.26, 0.29
 0.13, 0.23, 0.26, 0.29
 0.13, 0.23, 0.26, 0.29
 0.13, 0.23, 0.26, 0.29
 0.13, 0.23, 0.26, 0.29
 0.13, 0.23, 0.26, 0.29
 0.13, 0.23, 0.26, 0.29
 0.13, 0.23, 0.26, 0.29
 0.13, 0.23, 0.26, 0.29
 0.13, 0.23, 0.26, 0.29
 0.13, 0.23, 0.26, 0.29
 0.13, 0.23, 0.26, 0.29
 0.13, 0.23, 0.26, 0.29
 0.13, 0.23, 0.26, 0.29
 0.13, 0.23, 0.27, 0.29
 0.13, 0.23, 0.27, 0.29
 0.13, 0.23, 0.27, 0.29
 0.13, 0.23, 0.27, 0.29
 0.13, 0.23, 0.27, 0.29
 0.13, 0.23, 0.27, 0.29
 0.13, 0.23, 0.27, 0.29
 0.13, 0.23, 0.27, 0.29
 0.13, 0.23, 0.27, 0.29
 0.13, 0.23, 0.27, 0.29
 0.13, 0.23, 0.27, 0.29
 0.13, 0.23, 0.27, 0.29
 0.13, 0.23, 0.27, 0.29
 0.13, 0.23, 0.27, 0.29
 0.13, 0.23, 0.27, 0.29
 0.13, 0.23, 0.27, 0.29
 0.13, 0.23, 0.27, 0.29
 0.13, 0.23, 0.27, 0.29
 0.13, 0.23, 0.27, 0.29
 0.13, 0.23, 0.27, 0.29
 0.13, 0.23, 0.27, 0.29
 0.13, 0.23, 0.27, 0.29
 0.13, 0.23, 0.27, 0.29
 0.13, 0.23, 0.27, 0.29
 0.13, 0.23, 0.27, 0.30
 0.13, 0.23, 0.27, 0.30
 0.13, 0.23, 0.27, 0.30
 0.13, 0.23, 0.27, 0.30
 0.13, 0.23, 0.27, 0.30
 0.13, 0.23, 0.27, 0.30
 0.13, 0.23, 0.27, 0.30
 0.13, 0.23, 0.27, 0.30
 0.13, 0.23, 0.27, 0.30
 0.13, 0.23, 0.27, 0.30
 0.13, 0.23, 0.27, 0.30
 0.13, 0.23, 0.27, 0.30
 0.13, 0.23, 0.28, 0.30
 0.13, 0.23, 0.28, 0.30
 0.13, 0.23, 0.28, 0.30
 0.13, 0.23, 0.28, 0.30
 0.13, 0.23, 0.28, 0.30
 0.13, 0.22, 0.28, 0.30
 0.13, 0.22, 0.28, 0.30
 0.13, 0.22, 0.28, 0.30
 0.13, 0.22, 0.28, 0.30
 0.13, 0.22, 0.28, 0.30
 0.13, 0.22, 0.28, 0.30
 0.12, 0.22, 0.28, 0.30
 0.12, 0.22, 0.28, 0.30
 0.12, 0.22, 0.28, 0.30
 0.12, 0.22, 0.28, 0.30
 0.12, 0.22, 0.28, 0.30
 0.12, 0.22, 0.28, 0.30
 0.12, 0.22, 0.28, 0.30
 0.12, 0.22, 0.28, 0.30
 0.12, 0.22, 0.28, 0.30
 0.12, 0.22, 0.28, 0.30
 0.12, 0.22, 0.28, 0.30
 0.12, 0.22, 0.28, 0.30
 0.12, 0.22, 0.28, 0.30
 0.12, 0.22, 0.28, 0.30
 0.12, 0.22, 0.28, 0.30
 0.12, 0.22, 0.28, 0.30
 0.12, 0.22, 0.28, 0.30
 0.12, 0.22, 0.28, 0.30
 0.12, 0.22, 0.28, 0.30
 0.12, 0.22, 0.28, 0.30
 0.12, 0.22, 0.28, 0.30
 0.12, 0.22, 0.28, 0.30
 0.12, 0.22, 0.28, 0.30
 0.12, 0.22, 0.28, 0.30
 0.12, 0.22, 0.29, 0.30
 0.12, 0.22, 0.29, 0.30
 0.12, 0.22, 0.29, 0.30
 0.12, 0.22, 0.29, 0.30
 0.12, 0.22, 0.29, 0.30
 0.12, 0.22, 0.29, 0.30
 0.12, 0.22, 0.29, 0.30
 0.12, 0.22, 0.29, 0.30
 0.12, 0.22, 0.29, 0.30
 0.12, 0.22, 0.29, 0.30
 0.12, 0.22, 0.29, 0.30
 0.12, 0.22, 0.29, 0.30
 0.12, 0.22, 0.29, 0.30
 0.12, 0.22, 0.29, 0.30
 0.12, 0.22, 0.29, 0.30
 0.12, 0.22, 0.29, 0.30
 0.12, 0.22, 0.29, 0.30
 0.12, 0.22, 0.29, 0.30
 0.12, 0.22, 0.29, 0.30
 0.12, 0.22, 0.29, 0.30
 0.12, 0.22, 0.29, 0.31
 0.12, 0.22, 0.29, 0.31
 0.12, 0.22, 0.29, 0.31
 0.12, 0.22, 0.29, 0.31
 0.12, 0.22, 0.29, 0.31
 0.12, 0.22, 0.29, 0.31
 0.12, 0.22, 0.29, 0.31
 0.12, 0.22, 0.29, 0.31
 0.12, 0.22, 0.29, 0.31
 0.12, 0.22, 0.29, 0.31
 0.12, 0.22, 0.29, 0.31
 0.12, 0.22, 0.29, 0.31
 0.12, 0.22, 0.29, 0.31
 0.12, 0.22, 0.29, 0.31
 0.12, 0.22, 0.29, 0.31
 0.12, 0.21, 0.29, 0.31
 0.12, 0.21, 0.29, 0.31
 0.12, 0.21, 0.30, 0.31
 0.12, 0.21, 0.30, 0.31
 0.12, 0.21, 0.30, 0.31
 0.12, 0.21, 0.30, 0.31
 0.12, 0.21, 0.30, 0.31
 0.12, 0.21, 0.30, 0.31
 0.12, 0.21, 0.30, 0.31
 0.12, 0.21, 0.30, 0.31
 0.12, 0.21, 0.30, 0.31
 0.12, 0.21, 0.30, 0.31
 0.12, 0.21, 0.30, 0.31
 0.12, 0.21, 0.30, 0.31
 0.12, 0.21, 0.30, 0.31
 0.12, 0.21, 0.30, 0.31
 0.12, 0.21, 0.30, 0.31
 0.12, 0.21, 0.30, 0.31
 0.12, 0.21, 0.30, 0.31
 0.12, 0.21, 0.30, 0.31
 0.12, 0.21, 0.30, 0.31
 0.12, 0.21, 0.30, 0.31
 0.12, 0.21, 0.30, 0.31
 0.12, 0.21, 0.30, 0.31
 0.12, 0.21, 0.30, 0.31
 0.12, 0.21, 0.30, 0.31
 0.12, 0.21, 0.30, 0.31
 0.12, 0.21, 0.30, 0.31
 0.12, 0.21, 0.30, 0.31
 0.12, 0.21, 0.30, 0.31
 0.12, 0.21, 0.30, 0.31
 0.12, 0.21, 0.30, 0.31
 0.12, 0.21, 0.30, 0.31
 0.12, 0.21, 0.30, 0.31
 0.12, 0.21, 0.30, 0.32
 0.12, 0.21, 0.30, 0.32
 0.12, 0.21, 0.30, 0.32
 0.12, 0.21, 0.30, 0.32
 0.12, 0.21, 0.30, 0.32
 0.12, 0.21, 0.31, 0.32
 0.12, 0.21, 0.31, 0.32
 0.12, 0.21, 0.31, 0.32
 0.12, 0.21, 0.31, 0.32
 0.12, 0.21, 0.31, 0.32
 0.12, 0.21, 0.31, 0.32
 0.12, 0.21, 0.31, 0.32
 0.12, 0.21, 0.31, 0.32
 0.12, 0.21, 0.31, 0.32
 0.12, 0.21, 0.31, 0.32
 0.12, 0.21, 0.31, 0.32
 0.12, 0.21, 0.31, 0.32
 0.12, 0.21, 0.31, 0.32
 0.12, 0.21, 0.31, 0.32
 0.12, 0.21, 0.31, 0.32
 0.12, 0.21, 0.31, 0.32
 0.12, 0.21, 0.31, 0.32
 0.12, 0.21, 0.31, 0.32
 0.12, 0.21, 0.31, 0.32
 0.12, 0.21, 0.31, 0.32
 0.12, 0.21, 0.31, 0.32
 0.12, 0.21, 0.31, 0.32
 0.12, 0.21, 0.31, 0.32
 0.12, 0.21, 0.31, 0.32
 0.12, 0.21, 0.31, 0.32
 0.12, 0.21, 0.31, 0.32
 0.12, 0.21, 0.31, 0.32
 0.12, 0.21, 0.31, 0.32
 0.12, 0.21, 0.31, 0.32
 0.11, 0.20, 0.31, 0.32
 0.11, 0.20, 0.31, 0.32
 0.11, 0.20, 0.31, 0.32
 0.11, 0.20, 0.31, 0.32
 0.11, 0.20, 0.31, 0.32
 0.11, 0.20, 0.31, 0.32
 0.11, 0.20, 0.31, 0.33
 0.11, 0.20, 0.31, 0.33
 0.11, 0.20, 0.32, 0.33
 0.11, 0.20, 0.32, 0.33
 0.11, 0.20, 0.32, 0.33
 0.11, 0.20, 0.32, 0.33
 0.11, 0.20, 0.32, 0.33
 0.11, 0.20, 0.32, 0.33
 0.11, 0.20, 0.32, 0.33
 0.11, 0.20, 0.32, 0.33
 0.11, 0.20, 0.32, 0.33
 0.11, 0.20, 0.32, 0.33
 0.11, 0.20, 0.32, 0.33
 0.11, 0.20, 0.32, 0.33
 0.11, 0.20, 0.32, 0.33
 0.11, 0.20, 0.32, 0.33
 0.11, 0.20, 0.32, 0.33
 0.11, 0.20, 0.32, 0.33
 0.11, 0.20, 0.32, 0.33
 0.11, 0.20, 0.32, 0.33
 0.11, 0.20, 0.32, 0.33
 0.11, 0.20, 0.32, 0.33
 0.11, 0.20, 0.32, 0.33
 0.11, 0.20, 0.32, 0.33
 0.11, 0.20, 0.32, 0.33
 0.11, 0.20, 0.32, 0.33
 0.11, 0.20, 0.32, 0.33
 0.11, 0.20, 0.32, 0.33
 0.11, 0.20, 0.32, 0.33
 0.11, 0.20, 0.32, 0.33
 0.11, 0.20, 0.32, 0.33
 0.11, 0.20, 0.32, 0.33
 0.11, 0.20, 0.32, 0.33
 0.11, 0.20, 0.32, 0.33
 0.11, 0.20, 0.32, 0.33
 0.11, 0.20, 0.32, 0.33
 0.11, 0.20, 0.32, 0.34
 0.11, 0.20, 0.32, 0.34
 0.11, 0.20, 0.32, 0.34
 0.11, 0.20, 0.32, 0.34
 0.11, 0.20, 0.33, 0.34
 0.11, 0.20, 0.33, 0.34
 0.11, 0.20, 0.33, 0.34
 0.11, 0.20, 0.33, 0.34
 0.11, 0.20, 0.33, 0.34
 0.11, 0.20, 0.33, 0.34
 0.11, 0.20, 0.33, 0.34
 0.11, 0.20, 0.33, 0.34
 0.11, 0.20, 0.33, 0.34
 0.11, 0.20, 0.33, 0.34
 0.11, 0.20, 0.33, 0.34
 0.11, 0.20, 0.33, 0.34
 0.11, 0.20, 0.33, 0.34
 0.11, 0.20, 0.33, 0.34
 0.11, 0.20, 0.33, 0.34
 0.11, 0.20, 0.33, 0.34
 0.11, 0.20, 0.33, 0.34
 0.11, 0.20, 0.33, 0.34
 0.11, 0.20, 0.33, 0.34
 0.11, 0.20, 0.33, 0.34
 0.11, 0.20, 0.33, 0.34
 0.11, 0.20, 0.33, 0.34
 0.11, 0.20, 0.33, 0.34
 0.11, 0.20, 0.33, 0.34
 0.11, 0.20, 0.33, 0.34
 0.11, 0.20, 0.33, 0.34
 0.11, 0.19, 0.33, 0.34
 0.11, 0.19, 0.33, 0.35
 0.11, 0.19, 0.33, 0.35
 0.11, 0.19, 0.33, 0.35
 0.11, 0.19, 0.33, 0.35
 0.11, 0.19, 0.33, 0.35
 0.11, 0.19, 0.33, 0.35
 0.11, 0.19, 0.33, 0.35
 0.11, 0.19, 0.33, 0.35
 0.11, 0.19, 0.33, 0.35
 0.11, 0.19, 0.33, 0.35
 0.11, 0.19, 0.33, 0.35
 0.11, 0.19, 0.33, 0.35
 0.11, 0.19, 0.34, 0.35
 0.11, 0.19, 0.34, 0.35
 0.11, 0.19, 0.34, 0.35
 0.11, 0.19, 0.34, 0.35
 0.11, 0.19, 0.34, 0.35
 0.11, 0.19, 0.34, 0.35
 0.11, 0.19, 0.34, 0.35
 0.11, 0.19, 0.34, 0.35
 0.11, 0.19, 0.34, 0.35
 0.11, 0.19, 0.34, 0.35
 0.11, 0.19, 0.34, 0.35
 0.11, 0.19, 0.34, 0.35
 0.11, 0.19, 0.34, 0.35
 0.11, 0.19, 0.34, 0.35
 0.11, 0.19, 0.34, 0.35
 0.11, 0.19, 0.34, 0.35
 0.11, 0.19, 0.34, 0.35
 0.11, 0.19, 0.34, 0.36
 0.11, 0.19, 0.34, 0.36
 0.11, 0.19, 0.34, 0.36
 0.11, 0.19, 0.34, 0.36
 0.11, 0.19, 0.34, 0.36
 0.11, 0.19, 0.34, 0.36
 0.11, 0.19, 0.34, 0.36
 0.11, 0.19, 0.34, 0.36
 0.11, 0.19, 0.34, 0.36
 0.11, 0.19, 0.34, 0.36
 0.11, 0.19, 0.34, 0.36
 0.11, 0.19, 0.34, 0.36
 0.11, 0.19, 0.34, 0.36
 0.11, 0.19, 0.34, 0.36
 0.11, 0.19, 0.34, 0.36
 0.11, 0.19, 0.34, 0.36
 0.11, 0.19, 0.34, 0.36
 0.11, 0.19, 0.34, 0.36
 0.11, 0.19, 0.34, 0.36
 0.11, 0.19, 0.34, 0.36
 0.11, 0.19, 0.34, 0.36
 0.11, 0.19, 0.34, 0.36
 0.11, 0.19, 0.35, 0.36
 0.11, 0.19, 0.35, 0.36
 0.11, 0.19, 0.35, 0.36
 0.11, 0.19, 0.35, 0.37
 0.11, 0.19, 0.35, 0.37
 0.11, 0.19, 0.35, 0.37
 0.11, 0.19, 0.35, 0.37
 0.11, 0.19, 0.35, 0.37
 0.11, 0.19, 0.35, 0.37
 0.11, 0.19, 0.35, 0.37
 0.11, 0.19, 0.35, 0.37
 0.11, 0.19, 0.35, 0.37
 0.11, 0.19, 0.35, 0.37
 0.11, 0.19, 0.35, 0.37
 0.11, 0.19, 0.35, 0.37
 0.10, 0.19, 0.35, 0.37
 0.10, 0.19, 0.35, 0.37
 0.10, 0.19, 0.35, 0.37
 0.10, 0.19, 0.35, 0.37
 0.10, 0.19, 0.35, 0.37
 0.10, 0.19, 0.35, 0.37
 0.10, 0.19, 0.35, 0.37
 0.10, 0.19, 0.35, 0.37
 0.10, 0.18, 0.35, 0.37
 0.10, 0.18, 0.35, 0.37
 0.10, 0.18, 0.35, 0.37
 0.10, 0.18, 0.35, 0.37
 0.10, 0.18, 0.35, 0.37
 0.10, 0.18, 0.35, 0.37
 0.10, 0.18, 0.35, 0.38
 0.10, 0.18, 0.35, 0.38
 0.10, 0.18, 0.35, 0.38
 0.10, 0.18, 0.35, 0.38
 0.10, 0.18, 0.35, 0.38
 0.10, 0.18, 0.35, 0.38
 0.10, 0.18, 0.35, 0.38
 0.10, 0.18, 0.35, 0.38
 0.10, 0.18, 0.35, 0.38
 0.10, 0.18, 0.35, 0.38
 0.10, 0.18, 0.36, 0.38
 0.10, 0.18, 0.36, 0.38
 0.10, 0.18, 0.36, 0.38
 0.10, 0.18, 0.36, 0.38
 0.10, 0.18, 0.36, 0.38
 0.10, 0.18, 0.36, 0.38
 0.10, 0.18, 0.36, 0.38
 0.10, 0.18, 0.36, 0.38
 0.10, 0.18, 0.36, 0.38
 0.10, 0.18, 0.36, 0.38
 0.10, 0.18, 0.36, 0.38
 0.10, 0.18, 0.36, 0.38
 0.10, 0.18, 0.36, 0.38
 0.10, 0.18, 0.36, 0.38
 0.10, 0.18, 0.36, 0.38
 0.10, 0.18, 0.36, 0.38
 0.10, 0.18, 0.36, 0.39
 0.10, 0.18, 0.36, 0.39
 0.10, 0.18, 0.36, 0.39
 0.10, 0.18, 0.36, 0.39
 0.10, 0.18, 0.36, 0.39
 0.10, 0.18, 0.36, 0.39
 0.10, 0.18, 0.36, 0.39
 0.10, 0.18, 0.36, 0.39
 0.10, 0.18, 0.36, 0.39
 0.10, 0.18, 0.36, 0.39
 0.10, 0.18, 0.36, 0.39
 0.10, 0.18, 0.36, 0.39
 0.10, 0.18, 0.36, 0.39
 0.10, 0.18, 0.36, 0.39
 0.10, 0.18, 0.36, 0.39
 0.10, 0.18, 0.36, 0.39
 0.10, 0.18, 0.36, 0.39
 0.10, 0.18, 0.36, 0.39
 0.10, 0.18, 0.36, 0.39
 0.10, 0.18, 0.36, 0.39
 0.10, 0.18, 0.36, 0.39
 0.10, 0.18, 0.36, 0.39
 0.10, 0.18, 0.36, 0.39
 0.10, 0.18, 0.36, 0.39
 0.10, 0.18, 0.36, 0.39
 0.10, 0.18, 0.37, 0.39
 0.10, 0.18, 0.37, 0.39
 0.10, 0.18, 0.37, 0.40
 0.10, 0.18, 0.37, 0.40
 0.10, 0.18, 0.37, 0.40
 0.10, 0.18, 0.37, 0.40
 0.10, 0.18, 0.37, 0.40
 0.10, 0.18, 0.37, 0.40
 0.10, 0.18, 0.37, 0.40
 0.10, 0.18, 0.37, 0.40
 0.10, 0.18, 0.37, 0.40
 0.10, 0.18, 0.37, 0.40
 0.10, 0.18, 0.37, 0.40
 0.10, 0.18, 0.37, 0.40
 0.10, 0.18, 0.37, 0.40
 0.10, 0.18, 0.37, 0.40
 0.10, 0.18, 0.37, 0.40
 0.10, 0.18, 0.37, 0.40
 0.10, 0.18, 0.37, 0.40
 0.10, 0.18, 0.37, 0.40
 0.10, 0.18, 0.37, 0.40
 0.10, 0.18, 0.37, 0.40
 0.10, 0.18, 0.37, 0.40
 0.10, 0.17, 0.37, 0.40
 0.10, 0.17, 0.37, 0.40
 0.10, 0.17, 0.37, 0.40
 0.10, 0.17, 0.37, 0.40
 0.10, 0.17, 0.37, 0.40
 0.10, 0.17, 0.37, 0.40
 0.10, 0.17, 0.37, 0.41
 0.10, 0.17, 0.37, 0.41
 0.10, 0.17, 0.37, 0.41
 0.10, 0.17, 0.37, 0.41
 0.10, 0.17, 0.37, 0.41
 0.10, 0.17, 0.37, 0.41
 0.10, 0.17, 0.37, 0.41
 0.10, 0.17, 0.37, 0.41
 0.10, 0.17, 0.37, 0.41
 0.10, 0.17, 0.37, 0.41
 0.10, 0.17, 0.37, 0.41
 0.10, 0.17, 0.37, 0.41
 0.10, 0.17, 0.37, 0.41
 0.10, 0.17, 0.38, 0.41
 0.10, 0.17, 0.38, 0.41
 0.10, 0.17, 0.38, 0.41
 0.10, 0.17, 0.38, 0.41
 0.10, 0.17, 0.38, 0.41
 0.10, 0.17, 0.38, 0.41
 0.10, 0.17, 0.38, 0.41
 0.10, 0.17, 0.38, 0.41
 0.10, 0.17, 0.38, 0.41
 0.10, 0.17, 0.38, 0.41
 0.10, 0.17, 0.38, 0.41
 0.10, 0.17, 0.38, 0.41
 0.10, 0.17, 0.38, 0.41
 0.10, 0.17, 0.38, 0.41
 0.10, 0.17, 0.38, 0.41
 0.10, 0.17, 0.38, 0.42
 0.10, 0.17, 0.38, 0.42
 0.10, 0.17, 0.38, 0.42
 0.10, 0.17, 0.38, 0.42
 0.10, 0.17, 0.38, 0.42
 0.10, 0.17, 0.38, 0.42
 0.10, 0.17, 0.38, 0.42
 0.10, 0.17, 0.38, 0.42
 0.10, 0.17, 0.38, 0.42
 0.10, 0.17, 0.38, 0.42
 0.10, 0.17, 0.38, 0.42
 0.10, 0.17, 0.38, 0.42
 0.10, 0.17, 0.38, 0.42
 0.10, 0.17, 0.38, 0.42
 0.10, 0.17, 0.38, 0.42
 0.10, 0.17, 0.38, 0.42
 0.10, 0.17, 0.38, 0.42
 0.10, 0.17, 0.38, 0.42
 0.10, 0.17, 0.38, 0.42
 0.10, 0.17, 0.38, 0.42
 0.10, 0.17, 0.38, 0.42
 0.10, 0.17, 0.38, 0.42
 0.10, 0.17, 0.38, 0.42
 0.10, 0.17, 0.38, 0.42
 0.10, 0.17, 0.38, 0.42
 0.10, 0.17, 0.38, 0.42
 0.10, 0.17, 0.38, 0.42
 0.10, 0.17, 0.38, 0.42
 0.10, 0.17, 0.38, 0.43
 0.10, 0.17, 0.38, 0.43
 0.09, 0.17, 0.38, 0.43
 0.09, 0.17, 0.38, 0.43
 0.09, 0.17, 0.38, 0.43
 0.09, 0.17, 0.38, 0.43
 0.09, 0.17, 0.38, 0.43
 0.09, 0.17, 0.38, 0.43
 0.09, 0.17, 0.38, 0.43
 0.09, 0.17, 0.38, 0.43
 0.09, 0.17, 0.38, 0.43
 0.09, 0.17, 0.38, 0.43
 0.09, 0.17, 0.38, 0.43
 0.09, 0.17, 0.38, 0.43
 0.09, 0.17, 0.38, 0.43
 0.09, 0.17, 0.38, 0.43
 0.09, 0.17, 0.39, 0.43
 0.09, 0.17, 0.39, 0.43
 0.09, 0.17, 0.39, 0.43
 0.09, 0.17, 0.39, 0.43
 0.09, 0.17, 0.39, 0.43
 0.09, 0.17, 0.39, 0.43
 0.09, 0.16, 0.39, 0.43
 0.09, 0.16, 0.39, 0.43
 0.09, 0.16, 0.39, 0.43
 0.09, 0.16, 0.39, 0.43
 0.09, 0.16, 0.39, 0.43
 0.09, 0.16, 0.39, 0.43
 0.09, 0.16, 0.39, 0.44
 0.09, 0.16, 0.39, 0.44
 0.09, 0.16, 0.39, 0.44
 0.09, 0.16, 0.39, 0.44
 0.09, 0.16, 0.39, 0.44
 0.09, 0.16, 0.39, 0.44
 0.09, 0.16, 0.39, 0.44
 0.09, 0.16, 0.39, 0.44
 0.09, 0.16, 0.39, 0.44
 0.09, 0.16, 0.39, 0.44
 0.09, 0.16, 0.39, 0.44
 0.09, 0.16, 0.39, 0.44
 0.09, 0.16, 0.39, 0.44
 0.09, 0.16, 0.39, 0.44
 0.09, 0.16, 0.39, 0.44
 0.09, 0.16, 0.39, 0.44
 0.09, 0.16, 0.39, 0.44
 0.09, 0.16, 0.39, 0.44
 0.09, 0.16, 0.39, 0.44
 0.09, 0.16, 0.39, 0.44
 0.09, 0.16, 0.39, 0.44
 0.09, 0.16, 0.39, 0.44
 0.09, 0.16, 0.39, 0.44
 0.09, 0.16, 0.39, 0.44
 0.09, 0.16, 0.39, 0.44
 0.09, 0.16, 0.39, 0.44
 0.09, 0.16, 0.39, 0.44
 0.09, 0.16, 0.39, 0.44
 0.09, 0.16, 0.39, 0.44
 0.09, 0.16, 0.39, 0.45
 0.09, 0.16, 0.39, 0.45
 0.09, 0.16, 0.39, 0.45
 0.09, 0.16, 0.39, 0.45
 0.09, 0.16, 0.39, 0.45
 0.09, 0.16, 0.39, 0.45
 0.09, 0.16, 0.39, 0.45
 0.09, 0.16, 0.39, 0.45
 0.09, 0.16, 0.39, 0.45
 0.09, 0.16, 0.39, 0.45
 0.09, 0.16, 0.39, 0.45
 0.09, 0.16, 0.39, 0.45
 0.09, 0.16, 0.39, 0.45
 0.09, 0.16, 0.39, 0.45
 0.09, 0.16, 0.39, 0.45
 0.09, 0.16, 0.39, 0.45
 0.09, 0.16, 0.39, 0.45
 0.09, 0.16, 0.39, 0.45
 0.09, 0.16, 0.39, 0.45
 0.09, 0.16, 0.39, 0.45
 0.09, 0.16, 0.39, 0.45
 0.09, 0.16, 0.39, 0.45
 0.09, 0.16, 0.39, 0.45
 0.09, 0.16, 0.39, 0.45
 0.09, 0.16, 0.39, 0.45
 0.09, 0.16, 0.39, 0.45
 0.09, 0.16, 0.39, 0.45
 0.09, 0.16, 0.39, 0.45
 0.09, 0.16, 0.39, 0.45
 0.09, 0.16, 0.39, 0.45
 0.09, 0.16, 0.39, 0.46
 0.09, 0.16, 0.39, 0.46
 0.09, 0.16, 0.39, 0.46
 0.09, 0.16, 0.39, 0.46
 0.09, 0.16, 0.39, 0.46
 0.09, 0.16, 0.39, 0.46
 0.09, 0.16, 0.39, 0.46
 0.09, 0.16, 0.39, 0.46
 0.09, 0.16, 0.39, 0.46
 0.09, 0.16, 0.39, 0.46
 0.09, 0.16, 0.39, 0.46
 0.09, 0.16, 0.39, 0.46
 0.09, 0.16, 0.39, 0.46
 0.09, 0.16, 0.39, 0.46
 0.09, 0.16, 0.39, 0.46
 0.09, 0.16, 0.39, 0.46
 0.09, 0.16, 0.39, 0.46
 0.09, 0.16, 0.39, 0.46
 0.09, 0.16, 0.39, 0.46
 0.09, 0.16, 0.39, 0.46
 0.09, 0.16, 0.39, 0.46
 0.09, 0.16, 0.39, 0.46
 0.09, 0.16, 0.39, 0.46
 0.09, 0.16, 0.39, 0.46
 0.09, 0.16, 0.39, 0.46
 0.09, 0.15, 0.39, 0.46
 0.09, 0.15, 0.39, 0.46
 0.09, 0.15, 0.39, 0.46
 0.09, 0.15, 0.39, 0.46
 0.09, 0.15, 0.39, 0.46
 0.09, 0.15, 0.39, 0.47
 0.09, 0.15, 0.39, 0.47
 0.09, 0.15, 0.39, 0.47
 0.09, 0.15, 0.39, 0.47
 0.09, 0.15, 0.39, 0.47
 0.09, 0.15, 0.39, 0.47
 0.09, 0.15, 0.39, 0.47
 0.09, 0.15, 0.39, 0.47
 0.09, 0.15, 0.39, 0.47
 0.09, 0.15, 0.39, 0.47
 0.09, 0.15, 0.39, 0.47
 0.09, 0.15, 0.39, 0.47
 0.09, 0.15, 0.39, 0.47
 0.09, 0.15, 0.39, 0.47
 0.09, 0.15, 0.39, 0.47
 0.09, 0.15, 0.39, 0.47
 0.09, 0.15, 0.39, 0.47
 0.09, 0.15, 0.39, 0.47
 0.09, 0.15, 0.39, 0.47
 0.09, 0.15, 0.39, 0.47
 0.09, 0.15, 0.39, 0.47
 0.09, 0.15, 0.39, 0.47
 0.09, 0.15, 0.39, 0.47
 0.09, 0.15, 0.39, 0.47
 0.09, 0.15, 0.39, 0.47
 0.09, 0.15, 0.39, 0.47
 0.09, 0.15, 0.39, 0.47
 0.09, 0.15, 0.39, 0.47
 0.09, 0.15, 0.39, 0.47
 0.09, 0.15, 0.39, 0.47
 0.09, 0.15, 0.39, 0.47
 0.09, 0.15, 0.39, 0.48
 0.09, 0.15, 0.39, 0.48
 0.09, 0.15, 0.39, 0.48
 0.09, 0.15, 0.39, 0.48
 0.09, 0.15, 0.39, 0.48
 0.09, 0.15, 0.39, 0.48
 0.09, 0.15, 0.39, 0.48
 0.09, 0.15, 0.39, 0.48
 0.09, 0.15, 0.39, 0.48
 0.09, 0.15, 0.39, 0.48
 0.09, 0.15, 0.39, 0.48
 0.09, 0.15, 0.39, 0.48
 0.09, 0.15, 0.39, 0.48
 0.09, 0.15, 0.39, 0.48
 0.09, 0.15, 0.39, 0.48
 0.09, 0.15, 0.39, 0.48
 0.09, 0.15, 0.39, 0.48
 0.09, 0.15, 0.39, 0.48
 0.09, 0.15, 0.39, 0.48
 0.09, 0.15, 0.39, 0.48
 0.09, 0.15, 0.39, 0.48
 0.09, 0.15, 0.39, 0.48
 0.09, 0.15, 0.39, 0.48
 0.09, 0.15, 0.39, 0.48
 0.08, 0.15, 0.39, 0.48
 0.08, 0.15, 0.39, 0.48
 0.08, 0.15, 0.39, 0.48
 0.08, 0.15, 0.39, 0.48
 0.08, 0.15, 0.39, 0.48
 0.08, 0.15, 0.39, 0.48
 0.08, 0.15, 0.39, 0.48
 0.08, 0.15, 0.39, 0.49
 0.08, 0.15, 0.39, 0.49
 0.08, 0.15, 0.39, 0.49
 0.08, 0.15, 0.39, 0.49
 0.08, 0.15, 0.39, 0.49
 0.08, 0.15, 0.39, 0.49
 0.08, 0.15, 0.39, 0.49
 0.08, 0.15, 0.39, 0.49
 0.08, 0.15, 0.39, 0.49
 0.08, 0.15, 0.39, 0.49
 0.08, 0.15, 0.39, 0.49
 0.08, 0.15, 0.39, 0.49
 0.08, 0.15, 0.39, 0.49
 0.08, 0.15, 0.39, 0.49
 0.08, 0.15, 0.39, 0.49
 0.08, 0.15, 0.39, 0.49
 0.08, 0.15, 0.39, 0.49
 0.08, 0.15, 0.39, 0.49
 0.08, 0.15, 0.39, 0.49
 0.08, 0.15, 0.39, 0.49
 0.08, 0.15, 0.39, 0.49
 0.08, 0.15, 0.39, 0.49
 0.08, 0.15, 0.39, 0.49
 0.08, 0.15, 0.39, 0.49
 0.08, 0.15, 0.39, 0.49
 0.08, 0.15, 0.39, 0.49
 0.08, 0.15, 0.39, 0.49
 0.08, 0.15, 0.39, 0.49
 0.08, 0.14, 0.39, 0.49
 0.08, 0.14, 0.39, 0.49
 0.08, 0.14, 0.39, 0.49
 0.08, 0.14, 0.39, 0.49
 0.08, 0.14, 0.39, 0.50
 0.08, 0.14, 0.39, 0.50
 0.08, 0.14, 0.39, 0.50
 0.08, 0.14, 0.39, 0.50
 0.08, 0.14, 0.39, 0.50
 0.08, 0.14, 0.39, 0.50
 0.08, 0.14, 0.39, 0.50
 0.08, 0.14, 0.39, 0.50
 0.08, 0.14, 0.39, 0.50
 0.08, 0.14, 0.39, 0.50
 0.08, 0.14, 0.39, 0.50
 0.08, 0.14, 0.39, 0.50
 0.08, 0.14, 0.39, 0.50
 0.08, 0.14, 0.39, 0.50
 0.08, 0.14, 0.39, 0.50
 0.08, 0.14, 0.39, 0.50
 0.08, 0.14, 0.39, 0.50
 0.08, 0.14, 0.39, 0.50
 0.08, 0.14, 0.39, 0.50
 0.08, 0.14, 0.39, 0.50
 0.08, 0.14, 0.39, 0.50
 0.08, 0.14, 0.39, 0.50
 0.08, 0.14, 0.39, 0.50
 0.08, 0.14, 0.39, 0.50
 0.08, 0.14, 0.39, 0.50
 0.08, 0.14, 0.39, 0.50
 0.08, 0.14, 0.39, 0.50
 0.08, 0.14, 0.39, 0.50
 0.08, 0.14, 0.39, 0.50
 0.08, 0.14, 0.39, 0.50
 0.08, 0.14, 0.39, 0.50
 0.08, 0.14, 0.39, 0.50
 0.08, 0.14, 0.39, 0.51
 0.08, 0.14, 0.39, 0.51
 0.08, 0.14, 0.39, 0.51
 0.08, 0.14, 0.39, 0.51
 0.08, 0.14, 0.39, 0.51
 0.08, 0.14, 0.39, 0.51
 0.08, 0.14, 0.39, 0.51
 0.08, 0.14, 0.39, 0.51
 0.08, 0.14, 0.39, 0.51
 0.08, 0.14, 0.39, 0.51
 0.08, 0.14, 0.39, 0.51
 0.08, 0.14, 0.39, 0.51
 0.08, 0.14, 0.39, 0.51
 0.08, 0.14, 0.39, 0.51
 0.08, 0.14, 0.39, 0.51
 0.08, 0.14, 0.39, 0.51
 0.08, 0.14, 0.39, 0.51
 0.08, 0.14, 0.39, 0.51
 0.08, 0.14, 0.39, 0.51
 0.08, 0.14, 0.39, 0.51
 0.08, 0.14, 0.39, 0.51
 0.08, 0.14, 0.39, 0.51
 0.08, 0.14, 0.39, 0.51
 0.08, 0.14, 0.39, 0.51
 0.08, 0.14, 0.39, 0.51
 0.08, 0.14, 0.39, 0.51
 0.08, 0.14, 0.39, 0.51
 0.08, 0.14, 0.39, 0.51
 0.08, 0.14, 0.39, 0.51
 0.08, 0.14, 0.39, 0.51
 0.08, 0.14, 0.39, 0.51
 0.08, 0.14, 0.39, 0.51
 0.08, 0.14, 0.39, 0.51
 0.08, 0.14, 0.39, 0.51
 0.08, 0.14, 0.39, 0.52
 0.08, 0.14, 0.39, 0.52
 0.08, 0.14, 0.39, 0.52
 0.08, 0.14, 0.39, 0.52
 0.08, 0.14, 0.39, 0.52
 0.08, 0.14, 0.39, 0.52
 0.08, 0.14, 0.39, 0.52
 0.08, 0.14, 0.39, 0.52
 0.08, 0.14, 0.39, 0.52
 0.08, 0.14, 0.39, 0.52
 0.08, 0.14, 0.38, 0.52
 0.08, 0.14, 0.38, 0.52
 0.08, 0.14, 0.38, 0.52
 0.08, 0.14, 0.38, 0.52
 0.08, 0.14, 0.38, 0.52
 0.08, 0.14, 0.38, 0.52
 0.08, 0.14, 0.38, 0.52
 0.08, 0.14, 0.38, 0.52
 0.08, 0.14, 0.38, 0.52
 0.08, 0.14, 0.38, 0.52
 0.08, 0.14, 0.38, 0.52
 0.08, 0.14, 0.38, 0.52
 0.08, 0.14, 0.38, 0.52
 0.08, 0.14, 0.38, 0.52
 0.08, 0.14, 0.38, 0.52
 0.08, 0.14, 0.38, 0.52
 0.08, 0.14, 0.38, 0.52
 0.08, 0.14, 0.38, 0.52
 0.08, 0.14, 0.38, 0.52
 0.08, 0.14, 0.38, 0.52
 0.08, 0.14, 0.38, 0.52
 0.08, 0.14, 0.38, 0.52
 0.08, 0.14, 0.38, 0.52
 0.08, 0.13, 0.38, 0.52
 0.08, 0.13, 0.38, 0.53
 0.08, 0.13, 0.38, 0.53
 0.08, 0.13, 0.38, 0.53
 0.08, 0.13, 0.38, 0.53
 0.08, 0.13, 0.38, 0.53
 0.08, 0.13, 0.38, 0.53
 0.08, 0.13, 0.38, 0.53
 0.08, 0.13, 0.38, 0.53
 0.08, 0.13, 0.38, 0.53
 0.08, 0.13, 0.38, 0.53
 0.08, 0.13, 0.38, 0.53
 0.08, 0.13, 0.38, 0.53
 0.08, 0.13, 0.38, 0.53
 0.08, 0.13, 0.38, 0.53
 0.08, 0.13, 0.38, 0.53
 0.08, 0.13, 0.38, 0.53
 0.08, 0.13, 0.38, 0.53
 0.08, 0.13, 0.38, 0.53
 0.08, 0.13, 0.38, 0.53
 0.08, 0.13, 0.38, 0.53
 0.08, 0.13, 0.38, 0.53
 0.08, 0.13, 0.38, 0.53
 0.08, 0.13, 0.38, 0.53
 0.08, 0.13, 0.38, 0.53
 0.08, 0.13, 0.38, 0.53
 0.08, 0.13, 0.38, 0.53
 0.08, 0.13, 0.38, 0.53
 0.08, 0.13, 0.38, 0.53
 0.08, 0.13, 0.38, 0.53
 0.08, 0.13, 0.38, 0.53
 0.08, 0.13, 0.38, 0.53
 0.08, 0.13, 0.38, 0.53
 0.08, 0.13, 0.38, 0.53
 0.08, 0.13, 0.38, 0.53
 0.08, 0.13, 0.38, 0.54
 0.08, 0.13, 0.38, 0.54
 0.08, 0.13, 0.38, 0.54
 0.08, 0.13, 0.38, 0.54
 0.08, 0.13, 0.38, 0.54
 0.08, 0.13, 0.38, 0.54
 0.08, 0.13, 0.38, 0.54
 0.08, 0.13, 0.38, 0.54
 0.08, 0.13, 0.38, 0.54
 0.08, 0.13, 0.38, 0.54
 0.08, 0.13, 0.38, 0.54
 0.08, 0.13, 0.38, 0.54
 0.08, 0.13, 0.38, 0.54
 0.08, 0.13, 0.38, 0.54
 0.08, 0.13, 0.38, 0.54
 0.08, 0.13, 0.38, 0.54
 0.08, 0.13, 0.38, 0.54
 0.08, 0.13, 0.37, 0.54
 0.07, 0.13, 0.37, 0.54
 0.07, 0.13, 0.37, 0.54
 0.07, 0.13, 0.37, 0.54
 0.07, 0.13, 0.37, 0.54
 0.07, 0.13, 0.37, 0.54
 0.07, 0.13, 0.37, 0.54
 0.07, 0.13, 0.37, 0.54
 0.07, 0.13, 0.37, 0.54
 0.07, 0.13, 0.37, 0.54
 0.07, 0.13, 0.37, 0.54
 0.07, 0.13, 0.37, 0.54
 0.07, 0.13, 0.37, 0.54
 0.07, 0.13, 0.37, 0.54
 0.07, 0.13, 0.37, 0.54
 0.07, 0.13, 0.37, 0.54
 0.07, 0.13, 0.37, 0.54
 0.07, 0.13, 0.37, 0.54
 0.07, 0.13, 0.37, 0.54
 0.07, 0.13, 0.37, 0.55
 0.07, 0.13, 0.37, 0.55
 0.07, 0.13, 0.37, 0.55
 0.07, 0.13, 0.37, 0.55
 0.07, 0.13, 0.37, 0.55
 0.07, 0.13, 0.37, 0.55
 0.07, 0.13, 0.37, 0.55
 0.07, 0.13, 0.37, 0.55
 0.07, 0.13, 0.37, 0.55
 0.07, 0.13, 0.37, 0.55
 0.07, 0.13, 0.37, 0.55
 0.07, 0.13, 0.37, 0.55
 0.07, 0.13, 0.37, 0.55
 0.07, 0.13, 0.37, 0.55
 0.07, 0.13, 0.37, 0.55
 0.07, 0.13, 0.37, 0.55
 0.07, 0.13, 0.37, 0.55
 0.07, 0.13, 0.37, 0.55
 0.07, 0.13, 0.37, 0.55
 0.07, 0.13, 0.37, 0.55
 0.07, 0.13, 0.37, 0.55
 0.07, 0.13, 0.37, 0.55
 0.07, 0.13, 0.37, 0.55
 0.07, 0.13, 0.37, 0.55
 0.07, 0.13, 0.37, 0.55
 0.07, 0.13, 0.37, 0.55
 0.07, 0.13, 0.37, 0.55
 0.07, 0.13, 0.37, 0.55
 0.07, 0.13, 0.37, 0.55
 0.07, 0.13, 0.37, 0.55
 0.07, 0.13, 0.37, 0.55
 0.07, 0.13, 0.37, 0.55
 0.07, 0.13, 0.37, 0.55
 0.07, 0.13, 0.37, 0.55
 0.07, 0.13, 0.37, 0.55
 0.07, 0.13, 0.37, 0.55
 0.07, 0.13, 0.37, 0.56
 0.07, 0.13, 0.37, 0.56
 0.07, 0.13, 0.37, 0.56
 0.07, 0.12, 0.37, 0.56
 0.07, 0.12, 0.37, 0.56
 0.07, 0.12, 0.37, 0.56
 0.07, 0.12, 0.37, 0.56
 0.07, 0.12, 0.37, 0.56
 0.07, 0.12, 0.37, 0.56
 0.07, 0.12, 0.37, 0.56
 0.07, 0.12, 0.37, 0.56
 0.07, 0.12, 0.37, 0.56
 0.07, 0.12, 0.37, 0.56
 0.07, 0.12, 0.37, 0.56
 0.07, 0.12, 0.37, 0.56
 0.07, 0.12, 0.36, 0.56
 0.07, 0.12, 0.36, 0.56
 0.07, 0.12, 0.36, 0.56
 0.07, 0.12, 0.36, 0.56
 0.07, 0.12, 0.36, 0.56
 0.07, 0.12, 0.36, 0.56
 0.07, 0.12, 0.36, 0.56
 0.07, 0.12, 0.36, 0.56
 0.07, 0.12, 0.36, 0.56
 0.07, 0.12, 0.36, 0.56
 0.07, 0.12, 0.36, 0.56
 0.07, 0.12, 0.36, 0.56
 0.07, 0.12, 0.36, 0.56
 0.07, 0.12, 0.36, 0.56
 0.07, 0.12, 0.36, 0.56
 0.07, 0.12, 0.36, 0.56
 0.07, 0.12, 0.36, 0.56
 0.07, 0.12, 0.36, 0.56
 0.07, 0.12, 0.36, 0.56
 0.07, 0.12, 0.36, 0.56
 0.07, 0.12, 0.36, 0.56
 0.07, 0.12, 0.36, 0.56
 0.07, 0.12, 0.36, 0.57
 0.07, 0.12, 0.36, 0.57
 0.07, 0.12, 0.36, 0.57
 0.07, 0.12, 0.36, 0.57
 0.07, 0.12, 0.36, 0.57
 0.07, 0.12, 0.36, 0.57
 0.07, 0.12, 0.36, 0.57
 0.07, 0.12, 0.36, 0.57
 0.07, 0.12, 0.36, 0.57
 0.07, 0.12, 0.36, 0.57
 0.07, 0.12, 0.36, 0.57
 0.07, 0.12, 0.36, 0.57
 0.07, 0.12, 0.36, 0.57
 0.07, 0.12, 0.36, 0.57
 0.07, 0.12, 0.36, 0.57
 0.07, 0.12, 0.36, 0.57
 0.07, 0.12, 0.36, 0.57
 0.07, 0.12, 0.36, 0.57
 0.07, 0.12, 0.36, 0.57
 0.07, 0.12, 0.36, 0.57
 0.07, 0.12, 0.36, 0.57
 0.07, 0.12, 0.36, 0.57
 0.07, 0.12, 0.36, 0.57
 0.07, 0.12, 0.36, 0.57
 0.07, 0.12, 0.36, 0.57
 0.07, 0.12, 0.36, 0.57
 0.07, 0.12, 0.36, 0.57
 0.07, 0.12, 0.36, 0.57
 0.07, 0.12, 0.36, 0.57
 0.07, 0.12, 0.36, 0.57
 0.07, 0.12, 0.36, 0.57
 0.07, 0.12, 0.36, 0.57
 0.07, 0.12, 0.36, 0.57
 0.07, 0.12, 0.36, 0.57
 0.07, 0.12, 0.36, 0.57
 0.07, 0.12, 0.36, 0.57
 0.07, 0.12, 0.36, 0.57
 0.07, 0.12, 0.36, 0.58
 0.07, 0.12, 0.36, 0.58
 0.07, 0.12, 0.36, 0.58
 0.07, 0.12, 0.36, 0.58
 0.07, 0.12, 0.36, 0.58
 0.07, 0.12, 0.36, 0.58
 0.07, 0.12, 0.36, 0.58
 0.07, 0.12, 0.36, 0.58
 0.07, 0.12, 0.36, 0.58
 0.07, 0.12, 0.36, 0.58
 0.07, 0.12, 0.36, 0.58
 0.07, 0.12, 0.36, 0.58
 0.07, 0.12, 0.35, 0.58
 0.07, 0.12, 0.35, 0.58
 0.07, 0.12, 0.35, 0.58
 0.07, 0.12, 0.35, 0.58
 0.07, 0.12, 0.35, 0.58
 0.07, 0.12, 0.35, 0.58
 0.07, 0.12, 0.35, 0.58
 0.07, 0.12, 0.35, 0.58
 0.07, 0.12, 0.35, 0.58
 0.07, 0.12, 0.35, 0.58
 0.07, 0.12, 0.35, 0.58
 0.07, 0.12, 0.35, 0.58
 0.07, 0.12, 0.35, 0.58
 0.07, 0.12, 0.35, 0.58
 0.07, 0.12, 0.35, 0.58
 0.07, 0.12, 0.35, 0.58
 0.07, 0.12, 0.35, 0.58
 0.07, 0.12, 0.35, 0.58
 0.07, 0.12, 0.35, 0.58
 0.07, 0.12, 0.35, 0.58
 0.07, 0.12, 0.35, 0.58
 0.07, 0.12, 0.35, 0.58
 0.07, 0.12, 0.35, 0.58
 0.07, 0.12, 0.35, 0.58
 0.07, 0.12, 0.35, 0.58
 0.07, 0.12, 0.35, 0.58
 0.07, 0.12, 0.35, 0.58
 0.07, 0.12, 0.35, 0.59
 0.07, 0.12, 0.35, 0.59
 0.07, 0.12, 0.35, 0.59
 0.07, 0.12, 0.35, 0.59
 0.07, 0.12, 0.35, 0.59
 0.07, 0.12, 0.35, 0.59
 0.07, 0.12, 0.35, 0.59
 0.07, 0.12, 0.35, 0.59
 0.07, 0.12, 0.35, 0.59
 0.07, 0.11, 0.35, 0.59
 0.07, 0.11, 0.35, 0.59
 0.07, 0.11, 0.35, 0.59
 0.07, 0.11, 0.35, 0.59
 0.07, 0.11, 0.35, 0.59
 0.07, 0.11, 0.35, 0.59
 0.07, 0.11, 0.35, 0.59
 0.07, 0.11, 0.35, 0.59
 0.07, 0.11, 0.35, 0.59
 0.07, 0.11, 0.35, 0.59
 0.07, 0.11, 0.35, 0.59
 0.07, 0.11, 0.35, 0.59
 0.07, 0.11, 0.35, 0.59
 0.07, 0.11, 0.35, 0.59
 0.07, 0.11, 0.35, 0.59
 0.07, 0.11, 0.35, 0.59
 0.07, 0.11, 0.35, 0.59
 0.07, 0.11, 0.35, 0.59
 0.07, 0.11, 0.35, 0.59
 0.07, 0.11, 0.35, 0.59
 0.07, 0.11, 0.35, 0.59
 0.07, 0.11, 0.35, 0.59
 0.07, 0.11, 0.35, 0.59
 0.07, 0.11, 0.35, 0.59
 0.07, 0.11, 0.35, 0.59
 0.07, 0.11, 0.35, 0.59
 0.07, 0.11, 0.35, 0.59
 0.07, 0.11, 0.35, 0.59
 0.07, 0.11, 0.35, 0.59
 0.07, 0.11, 0.35, 0.59
 0.07, 0.11, 0.35, 0.59
 0.07, 0.11, 0.35, 0.60
 0.07, 0.11, 0.35, 0.60
 0.07, 0.11, 0.35, 0.60
 0.07, 0.11, 0.35, 0.60
 0.07, 0.11, 0.35, 0.60
 0.07, 0.11, 0.35, 0.60
 0.07, 0.11, 0.35, 0.60
 0.07, 0.11, 0.34, 0.60
 0.07, 0.11, 0.34, 0.60
 0.07, 0.11, 0.34, 0.60
 0.07, 0.11, 0.34, 0.60
 0.06, 0.11, 0.34, 0.60
 0.06, 0.11, 0.34, 0.60
 0.06, 0.11, 0.34, 0.60
 0.06, 0.11, 0.34, 0.60
 0.06, 0.11, 0.34, 0.60
 0.06, 0.11, 0.34, 0.60
 0.06, 0.11, 0.34, 0.60
 0.06, 0.11, 0.34, 0.60
 0.06, 0.11, 0.34, 0.60
 0.06, 0.11, 0.34, 0.60
 0.06, 0.11, 0.34, 0.60
 0.06, 0.11, 0.34, 0.60
 0.06, 0.11, 0.34, 0.60
 0.06, 0.11, 0.34, 0.60
 0.06, 0.11, 0.34, 0.60
 0.06, 0.11, 0.34, 0.60
 0.06, 0.11, 0.34, 0.60
 0.06, 0.11, 0.34, 0.60
 0.06, 0.11, 0.34, 0.60
 0.06, 0.11, 0.34, 0.60
 0.06, 0.11, 0.34, 0.60
 0.06, 0.11, 0.34, 0.60
 0.06, 0.11, 0.34, 0.60
 0.06, 0.11, 0.34, 0.60
 0.06, 0.11, 0.34, 0.60
 0.06, 0.11, 0.34, 0.60
 0.06, 0.11, 0.34, 0.60
 0.06, 0.11, 0.34, 0.60
 0.06, 0.11, 0.34, 0.60
 0.06, 0.11, 0.34, 0.61
 0.06, 0.11, 0.34, 0.61
 0.06, 0.11, 0.34, 0.61
 0.06, 0.11, 0.34, 0.61
 0.06, 0.11, 0.34, 0.61
 0.06, 0.11, 0.34, 0.61
 0.06, 0.11, 0.34, 0.61
 0.06, 0.11, 0.34, 0.61
 0.06, 0.11, 0.34, 0.61
 0.06, 0.11, 0.34, 0.61
 0.06, 0.11, 0.34, 0.61
 0.06, 0.11, 0.34, 0.61
 0.06, 0.11, 0.34, 0.61
 0.06, 0.11, 0.34, 0.61
 0.06, 0.11, 0.34, 0.61
 0.06, 0.11, 0.34, 0.61
 0.06, 0.11, 0.34, 0.61
 0.06, 0.11, 0.34, 0.61
 0.06, 0.11, 0.34, 0.61
 0.06, 0.11, 0.34, 0.61
 0.06, 0.11, 0.34, 0.61
 0.06, 0.11, 0.34, 0.61
 0.06, 0.11, 0.34, 0.61
 0.06, 0.11, 0.34, 0.61
 0.06, 0.11, 0.34, 0.61
 0.06, 0.11, 0.34, 0.61
 0.06, 0.11, 0.34, 0.61
 0.06, 0.11, 0.34, 0.61
 0.06, 0.11, 0.34, 0.61
 0.06, 0.11, 0.34, 0.61
 0.06, 0.11, 0.34, 0.61
 0.06, 0.11, 0.34, 0.61
 0.06, 0.11, 0.34, 0.61
 0.06, 0.11, 0.34, 0.61
 0.06, 0.11, 0.34, 0.61
 0.06, 0.11, 0.34, 0.61
 0.06, 0.11, 0.34, 0.61
 0.06, 0.11, 0.34, 0.61
 0.06, 0.11, 0.34, 0.61
 0.06, 0.11, 0.34, 0.61
 0.06, 0.11, 0.34, 0.61
 0.06, 0.11, 0.34, 0.61
 0.06, 0.11, 0.34, 0.62
 0.06, 0.11, 0.33, 0.62
 0.06, 0.11, 0.33, 0.62
 0.06, 0.11, 0.33, 0.62
 0.06, 0.11, 0.33, 0.62
 0.06, 0.11, 0.33, 0.62
 0.06, 0.11, 0.33, 0.62
 0.06, 0.11, 0.33, 0.62
 0.06, 0.11, 0.33, 0.62
 0.06, 0.11, 0.33, 0.62
 0.06, 0.11, 0.33, 0.62
 0.06, 0.11, 0.33, 0.62
 0.06, 0.11, 0.33, 0.62
 0.06, 0.11, 0.33, 0.62
 0.06, 0.11, 0.33, 0.62
 0.06, 0.11, 0.33, 0.62
 0.06, 0.11, 0.33, 0.62
 0.06, 0.11, 0.33, 0.62
 0.06, 0.10, 0.33, 0.62
 0.06, 0.10, 0.33, 0.62
 0.06, 0.10, 0.33, 0.62
 0.06, 0.10, 0.33, 0.62
 0.06, 0.10, 0.33, 0.62
 0.06, 0.10, 0.33, 0.62
 0.06, 0.10, 0.33, 0.62
 0.06, 0.10, 0.33, 0.62
 0.06, 0.10, 0.33, 0.62
 0.06, 0.10, 0.33, 0.62
 0.06, 0.10, 0.33, 0.62
 0.06, 0.10, 0.33, 0.62
 0.06, 0.10, 0.33, 0.62
 0.06, 0.10, 0.33, 0.62
 0.06, 0.10, 0.33, 0.62
 0.06, 0.10, 0.33, 0.62
 0.06, 0.10, 0.33, 0.62
 0.06, 0.10, 0.33, 0.62
 0.06, 0.10, 0.33, 0.62
 0.06, 0.10, 0.33, 0.62
 0.06, 0.10, 0.33, 0.62
 0.06, 0.10, 0.33, 0.62
 0.06, 0.10, 0.33, 0.62
 0.06, 0.10, 0.33, 0.62
 0.06, 0.10, 0.33, 0.62
 0.06, 0.10, 0.33, 0.63
 0.06, 0.10, 0.33, 0.63
 0.06, 0.10, 0.33, 0.63
 0.06, 0.10, 0.33, 0.63
 0.06, 0.10, 0.33, 0.63
 0.06, 0.10, 0.33, 0.63
 0.06, 0.10, 0.33, 0.63
 0.06, 0.10, 0.33, 0.63
 0.06, 0.10, 0.33, 0.63
 0.06, 0.10, 0.33, 0.63
 0.06, 0.10, 0.33, 0.63
 0.06, 0.10, 0.33, 0.63
 0.06, 0.10, 0.33, 0.63
 0.06, 0.10, 0.33, 0.63
 0.06, 0.10, 0.33, 0.63
 0.06, 0.10, 0.33, 0.63
 0.06, 0.10, 0.33, 0.63
 0.06, 0.10, 0.33, 0.63
 0.06, 0.10, 0.33, 0.63
 0.06, 0.10, 0.33, 0.63
 0.06, 0.10, 0.33, 0.63
 0.06, 0.10, 0.33, 0.63
 0.06, 0.10, 0.33, 0.63
 0.06, 0.10, 0.33, 0.63
 0.06, 0.10, 0.33, 0.63
 0.06, 0.10, 0.33, 0.63
 0.06, 0.10, 0.33, 0.63
 0.06, 0.10, 0.33, 0.63
 0.06, 0.10, 0.33, 0.63
 0.06, 0.10, 0.33, 0.63
 0.06, 0.10, 0.33, 0.63
 0.06, 0.10, 0.33, 0.63
 0.06, 0.10, 0.33, 0.63
 0.06, 0.10, 0.33, 0.63
 0.06, 0.10, 0.33, 0.63
 0.06, 0.10, 0.33, 0.63
 0.06, 0.10, 0.32, 0.63
 0.06, 0.10, 0.32, 0.63
 0.06, 0.10, 0.32, 0.63
 0.06, 0.10, 0.32, 0.63
 0.06, 0.10, 0.32, 0.63
 0.06, 0.10, 0.32, 0.63
 0.06, 0.10, 0.32, 0.63
 0.06, 0.10, 0.32, 0.63
 0.06, 0.10, 0.32, 0.64
 0.06, 0.10, 0.32, 0.64
 0.06, 0.10, 0.32, 0.64
 0.06, 0.10, 0.32, 0.64
 0.06, 0.10, 0.32, 0.64
 0.06, 0.10, 0.32, 0.64
 0.06, 0.10, 0.32, 0.64
 0.06, 0.10, 0.32, 0.64
 0.06, 0.10, 0.32, 0.64
 0.06, 0.10, 0.32, 0.64
 0.06, 0.10, 0.32, 0.64
 0.06, 0.10, 0.32, 0.64
 0.06, 0.10, 0.32, 0.64
 0.06, 0.10, 0.32, 0.64
 0.06, 0.10, 0.32, 0.64
 0.06, 0.10, 0.32, 0.64
 0.06, 0.10, 0.32, 0.64
 0.06, 0.10, 0.32, 0.64
 0.06, 0.10, 0.32, 0.64
 0.06, 0.10, 0.32, 0.64
 0.06, 0.10, 0.32, 0.64
 0.06, 0.10, 0.32, 0.64
 0.06, 0.10, 0.32, 0.64
 0.06, 0.10, 0.32, 0.64
 0.06, 0.10, 0.32, 0.64
 0.06, 0.10, 0.32, 0.64
 0.06, 0.10, 0.32, 0.64
 0.06, 0.10, 0.32, 0.64
 0.06, 0.10, 0.32, 0.64
 0.06, 0.10, 0.32, 0.64
 0.06, 0.10, 0.32, 0.64
 0.06, 0.10, 0.32, 0.64
 0.06, 0.10, 0.32, 0.64
 0.06, 0.10, 0.32, 0.64
 0.06, 0.10, 0.32, 0.64
 0.06, 0.10, 0.32, 0.64
 0.06, 0.10, 0.32, 0.64
 0.06, 0.10, 0.32, 0.64
 0.06, 0.10, 0.32, 0.64
 0.06, 0.10, 0.32, 0.64
 0.06, 0.10, 0.32, 0.64
 0.06, 0.10, 0.32, 0.64
 0.06, 0.10, 0.32, 0.64
 0.06, 0.10, 0.32, 0.64
 0.06, 0.10, 0.32, 0.64
 0.06, 0.10, 0.32, 0.65
 0.06, 0.10, 0.32, 0.65
 0.06, 0.10, 0.32, 0.65
 0.06, 0.10, 0.32, 0.65
 0.06, 0.10, 0.32, 0.65
 0.06, 0.10, 0.32, 0.65
 0.06, 0.10, 0.32, 0.65
 0.06, 0.10, 0.32, 0.65
 0.06, 0.10, 0.32, 0.65
 0.06, 0.10, 0.32, 0.65
 0.06, 0.10, 0.32, 0.65
 0.06, 0.10, 0.32, 0.65
 0.06, 0.10, 0.32, 0.65
 0.06, 0.10, 0.32, 0.65
 0.06, 0.10, 0.32, 0.65
 0.06, 0.10, 0.32, 0.65
 0.06, 0.10, 0.32, 0.65
 0.06, 0.10, 0.32, 0.65
 0.06, 0.10, 0.32, 0.65
 0.06, 0.10, 0.32, 0.65
 0.06, 0.10, 0.32, 0.65
 0.06, 0.10, 0.32, 0.65
 0.06, 0.10, 0.32, 0.65
 0.06, 0.10, 0.32, 0.65
 0.06, 0.10, 0.32, 0.65
 0.06, 0.10, 0.32, 0.65
 0.06, 0.10, 0.32, 0.65
 0.06, 0.10, 0.32, 0.65
 0.06, 0.10, 0.31, 0.65
 0.06, 0.09, 0.31, 0.65
 0.06, 0.09, 0.31, 0.65
 0.06, 0.09, 0.31, 0.65
 0.06, 0.09, 0.31, 0.65
 0.06, 0.09, 0.31, 0.65
 0.06, 0.09, 0.31, 0.65
 0.06, 0.09, 0.31, 0.65
 0.06, 0.09, 0.31, 0.65
 0.06, 0.09, 0.31, 0.65
 0.06, 0.09, 0.31, 0.65
 0.06, 0.09, 0.31, 0.65
 0.06, 0.09, 0.31, 0.65
 0.06, 0.09, 0.31, 0.65
 0.06, 0.09, 0.31, 0.65
 0.06, 0.09, 0.31, 0.65
 0.06, 0.09, 0.31, 0.65
 0.06, 0.09, 0.31, 0.65
 0.06, 0.09, 0.31, 0.65
 0.06, 0.09, 0.31, 0.66
 0.06, 0.09, 0.31, 0.66
 0.06, 0.09, 0.31, 0.66
 0.06, 0.09, 0.31, 0.66
 0.05, 0.09, 0.31, 0.66
 0.05, 0.09, 0.31, 0.66
 0.05, 0.09, 0.31, 0.66
 0.05, 0.09, 0.31, 0.66
 0.05, 0.09, 0.31, 0.66
 0.05, 0.09, 0.31, 0.66
 0.05, 0.09, 0.31, 0.66
 0.05, 0.09, 0.31, 0.66
 0.05, 0.09, 0.31, 0.66
 0.05, 0.09, 0.31, 0.66
 0.05, 0.09, 0.31, 0.66
 0.05, 0.09, 0.31, 0.66
 0.05, 0.09, 0.31, 0.66
 0.05, 0.09, 0.31, 0.66
 0.05, 0.09, 0.31, 0.66
 0.05, 0.09, 0.31, 0.66
 0.05, 0.09, 0.31, 0.66
 0.05, 0.09, 0.31, 0.66
 0.05, 0.09, 0.31, 0.66
 0.05, 0.09, 0.31, 0.66
 0.05, 0.09, 0.31, 0.66
 0.05, 0.09, 0.31, 0.66
 0.05, 0.09, 0.31, 0.66
 0.05, 0.09, 0.31, 0.66
 0.05, 0.09, 0.31, 0.66
 0.05, 0.09, 0.31, 0.66
 0.05, 0.09, 0.31, 0.66
 0.05, 0.09, 0.31, 0.66
 0.05, 0.09, 0.31, 0.66
 0.05, 0.09, 0.31, 0.66
 0.05, 0.09, 0.31, 0.66
 0.05, 0.09, 0.31, 0.66
 0.05, 0.09, 0.31, 0.66
 0.05, 0.09, 0.31, 0.66
 0.05, 0.09, 0.31, 0.66
 0.05, 0.09, 0.31, 0.66
 0.05, 0.09, 0.31, 0.66
 0.05, 0.09, 0.31, 0.66
 0.05, 0.09, 0.31, 0.66
 0.05, 0.09, 0.31, 0.66
 0.05, 0.09, 0.31, 0.66
 0.05, 0.09, 0.31, 0.66
 0.05, 0.09, 0.31, 0.66
 0.05, 0.09, 0.31, 0.67
 0.05, 0.09, 0.31, 0.67
 0.05, 0.09, 0.31, 0.67
 0.05, 0.09, 0.31, 0.67
 0.05, 0.09, 0.31, 0.67
 0.05, 0.09, 0.31, 0.67
 0.05, 0.09, 0.31, 0.67
 0.05, 0.09, 0.31, 0.67
 0.05, 0.09, 0.31, 0.67
 0.05, 0.09, 0.31, 0.67
 0.05, 0.09, 0.31, 0.67
 0.05, 0.09, 0.31, 0.67
 0.05, 0.09, 0.31, 0.67
 0.05, 0.09, 0.31, 0.67
 0.05, 0.09, 0.31, 0.67
 0.05, 0.09, 0.31, 0.67
 0.05, 0.09, 0.31, 0.67
 0.05, 0.09, 0.30, 0.67
 0.05, 0.09, 0.30, 0.67
 0.05, 0.09, 0.30, 0.67
 0.05, 0.09, 0.30, 0.67
 0.05, 0.09, 0.30, 0.67
 0.05, 0.09, 0.30, 0.67
 0.05, 0.09, 0.30, 0.67
 0.05, 0.09, 0.30, 0.67
 0.05, 0.09, 0.30, 0.67
 0.05, 0.09, 0.30, 0.67
 0.05, 0.09, 0.30, 0.67
 0.05, 0.09, 0.30, 0.67
 0.05, 0.09, 0.30, 0.67
 0.05, 0.09, 0.30, 0.67
 0.05, 0.09, 0.30, 0.67
 0.05, 0.09, 0.30, 0.67
 0.05, 0.09, 0.30, 0.67
 0.05, 0.09, 0.30, 0.67
 0.05, 0.09, 0.30, 0.67
 0.05, 0.09, 0.30, 0.67
 0.05, 0.09, 0.30, 0.67
 0.05, 0.09, 0.30, 0.67
 0.05, 0.09, 0.30, 0.67
 0.05, 0.09, 0.30, 0.67
 0.05, 0.09, 0.30, 0.67
 0.05, 0.09, 0.30, 0.67
 0.05, 0.09, 0.30, 0.67
 0.05, 0.09, 0.30, 0.67
 0.05, 0.09, 0.30, 0.67
 0.05, 0.09, 0.30, 0.67
 0.05, 0.09, 0.30, 0.67
 0.05, 0.09, 0.30, 0.67
 0.05, 0.09, 0.30, 0.67
 0.05, 0.09, 0.30, 0.68
 0.05, 0.09, 0.30, 0.68
 0.05, 0.09, 0.30, 0.68
 0.05, 0.09, 0.30, 0.68
 0.05, 0.09, 0.30, 0.68
 0.05, 0.09, 0.30, 0.68
 0.05, 0.09, 0.30, 0.68
 0.05, 0.09, 0.30, 0.68
 0.05, 0.09, 0.30, 0.68
 0.05, 0.09, 0.30, 0.68
 0.05, 0.09, 0.30, 0.68
 0.05, 0.09, 0.30, 0.68
 0.05, 0.09, 0.30, 0.68
 0.05, 0.09, 0.30, 0.68
 0.05, 0.09, 0.30, 0.68
 0.05, 0.09, 0.30, 0.68
 0.05, 0.09, 0.30, 0.68
 0.05, 0.09, 0.30, 0.68
 0.05, 0.09, 0.30, 0.68
 0.05, 0.09, 0.30, 0.68
 0.05, 0.09, 0.30, 0.68
 0.05, 0.09, 0.30, 0.68
 0.05, 0.09, 0.30, 0.68
 0.05, 0.09, 0.30, 0.68
 0.05, 0.09, 0.30, 0.68
 0.05, 0.09, 0.30, 0.68
 0.05, 0.09, 0.30, 0.68
 0.05, 0.09, 0.30, 0.68
 0.05, 0.09, 0.30, 0.68
 0.05, 0.09, 0.30, 0.68
 0.05, 0.09, 0.30, 0.68
 0.05, 0.09, 0.30, 0.68
 0.05, 0.09, 0.30, 0.68
 0.05, 0.09, 0.30, 0.68
 0.05, 0.09, 0.30, 0.68
 0.05, 0.09, 0.30, 0.68
 0.05, 0.09, 0.30, 0.68
 0.05, 0.09, 0.30, 0.68
 0.05, 0.09, 0.30, 0.68
 0.05, 0.09, 0.30, 0.68
 0.05, 0.09, 0.30, 0.68
 0.05, 0.09, 0.30, 0.68
 0.05, 0.09, 0.30, 0.68
 0.05, 0.09, 0.30, 0.68
 0.05, 0.08, 0.30, 0.68
 0.05, 0.08, 0.30, 0.68
 0.05, 0.08, 0.30, 0.68
 0.05, 0.08, 0.30, 0.68
 0.05, 0.08, 0.30, 0.68
 0.05, 0.08, 0.30, 0.68
 0.05, 0.08, 0.30, 0.68
 0.05, 0.08, 0.30, 0.69
 0.05, 0.08, 0.30, 0.69
 0.05, 0.08, 0.29, 0.69
 0.05, 0.08, 0.29, 0.69
 0.05, 0.08, 0.29, 0.69
 0.05, 0.08, 0.29, 0.69
 0.05, 0.08, 0.29, 0.69
 0.05, 0.08, 0.29, 0.69
 0.05, 0.08, 0.29, 0.69
 0.05, 0.08, 0.29, 0.69
 0.05, 0.08, 0.29, 0.69
 0.05, 0.08, 0.29, 0.69
 0.05, 0.08, 0.29, 0.69
 0.05, 0.08, 0.29, 0.69
 0.05, 0.08, 0.29, 0.69
 0.05, 0.08, 0.29, 0.69
 0.05, 0.08, 0.29, 0.69
 0.05, 0.08, 0.29, 0.69
 0.05, 0.08, 0.29, 0.69
 0.05, 0.08, 0.29, 0.69
 0.05, 0.08, 0.29, 0.69
 0.05, 0.08, 0.29, 0.69
 0.05, 0.08, 0.29, 0.69
 0.05, 0.08, 0.29, 0.69
 0.05, 0.08, 0.29, 0.69
 0.05, 0.08, 0.29, 0.69
 0.05, 0.08, 0.29, 0.69
 0.05, 0.08, 0.29, 0.69
 0.05, 0.08, 0.29, 0.69
 0.05, 0.08, 0.29, 0.69
 0.05, 0.08, 0.29, 0.69
 0.05, 0.08, 0.29, 0.69
 0.05, 0.08, 0.29, 0.69
 0.05, 0.08, 0.29, 0.69
 0.05, 0.08, 0.29, 0.69
 0.05, 0.08, 0.29, 0.69
 0.05, 0.08, 0.29, 0.69
 0.05, 0.08, 0.29, 0.69
 0.05, 0.08, 0.29, 0.69
 0.05, 0.08, 0.29, 0.69
 0.05, 0.08, 0.29, 0.69
 0.05, 0.08, 0.29, 0.69
 0.05, 0.08, 0.29, 0.69
 0.05, 0.08, 0.29, 0.69
 0.05, 0.08, 0.29, 0.69
 0.05, 0.08, 0.29, 0.69
 0.05, 0.08, 0.29, 0.69
 0.05, 0.08, 0.29, 0.69
 0.05, 0.08, 0.29, 0.69
 0.05, 0.08, 0.29, 0.69
 0.05, 0.08, 0.29, 0.69
 0.05, 0.08, 0.29, 0.69
 0.05, 0.08, 0.29, 0.70
 0.05, 0.08, 0.29, 0.70
 0.05, 0.08, 0.29, 0.70
 0.05, 0.08, 0.29, 0.70
 0.05, 0.08, 0.29, 0.70
 0.05, 0.08, 0.29, 0.70
 0.05, 0.08, 0.29, 0.70
 0.05, 0.08, 0.29, 0.70
 0.05, 0.08, 0.29, 0.70
 0.05, 0.08, 0.29, 0.70
 0.05, 0.08, 0.29, 0.70
 0.05, 0.08, 0.29, 0.70
 0.05, 0.08, 0.29, 0.70
 0.05, 0.08, 0.29, 0.70
 0.05, 0.08, 0.29, 0.70
 0.05, 0.08, 0.29, 0.70
 0.05, 0.08, 0.29, 0.70
 0.05, 0.08, 0.29, 0.70
 0.05, 0.08, 0.29, 0.70
 0.05, 0.08, 0.29, 0.70
 0.05, 0.08, 0.29, 0.70
 0.05, 0.08, 0.29, 0.70
 0.05, 0.08, 0.29, 0.70
 0.05, 0.08, 0.29, 0.70
 0.05, 0.08, 0.29, 0.70
 0.05, 0.08, 0.29, 0.70
 0.05, 0.08, 0.29, 0.70
 0.05, 0.08, 0.29, 0.70
 0.05, 0.08, 0.29, 0.70
 0.05, 0.08, 0.29, 0.70
 0.05, 0.08, 0.29, 0.70
 0.05, 0.08, 0.29, 0.70
 0.05, 0.08, 0.29, 0.70
 0.05, 0.08, 0.29, 0.70
 0.05, 0.08, 0.29, 0.70
 0.05, 0.08, 0.29, 0.70
 0.05, 0.08, 0.29, 0.70
 0.05, 0.08, 0.29, 0.70
 0.05, 0.08, 0.29, 0.70
 0.05, 0.08, 0.28, 0.70
 0.05, 0.08, 0.28, 0.70
 0.05, 0.08, 0.28, 0.70
 0.05, 0.08, 0.28, 0.70
 0.05, 0.08, 0.28, 0.70
 0.05, 0.08, 0.28, 0.70
 0.05, 0.08, 0.28, 0.70
 0.05, 0.08, 0.28, 0.70
 0.05, 0.08, 0.28, 0.70
 0.05, 0.08, 0.28, 0.70
 0.05, 0.08, 0.28, 0.70
 0.05, 0.08, 0.28, 0.70
 0.05, 0.08, 0.28, 0.70
 0.05, 0.08, 0.28, 0.70
 0.05, 0.08, 0.28, 0.70
 0.05, 0.08, 0.28, 0.71
 0.05, 0.08, 0.28, 0.71
 0.05, 0.08, 0.28, 0.71
 0.05, 0.08, 0.28, 0.71
 0.05, 0.08, 0.28, 0.71
 0.05, 0.08, 0.28, 0.71
 0.05, 0.08, 0.28, 0.71
 0.05, 0.08, 0.28, 0.71
 0.05, 0.08, 0.28, 0.71
 0.05, 0.08, 0.28, 0.71
 0.05, 0.08, 0.28, 0.71
 0.05, 0.08, 0.28, 0.71
 0.05, 0.08, 0.28, 0.71
 0.05, 0.08, 0.28, 0.71
 0.05, 0.08, 0.28, 0.71
 0.05, 0.08, 0.28, 0.71
 0.05, 0.08, 0.28, 0.71
 0.05, 0.08, 0.28, 0.71
 0.05, 0.08, 0.28, 0.71
 0.05, 0.08, 0.28, 0.71
 0.05, 0.08, 0.28, 0.71
 0.05, 0.08, 0.28, 0.71
 0.05, 0.08, 0.28, 0.71
 0.05, 0.08, 0.28, 0.71
 0.05, 0.08, 0.28, 0.71
 0.05, 0.08, 0.28, 0.71
 0.05, 0.08, 0.28, 0.71
 0.05, 0.08, 0.28, 0.71
 0.05, 0.08, 0.28, 0.71
 0.05, 0.08, 0.28, 0.71
 0.05, 0.08, 0.28, 0.71
 0.05, 0.08, 0.28, 0.71
 0.05, 0.08, 0.28, 0.71
 0.05, 0.08, 0.28, 0.71
 0.05, 0.08, 0.28, 0.71
 0.05, 0.08, 0.28, 0.71
 0.05, 0.08, 0.28, 0.71
 0.05, 0.08, 0.28, 0.71
 0.05, 0.08, 0.28, 0.71
 0.05, 0.08, 0.28, 0.71
 0.05, 0.08, 0.28, 0.71
 0.05, 0.08, 0.28, 0.71
 0.05, 0.08, 0.28, 0.71
 0.05, 0.08, 0.28, 0.71
 0.05, 0.08, 0.28, 0.71
 0.05, 0.08, 0.28, 0.71
 0.05, 0.08, 0.28, 0.71
 0.05, 0.08, 0.28, 0.71
 0.05, 0.08, 0.28, 0.71
 0.05, 0.08, 0.28, 0.71
 0.05, 0.08, 0.28, 0.71
 0.05, 0.08, 0.28, 0.71
 0.05, 0.08, 0.28, 0.71
 0.05, 0.08, 0.28, 0.71
 0.05, 0.08, 0.28, 0.71
 0.05, 0.08, 0.28, 0.71
 0.04, 0.08, 0.28, 0.72
 0.04, 0.08, 0.28, 0.72
 0.04, 0.08, 0.28, 0.72
 0.04, 0.08, 0.28, 0.72
 0.04, 0.08, 0.28, 0.72
 0.04, 0.08, 0.28, 0.72
 0.04, 0.08, 0.28, 0.72
 0.04, 0.08, 0.28, 0.72
 0.04, 0.08, 0.28, 0.72
 0.04, 0.08, 0.28, 0.72
 0.04, 0.08, 0.28, 0.72
 0.04, 0.07, 0.28, 0.72
 0.04, 0.07, 0.28, 0.72
 0.04, 0.07, 0.28, 0.72
 0.04, 0.07, 0.28, 0.72
 0.04, 0.07, 0.28, 0.72
 0.04, 0.07, 0.28, 0.72
 0.04, 0.07, 0.28, 0.72
 0.04, 0.07, 0.28, 0.72
 0.04, 0.07, 0.28, 0.72
 0.04, 0.07, 0.28, 0.72
 0.04, 0.07, 0.27, 0.72
 0.04, 0.07, 0.27, 0.72
 0.04, 0.07, 0.27, 0.72
 0.04, 0.07, 0.27, 0.72
 0.04, 0.07, 0.27, 0.72
 0.04, 0.07, 0.27, 0.72
 0.04, 0.07, 0.27, 0.72
 0.04, 0.07, 0.27, 0.72
 0.04, 0.07, 0.27, 0.72
 0.04, 0.07, 0.27, 0.72
 0.04, 0.07, 0.27, 0.72
 0.04, 0.07, 0.27, 0.72
 0.04, 0.07, 0.27, 0.72
 0.04, 0.07, 0.27, 0.72
 0.04, 0.07, 0.27, 0.72
 0.04, 0.07, 0.27, 0.72
 0.04, 0.07, 0.27, 0.72
 0.04, 0.07, 0.27, 0.72
 0.04, 0.07, 0.27, 0.72
 0.04, 0.07, 0.27, 0.72
 0.04, 0.07, 0.27, 0.72
 0.04, 0.07, 0.27, 0.72
 0.04, 0.07, 0.27, 0.72
 0.04, 0.07, 0.27, 0.72
 0.04, 0.07, 0.27, 0.72
 0.04, 0.07, 0.27, 0.72
 0.04, 0.07, 0.27, 0.72
 0.04, 0.07, 0.27, 0.72
 0.04, 0.07, 0.27, 0.72
 0.04, 0.07, 0.27, 0.72
 0.04, 0.07, 0.27, 0.72
 0.04, 0.07, 0.27, 0.72
 0.04, 0.07, 0.27, 0.72
 0.04, 0.07, 0.27, 0.72
 0.04, 0.07, 0.27, 0.72
 0.04, 0.07, 0.27, 0.72
 0.04, 0.07, 0.27, 0.72
 0.04, 0.07, 0.27, 0.73
 0.04, 0.07, 0.27, 0.73
 0.04, 0.07, 0.27, 0.73
 0.04, 0.07, 0.27, 0.73
 0.04, 0.07, 0.27, 0.73
 0.04, 0.07, 0.27, 0.73
 0.04, 0.07, 0.27, 0.73
 0.04, 0.07, 0.27, 0.73
 0.04, 0.07, 0.27, 0.73
 0.04, 0.07, 0.27, 0.73
 0.04, 0.07, 0.27, 0.73
 0.04, 0.07, 0.27, 0.73
 0.04, 0.07, 0.27, 0.73
 0.04, 0.07, 0.27, 0.73
 0.04, 0.07, 0.27, 0.73
 0.04, 0.07, 0.27, 0.73
 0.04, 0.07, 0.27, 0.73
 0.04, 0.07, 0.27, 0.73
 0.04, 0.07, 0.27, 0.73
 0.04, 0.07, 0.27, 0.73
 0.04, 0.07, 0.27, 0.73
 0.04, 0.07, 0.27, 0.73
 0.04, 0.07, 0.27, 0.73
 0.04, 0.07, 0.27, 0.73
 0.04, 0.07, 0.27, 0.73
 0.04, 0.07, 0.27, 0.73
 0.04, 0.07, 0.27, 0.73
 0.04, 0.07, 0.27, 0.73
 0.04, 0.07, 0.27, 0.73
 0.04, 0.07, 0.27, 0.73
 0.04, 0.07, 0.27, 0.73
 0.04, 0.07, 0.27, 0.73
 0.04, 0.07, 0.27, 0.73
 0.04, 0.07, 0.27, 0.73
 0.04, 0.07, 0.27, 0.73
 0.04, 0.07, 0.27, 0.73
 0.04, 0.07, 0.27, 0.73
 0.04, 0.07, 0.27, 0.73
 0.04, 0.07, 0.27, 0.73
 0.04, 0.07, 0.27, 0.73
 0.04, 0.07, 0.27, 0.73
 0.04, 0.07, 0.27, 0.73
 0.04, 0.07, 0.27, 0.73
 0.04, 0.07, 0.27, 0.73
 0.04, 0.07, 0.27, 0.73
 0.04, 0.07, 0.27, 0.73
 0.04, 0.07, 0.27, 0.73
 0.04, 0.07, 0.27, 0.73
 0.04, 0.07, 0.27, 0.73
 0.04, 0.07, 0.27, 0.73
 0.04, 0.07, 0.27, 0.73
 0.04, 0.07, 0.27, 0.73
 0.04, 0.07, 0.27, 0.73
 0.04, 0.07, 0.27, 0.73
 0.04, 0.07, 0.27, 0.73
 0.04, 0.07, 0.27, 0.73
 0.04, 0.07, 0.27, 0.73
 0.04, 0.07, 0.27, 0.73
 0.04, 0.07, 0.27, 0.73
 0.04, 0.07, 0.26, 0.73
 0.04, 0.07, 0.26, 0.73
 0.04, 0.07, 0.26, 0.74
 0.04, 0.07, 0.26, 0.74
 0.04, 0.07, 0.26, 0.74
 0.04, 0.07, 0.26, 0.74
 0.04, 0.07, 0.26, 0.74
 0.04, 0.07, 0.26, 0.74
 0.04, 0.07, 0.26, 0.74
 0.04, 0.07, 0.26, 0.74
 0.04, 0.07, 0.26, 0.74
 0.04, 0.07, 0.26, 0.74
 0.04, 0.07, 0.26, 0.74
 0.04, 0.07, 0.26, 0.74
 0.04, 0.07, 0.26, 0.74
 0.04, 0.07, 0.26, 0.74
 0.04, 0.07, 0.26, 0.74
 0.04, 0.07, 0.26, 0.74
 0.04, 0.07, 0.26, 0.74
 0.04, 0.07, 0.26, 0.74
 0.04, 0.07, 0.26, 0.74
 0.04, 0.07, 0.26, 0.74
 0.04, 0.07, 0.26, 0.74
 0.04, 0.07, 0.26, 0.74
 0.04, 0.07, 0.26, 0.74
 0.04, 0.07, 0.26, 0.74
 0.04, 0.07, 0.26, 0.74
 0.04, 0.07, 0.26, 0.74
 0.04, 0.07, 0.26, 0.74
 0.04, 0.07, 0.26, 0.74
 0.04, 0.07, 0.26, 0.74
 0.04, 0.07, 0.26, 0.74
 0.04, 0.07, 0.26, 0.74
 0.04, 0.07, 0.26, 0.74
 0.04, 0.07, 0.26, 0.74
 0.04, 0.07, 0.26, 0.74
 0.04, 0.07, 0.26, 0.74
 0.04, 0.07, 0.26, 0.74
 0.04, 0.07, 0.26, 0.74
 0.04, 0.07, 0.26, 0.74
 0.04, 0.07, 0.26, 0.74
 0.04, 0.07, 0.26, 0.74
 0.04, 0.07, 0.26, 0.74
 0.04, 0.07, 0.26, 0.74
 0.04, 0.07, 0.26, 0.74
 0.04, 0.07, 0.26, 0.74
 0.04, 0.07, 0.26, 0.74
 0.04, 0.07, 0.26, 0.74
 0.04, 0.07, 0.26, 0.74
 0.04, 0.07, 0.26, 0.74
 0.04, 0.07, 0.26, 0.74
 0.04, 0.07, 0.26, 0.74
 0.04, 0.07, 0.26, 0.74
 0.04, 0.07, 0.26, 0.74
 0.04, 0.07, 0.26, 0.74
 0.04, 0.07, 0.26, 0.74
 0.04, 0.07, 0.26, 0.74
 0.04, 0.07, 0.26, 0.74
 0.04, 0.07, 0.26, 0.74
 0.04, 0.07, 0.26, 0.74
 0.04, 0.07, 0.26, 0.74
 0.04, 0.07, 0.26, 0.74
 0.04, 0.07, 0.26, 0.74
 0.04, 0.07, 0.26, 0.74
 0.04, 0.07, 0.26, 0.75
 0.04, 0.07, 0.26, 0.75
 0.04, 0.07, 0.26, 0.75
 0.04, 0.07, 0.26, 0.75
 0.04, 0.07, 0.26, 0.75
 0.04, 0.07, 0.26, 0.75
 0.04, 0.07, 0.26, 0.75
 0.04, 0.07, 0.26, 0.75
 0.04, 0.07, 0.26, 0.75
 0.04, 0.07, 0.26, 0.75
 0.04, 0.07, 0.26, 0.75
 0.04, 0.07, 0.26, 0.75
 0.04, 0.07, 0.26, 0.75
 0.04, 0.07, 0.26, 0.75
 0.04, 0.07, 0.26, 0.75
 0.04, 0.07, 0.26, 0.75
 0.04, 0.07, 0.26, 0.75
 0.04, 0.07, 0.26, 0.75
 0.04, 0.07, 0.26, 0.75
 0.04, 0.07, 0.26, 0.75
 0.04, 0.07, 0.26, 0.75
 0.04, 0.07, 0.26, 0.75
 0.04, 0.07, 0.26, 0.75
 0.04, 0.07, 0.26, 0.75
 0.04, 0.07, 0.26, 0.75
 0.04, 0.07, 0.26, 0.75
 0.04, 0.07, 0.26, 0.75
 0.04, 0.07, 0.26, 0.75
 0.04, 0.07, 0.26, 0.75
 0.04, 0.07, 0.26, 0.75
 0.04, 0.07, 0.26, 0.75
 0.04, 0.07, 0.26, 0.75
 0.04, 0.07, 0.26, 0.75
 0.04, 0.07, 0.26, 0.75
 0.04, 0.07, 0.26, 0.75
 0.04, 0.06, 0.25, 0.75
 0.04, 0.06, 0.25, 0.75
 0.04, 0.06, 0.25, 0.75
 0.04, 0.06, 0.25, 0.75
 0.04, 0.06, 0.25, 0.75
 0.04, 0.06, 0.25, 0.75
 0.04, 0.06, 0.25, 0.75
 0.04, 0.06, 0.25, 0.75
 0.04, 0.06, 0.25, 0.75
 0.04, 0.06, 0.25, 0.75
 0.04, 0.06, 0.25, 0.75
 0.04, 0.06, 0.25, 0.75
 0.04, 0.06, 0.25, 0.75
 0.04, 0.06, 0.25, 0.75
 0.04, 0.06, 0.25, 0.75
 0.04, 0.06, 0.25, 0.75
 0.04, 0.06, 0.25, 0.75
 0.04, 0.06, 0.25, 0.75
 0.04, 0.06, 0.25, 0.75
 0.04, 0.06, 0.25, 0.75
 0.04, 0.06, 0.25, 0.75
 0.04, 0.06, 0.25, 0.75
 0.04, 0.06, 0.25, 0.75
 0.04, 0.06, 0.25, 0.75
 0.04, 0.06, 0.25, 0.75
 0.04, 0.06, 0.25, 0.75
 0.04, 0.06, 0.25, 0.75
 0.04, 0.06, 0.25, 0.75
 0.04, 0.06, 0.25, 0.75
 0.04, 0.06, 0.25, 0.75
 0.04, 0.06, 0.25, 0.76
 0.04, 0.06, 0.25, 0.76
 0.04, 0.06, 0.25, 0.76
 0.04, 0.06, 0.25, 0.76
 0.04, 0.06, 0.25, 0.76
 0.04, 0.06, 0.25, 0.76
 0.04, 0.06, 0.25, 0.76
 0.04, 0.06, 0.25, 0.76
 0.04, 0.06, 0.25, 0.76
 0.04, 0.06, 0.25, 0.76
 0.04, 0.06, 0.25, 0.76
 0.04, 0.06, 0.25, 0.76
 0.04, 0.06, 0.25, 0.76
 0.04, 0.06, 0.25, 0.76
 0.04, 0.06, 0.25, 0.76
 0.04, 0.06, 0.25, 0.76
 0.04, 0.06, 0.25, 0.76
 0.04, 0.06, 0.25, 0.76
 0.04, 0.06, 0.25, 0.76
 0.04, 0.06, 0.25, 0.76
 0.04, 0.06, 0.25, 0.76
 0.04, 0.06, 0.25, 0.76
 0.04, 0.06, 0.25, 0.76
 0.04, 0.06, 0.25, 0.76
 0.04, 0.06, 0.25, 0.76
 0.04, 0.06, 0.25, 0.76
 0.04, 0.06, 0.25, 0.76
 0.04, 0.06, 0.25, 0.76
 0.04, 0.06, 0.25, 0.76
 0.04, 0.06, 0.25, 0.76
 0.04, 0.06, 0.25, 0.76
 0.04, 0.06, 0.25, 0.76
 0.04, 0.06, 0.25, 0.76
 0.04, 0.06, 0.25, 0.76
 0.04, 0.06, 0.25, 0.76
 0.04, 0.06, 0.25, 0.76
 0.04, 0.06, 0.25, 0.76
 0.04, 0.06, 0.25, 0.76
 0.04, 0.06, 0.25, 0.76
 0.04, 0.06, 0.25, 0.76
 0.04, 0.06, 0.25, 0.76
 0.04, 0.06, 0.25, 0.76
 0.04, 0.06, 0.25, 0.76
 0.04, 0.06, 0.25, 0.76
 0.04, 0.06, 0.25, 0.76
 0.04, 0.06, 0.25, 0.76
 0.04, 0.06, 0.25, 0.76
 0.04, 0.06, 0.25, 0.76
 0.04, 0.06, 0.25, 0.76
 0.04, 0.06, 0.25, 0.76
 0.04, 0.06, 0.25, 0.76
 0.04, 0.06, 0.25, 0.76
 0.04, 0.06, 0.25, 0.76
 0.04, 0.06, 0.25, 0.76
 0.04, 0.06, 0.25, 0.76
 0.04, 0.06, 0.25, 0.76
 0.04, 0.06, 0.25, 0.76
 0.04, 0.06, 0.25, 0.76
 0.04, 0.06, 0.25, 0.76
 0.04, 0.06, 0.25, 0.76
 0.04, 0.06, 0.25, 0.76
 0.04, 0.06, 0.25, 0.76
 0.04, 0.06, 0.25, 0.76
 0.04, 0.06, 0.25, 0.76
 0.04, 0.06, 0.25, 0.76
 0.04, 0.06, 0.25, 0.76
 0.04, 0.06, 0.25, 0.76
 0.04, 0.06, 0.25, 0.76
 0.04, 0.06, 0.25, 0.77
 0.04, 0.06, 0.25, 0.77
 0.04, 0.06, 0.25, 0.77
 0.04, 0.06, 0.25, 0.77
 0.04, 0.06, 0.25, 0.77
 0.04, 0.06, 0.25, 0.77
 0.04, 0.06, 0.24, 0.77
 0.04, 0.06, 0.24, 0.77
 0.04, 0.06, 0.24, 0.77
 0.04, 0.06, 0.24, 0.77
 0.04, 0.06, 0.24, 0.77
 0.04, 0.06, 0.24, 0.77
 0.04, 0.06, 0.24, 0.77
 0.04, 0.06, 0.24, 0.77
 0.04, 0.06, 0.24, 0.77
 0.04, 0.06, 0.24, 0.77
 0.04, 0.06, 0.24, 0.77
 0.04, 0.06, 0.24, 0.77
 0.04, 0.06, 0.24, 0.77
 0.04, 0.06, 0.24, 0.77
 0.04, 0.06, 0.24, 0.77
 0.04, 0.06, 0.24, 0.77
 0.04, 0.06, 0.24, 0.77
 0.04, 0.06, 0.24, 0.77
 0.04, 0.06, 0.24, 0.77
 0.04, 0.06, 0.24, 0.77
 0.04, 0.06, 0.24, 0.77
 0.04, 0.06, 0.24, 0.77
 0.04, 0.06, 0.24, 0.77
 0.04, 0.06, 0.24, 0.77
 0.04, 0.06, 0.24, 0.77
 0.04, 0.06, 0.24, 0.77
 0.04, 0.06, 0.24, 0.77
 0.04, 0.06, 0.24, 0.77
 0.04, 0.06, 0.24, 0.77
 0.04, 0.06, 0.24, 0.77
 0.04, 0.06, 0.24, 0.77
 0.04, 0.06, 0.24, 0.77
 0.04, 0.06, 0.24, 0.77
 0.04, 0.06, 0.24, 0.77
 0.04, 0.06, 0.24, 0.77
 0.04, 0.06, 0.24, 0.77
 0.04, 0.06, 0.24, 0.77
 0.04, 0.06, 0.24, 0.77
 0.04, 0.06, 0.24, 0.77
 0.04, 0.06, 0.24, 0.77
 0.04, 0.06, 0.24, 0.77
 0.04, 0.06, 0.24, 0.77
 0.04, 0.06, 0.24, 0.77
 0.04, 0.06, 0.24, 0.77
 0.04, 0.06, 0.24, 0.77
 0.04, 0.06, 0.24, 0.77
 0.04, 0.06, 0.24, 0.77
 0.04, 0.06, 0.24, 0.77
 0.04, 0.06, 0.24, 0.77
 0.04, 0.06, 0.24, 0.77
 0.04, 0.06, 0.24, 0.77
 0.04, 0.06, 0.24, 0.77
 0.04, 0.06, 0.24, 0.77
 0.04, 0.06, 0.24, 0.77
 0.04, 0.06, 0.24, 0.77
 0.04, 0.06, 0.24, 0.77
 0.04, 0.06, 0.24, 0.77
 0.04, 0.06, 0.24, 0.77
 0.04, 0.06, 0.24, 0.77
 0.04, 0.06, 0.24, 0.77
 0.04, 0.06, 0.24, 0.77
 0.04, 0.06, 0.24, 0.77
 0.04, 0.06, 0.24, 0.77
 0.03, 0.06, 0.24, 0.77
 0.03, 0.06, 0.24, 0.77
 0.03, 0.06, 0.24, 0.78
 0.03, 0.06, 0.24, 0.78
 0.03, 0.06, 0.24, 0.78
 0.03, 0.06, 0.24, 0.78
 0.03, 0.06, 0.24, 0.78
 0.03, 0.06, 0.24, 0.78
 0.03, 0.06, 0.24, 0.78
 0.03, 0.06, 0.24, 0.78
 0.03, 0.06, 0.24, 0.78
 0.03, 0.06, 0.24, 0.78
 0.03, 0.06, 0.24, 0.78
 0.03, 0.06, 0.24, 0.78
 0.03, 0.06, 0.24, 0.78
 0.03, 0.06, 0.24, 0.78
 0.03, 0.06, 0.24, 0.78
 0.03, 0.06, 0.24, 0.78
 0.03, 0.06, 0.24, 0.78
 0.03, 0.06, 0.24, 0.78
 0.03, 0.06, 0.24, 0.78
 0.03, 0.06, 0.24, 0.78
 0.03, 0.06, 0.24, 0.78
 0.03, 0.06, 0.24, 0.78
 0.03, 0.06, 0.24, 0.78
 0.03, 0.06, 0.24, 0.78
 0.03, 0.06, 0.24, 0.78
 0.03, 0.06, 0.24, 0.78
 0.03, 0.06, 0.24, 0.78
 0.03, 0.06, 0.24, 0.78
 0.03, 0.06, 0.24, 0.78
 0.03, 0.06, 0.24, 0.78
 0.03, 0.06, 0.24, 0.78
 0.03, 0.06, 0.24, 0.78
 0.03, 0.06, 0.24, 0.78
 0.03, 0.06, 0.24, 0.78
 0.03, 0.06, 0.24, 0.78
 0.03, 0.06, 0.24, 0.78
 0.03, 0.06, 0.24, 0.78
 0.03, 0.06, 0.24, 0.78
 0.03, 0.06, 0.24, 0.78
 0.03, 0.06, 0.24, 0.78
 0.03, 0.06, 0.24, 0.78
 0.03, 0.06, 0.24, 0.78
 0.03, 0.06, 0.23, 0.78
 0.03, 0.06, 0.23, 0.78
 0.03, 0.06, 0.23, 0.78
 0.03, 0.06, 0.23, 0.78
 0.03, 0.06, 0.23, 0.78
 0.03, 0.06, 0.23, 0.78
 0.03, 0.06, 0.23, 0.78
 0.03, 0.06, 0.23, 0.78
 0.03, 0.06, 0.23, 0.78
 0.03, 0.06, 0.23, 0.78
 0.03, 0.06, 0.23, 0.78
 0.03, 0.06, 0.23, 0.78
 0.03, 0.06, 0.23, 0.78
 0.03, 0.06, 0.23, 0.78
 0.03, 0.06, 0.23, 0.78
 0.03, 0.06, 0.23, 0.78
 0.03, 0.06, 0.23, 0.78
 0.03, 0.06, 0.23, 0.78
 0.03, 0.06, 0.23, 0.78
 0.03, 0.06, 0.23, 0.78
 0.03, 0.06, 0.23, 0.78
 0.03, 0.06, 0.23, 0.78
 0.03, 0.06, 0.23, 0.78
 0.03, 0.06, 0.23, 0.78
 0.03, 0.06, 0.23, 0.78
 0.03, 0.06, 0.23, 0.78
 0.03, 0.06, 0.23, 0.78
 0.03, 0.06, 0.23, 0.78
 0.03, 0.06, 0.23, 0.78
 0.03, 0.06, 0.23, 0.78
 0.03, 0.06, 0.23, 0.78
 0.03, 0.06, 0.23, 0.78
 0.03, 0.06, 0.23, 0.79
 0.03, 0.06, 0.23, 0.79
 0.03, 0.06, 0.23, 0.79
 0.03, 0.06, 0.23, 0.79
 0.03, 0.06, 0.23, 0.79
 0.03, 0.06, 0.23, 0.79
 0.03, 0.06, 0.23, 0.79
 0.03, 0.06, 0.23, 0.79
 0.03, 0.06, 0.23, 0.79
 0.03, 0.06, 0.23, 0.79
 0.03, 0.06, 0.23, 0.79
 0.03, 0.06, 0.23, 0.79
 0.03, 0.06, 0.23, 0.79
 0.03, 0.06, 0.23, 0.79
 0.03, 0.06, 0.23, 0.79
 0.03, 0.06, 0.23, 0.79
 0.03, 0.06, 0.23, 0.79
 0.03, 0.06, 0.23, 0.79
 0.03, 0.06, 0.23, 0.79
 0.03, 0.06, 0.23, 0.79
 0.03, 0.06, 0.23, 0.79
 0.03, 0.06, 0.23, 0.79
 0.03, 0.06, 0.23, 0.79
 0.03, 0.06, 0.23, 0.79
 0.03, 0.06, 0.23, 0.79
 0.03, 0.06, 0.23, 0.79
 0.03, 0.06, 0.23, 0.79
 0.03, 0.06, 0.23, 0.79
 0.03, 0.06, 0.23, 0.79
 0.03, 0.06, 0.23, 0.79
 0.03, 0.06, 0.23, 0.79
 0.03, 0.06, 0.23, 0.79
 0.03, 0.06, 0.23, 0.79
 0.03, 0.06, 0.23, 0.79
 0.03, 0.06, 0.23, 0.79
 0.03, 0.06, 0.23, 0.79
 0.03, 0.06, 0.23, 0.79
 0.03, 0.06, 0.23, 0.79
 0.03, 0.06, 0.23, 0.79
 0.03, 0.06, 0.23, 0.79
 0.03, 0.06, 0.23, 0.79
 0.03, 0.06, 0.23, 0.79
 0.03, 0.06, 0.23, 0.79
 0.03, 0.06, 0.23, 0.79
 0.03, 0.06, 0.23, 0.79
 0.03, 0.06, 0.23, 0.79
 0.03, 0.06, 0.23, 0.79
 0.03, 0.06, 0.23, 0.79
 0.03, 0.06, 0.23, 0.79
 0.03, 0.06, 0.23, 0.79
 0.03, 0.07, 0.23, 0.79
 0.03, 0.07, 0.23, 0.79
 0.03, 0.07, 0.23, 0.79
 0.03, 0.07, 0.23, 0.79
 0.03, 0.07, 0.23, 0.79
 0.03, 0.07, 0.23, 0.79
 0.03, 0.07, 0.23, 0.79
 0.03, 0.07, 0.23, 0.79
 0.03, 0.07, 0.23, 0.79
 0.03, 0.07, 0.23, 0.79
 0.03, 0.07, 0.23, 0.79
 0.03, 0.07, 0.23, 0.79
 0.03, 0.07, 0.23, 0.79
 0.03, 0.07, 0.23, 0.79
 0.03, 0.07, 0.23, 0.79
 0.03, 0.07, 0.23, 0.79
 0.03, 0.07, 0.23, 0.79
 0.03, 0.07, 0.23, 0.79
 0.03, 0.07, 0.23, 0.79
 0.03, 0.07, 0.23, 0.79
 0.03, 0.07, 0.23, 0.79
 0.03, 0.07, 0.23, 0.79
 0.03, 0.07, 0.23, 0.79
 0.03, 0.07, 0.23, 0.79
 0.03, 0.07, 0.23, 0.79
 0.03, 0.07, 0.23, 0.79
 0.03, 0.07, 0.23, 0.79
 0.03, 0.07, 0.23, 0.80
 0.03, 0.07, 0.23, 0.80
 0.03, 0.07, 0.23, 0.80
 0.03, 0.07, 0.22, 0.80
 0.03, 0.07, 0.22, 0.80
 0.03, 0.07, 0.22, 0.80
 0.03, 0.07, 0.22, 0.80
 0.03, 0.07, 0.22, 0.80
 0.03, 0.07, 0.22, 0.80
 0.03, 0.07, 0.22, 0.80
 0.03, 0.07, 0.22, 0.80
 0.03, 0.07, 0.22, 0.80
 0.03, 0.07, 0.22, 0.80
 0.03, 0.07, 0.22, 0.80
 0.03, 0.07, 0.22, 0.80
 0.03, 0.07, 0.22, 0.80
 0.03, 0.07, 0.22, 0.80
 0.03, 0.07, 0.22, 0.80
 0.03, 0.07, 0.22, 0.80
 0.03, 0.07, 0.22, 0.80
 0.03, 0.07, 0.22, 0.80
 0.03, 0.07, 0.22, 0.80
 0.03, 0.07, 0.22, 0.80
 0.03, 0.07, 0.22, 0.80
 0.03, 0.07, 0.22, 0.80
 0.03, 0.07, 0.22, 0.80
 0.03, 0.07, 0.22, 0.80
 0.03, 0.07, 0.22, 0.80
 0.03, 0.07, 0.22, 0.80
 0.03, 0.07, 0.22, 0.80
 0.03, 0.07, 0.22, 0.80
 0.03, 0.07, 0.22, 0.80
 0.03, 0.07, 0.22, 0.80
 0.03, 0.07, 0.22, 0.80
 0.03, 0.07, 0.22, 0.80
 0.03, 0.07, 0.22, 0.80
 0.03, 0.07, 0.22, 0.80
 0.03, 0.07, 0.22, 0.80
 0.03, 0.07, 0.22, 0.80
 0.03, 0.07, 0.22, 0.80
 0.03, 0.07, 0.22, 0.80
 0.03, 0.07, 0.22, 0.80
 0.03, 0.07, 0.22, 0.80
 0.03, 0.07, 0.22, 0.80
 0.03, 0.07, 0.22, 0.80
 0.03, 0.07, 0.22, 0.80
 0.03, 0.07, 0.22, 0.80
 0.03, 0.07, 0.22, 0.80
 0.03, 0.07, 0.22, 0.80
 0.03, 0.07, 0.22, 0.80
 0.03, 0.07, 0.22, 0.80
 0.03, 0.07, 0.22, 0.80
 0.03, 0.07, 0.22, 0.80
 0.03, 0.07, 0.22, 0.80
 0.03, 0.07, 0.22, 0.80
 0.03, 0.07, 0.22, 0.80
 0.03, 0.07, 0.22, 0.80
 0.03, 0.07, 0.22, 0.80
 0.03, 0.07, 0.22, 0.80
 0.03, 0.07, 0.22, 0.80
 0.03, 0.07, 0.22, 0.80
 0.03, 0.07, 0.22, 0.80
 0.03, 0.07, 0.22, 0.80
 0.03, 0.07, 0.22, 0.80
 0.03, 0.07, 0.22, 0.80
 0.03, 0.07, 0.22, 0.80
 0.03, 0.07, 0.22, 0.80
 0.03, 0.07, 0.22, 0.80
 0.03, 0.07, 0.22, 0.80
 0.03, 0.07, 0.22, 0.80
 0.03, 0.07, 0.22, 0.80
 0.03, 0.07, 0.22, 0.80
 0.03, 0.07, 0.22, 0.80
 0.03, 0.07, 0.22, 0.80
 0.03, 0.07, 0.22, 0.80
 0.03, 0.07, 0.22, 0.80
 0.03, 0.07, 0.22, 0.80
 0.03, 0.07, 0.22, 0.80
 0.03, 0.07, 0.22, 0.80
 0.03, 0.07, 0.22, 0.80
 0.03, 0.07, 0.22, 0.80
 0.03, 0.07, 0.22, 0.81
 0.03, 0.07, 0.22, 0.81
 0.03, 0.07, 0.22, 0.81
 0.03, 0.07, 0.22, 0.81
 0.03, 0.07, 0.22, 0.81
 0.03, 0.07, 0.22, 0.81
 0.03, 0.07, 0.22, 0.81
 0.03, 0.07, 0.22, 0.81
 0.03, 0.07, 0.22, 0.81
 0.03, 0.07, 0.22, 0.81
 0.03, 0.07, 0.22, 0.81
 0.03, 0.07, 0.22, 0.81
 0.03, 0.07, 0.22, 0.81
 0.03, 0.07, 0.22, 0.81
 0.03, 0.08, 0.22, 0.81
 0.03, 0.08, 0.22, 0.81
 0.03, 0.08, 0.22, 0.81
 0.03, 0.08, 0.22, 0.81
 0.03, 0.08, 0.22, 0.81
 0.03, 0.08, 0.22, 0.81
 0.03, 0.08, 0.22, 0.81
 0.03, 0.08, 0.22, 0.81
 0.03, 0.08, 0.22, 0.81
 0.03, 0.08, 0.22, 0.81
 0.03, 0.08, 0.22, 0.81
 0.03, 0.08, 0.22, 0.81
 0.03, 0.08, 0.22, 0.81
 0.03, 0.08, 0.22, 0.81
 0.03, 0.08, 0.22, 0.81
 0.03, 0.08, 0.22, 0.81
 0.03, 0.08, 0.22, 0.81
 0.03, 0.08, 0.22, 0.81
 0.03, 0.08, 0.22, 0.81
 0.03, 0.08, 0.22, 0.81
 0.03, 0.08, 0.22, 0.81
 0.03, 0.08, 0.22, 0.81
 0.03, 0.08, 0.22, 0.81
 0.03, 0.08, 0.22, 0.81
 0.03, 0.08, 0.22, 0.81
 0.03, 0.08, 0.22, 0.81
 0.03, 0.08, 0.21, 0.81
 0.03, 0.08, 0.21, 0.81
 0.03, 0.08, 0.21, 0.81
 0.03, 0.08, 0.21, 0.81
 0.03, 0.08, 0.21, 0.81
 0.03, 0.08, 0.21, 0.81
 0.03, 0.08, 0.21, 0.81
 0.03, 0.08, 0.21, 0.81
 0.03, 0.08, 0.21, 0.81
 0.03, 0.08, 0.21, 0.81
 0.03, 0.08, 0.21, 0.81
 0.03, 0.08, 0.21, 0.81
 0.03, 0.08, 0.21, 0.81
 0.03, 0.08, 0.21, 0.81
 0.03, 0.08, 0.21, 0.81
 0.03, 0.08, 0.21, 0.81
 0.03, 0.08, 0.21, 0.81
 0.03, 0.08, 0.21, 0.81
 0.03, 0.08, 0.21, 0.81
 0.03, 0.08, 0.21, 0.81
 0.03, 0.08, 0.21, 0.81
 0.03, 0.08, 0.21, 0.81
 0.03, 0.08, 0.21, 0.81
 0.03, 0.08, 0.21, 0.81
 0.03, 0.08, 0.21, 0.81
 0.03, 0.08, 0.21, 0.81
 0.03, 0.08, 0.21, 0.81
 0.03, 0.08, 0.21, 0.81
 0.03, 0.08, 0.21, 0.81
 0.03, 0.08, 0.21, 0.81
 0.03, 0.08, 0.21, 0.81
 0.03, 0.08, 0.21, 0.81
 0.03, 0.08, 0.21, 0.81
 0.03, 0.08, 0.21, 0.81
 0.03, 0.08, 0.21, 0.81
 0.03, 0.08, 0.21, 0.81
 0.03, 0.08, 0.21, 0.81
 0.03, 0.08, 0.21, 0.81
 0.03, 0.08, 0.21, 0.81
 0.03, 0.08, 0.21, 0.81
 0.03, 0.08, 0.21, 0.81
 0.03, 0.08, 0.21, 0.81
 0.03, 0.08, 0.21, 0.81
 0.03, 0.08, 0.21, 0.81
 0.03, 0.08, 0.21, 0.81
 0.03, 0.08, 0.21, 0.81
 0.03, 0.08, 0.21, 0.82
 0.03, 0.08, 0.21, 0.82
 0.03, 0.08, 0.21, 0.82
 0.03, 0.08, 0.21, 0.82
 0.03, 0.08, 0.21, 0.82
 0.03, 0.08, 0.21, 0.82
 0.03, 0.09, 0.21, 0.82
 0.03, 0.09, 0.21, 0.82
 0.03, 0.09, 0.21, 0.82
 0.03, 0.09, 0.21, 0.82
 0.03, 0.09, 0.21, 0.82
 0.03, 0.09, 0.21, 0.82
 0.03, 0.09, 0.21, 0.82
 0.03, 0.09, 0.21, 0.82
 0.03, 0.09, 0.21, 0.82
 0.03, 0.09, 0.21, 0.82
 0.03, 0.09, 0.21, 0.82
 0.03, 0.09, 0.21, 0.82
 0.03, 0.09, 0.21, 0.82
 0.03, 0.09, 0.21, 0.82
 0.03, 0.09, 0.21, 0.82
 0.03, 0.09, 0.21, 0.82
 0.03, 0.09, 0.21, 0.82
 0.03, 0.09, 0.21, 0.82
 0.03, 0.09, 0.21, 0.82
 0.03, 0.09, 0.21, 0.82
 0.03, 0.09, 0.21, 0.82
 0.03, 0.09, 0.21, 0.82
 0.03, 0.09, 0.21, 0.82
 0.03, 0.09, 0.21, 0.82
 0.03, 0.09, 0.21, 0.82
 0.03, 0.09, 0.21, 0.82
 0.03, 0.09, 0.21, 0.82
 0.03, 0.09, 0.21, 0.82
 0.03, 0.09, 0.21, 0.82
 0.03, 0.09, 0.21, 0.82
 0.03, 0.09, 0.21, 0.82
 0.03, 0.09, 0.21, 0.82
 0.03, 0.09, 0.21, 0.82
 0.03, 0.09, 0.21, 0.82
 0.03, 0.09, 0.21, 0.82
 0.03, 0.09, 0.21, 0.82
 0.03, 0.09, 0.21, 0.82
 0.03, 0.09, 0.21, 0.82
 0.03, 0.09, 0.21, 0.82
 0.03, 0.09, 0.21, 0.82
 0.03, 0.09, 0.21, 0.82
 0.03, 0.09, 0.21, 0.82
 0.03, 0.09, 0.21, 0.82
 0.03, 0.09, 0.21, 0.82
 0.03, 0.09, 0.21, 0.82
 0.03, 0.09, 0.21, 0.82
 0.03, 0.09, 0.21, 0.82
 0.03, 0.09, 0.21, 0.82
 0.03, 0.09, 0.21, 0.82
 0.03, 0.09, 0.21, 0.82
 0.03, 0.09, 0.21, 0.82
 0.03, 0.09, 0.21, 0.82
 0.03, 0.09, 0.21, 0.82
 0.03, 0.09, 0.21, 0.82
 0.03, 0.09, 0.21, 0.82
 0.03, 0.09, 0.21, 0.82
 0.03, 0.09, 0.21, 0.82
 0.03, 0.09, 0.21, 0.82
 0.03, 0.09, 0.21, 0.82
 0.03, 0.09, 0.21, 0.82
 0.03, 0.09, 0.21, 0.82
 0.03, 0.10, 0.21, 0.82
 0.03, 0.10, 0.21, 0.82
 0.03, 0.10, 0.21, 0.82
 0.03, 0.10, 0.21, 0.82
 0.03, 0.10, 0.21, 0.82
 0.03, 0.10, 0.21, 0.82
 0.03, 0.10, 0.21, 0.82
 0.03, 0.10, 0.21, 0.82
 0.03, 0.10, 0.21, 0.82
 0.03, 0.10, 0.21, 0.82
 0.03, 0.10, 0.20, 0.82
 0.03, 0.10, 0.20, 0.82
 0.03, 0.10, 0.20, 0.82
 0.03, 0.10, 0.20, 0.82
 0.03, 0.10, 0.20, 0.82
 0.03, 0.10, 0.20, 0.82
 0.03, 0.10, 0.20, 0.82
 0.03, 0.10, 0.20, 0.82
 0.03, 0.10, 0.20, 0.82
 0.03, 0.10, 0.20, 0.82
 0.03, 0.10, 0.20, 0.82
 0.03, 0.10, 0.20, 0.82
 0.03, 0.10, 0.20, 0.82
 0.03, 0.10, 0.20, 0.83
 0.03, 0.10, 0.20, 0.83
 0.03, 0.10, 0.20, 0.83
 0.03, 0.10, 0.20, 0.83
 0.03, 0.10, 0.20, 0.83
 0.03, 0.10, 0.20, 0.83
 0.03, 0.10, 0.20, 0.83
 0.03, 0.10, 0.20, 0.83
 0.03, 0.10, 0.20, 0.83
 0.03, 0.10, 0.20, 0.83
 0.03, 0.10, 0.20, 0.83
 0.03, 0.10, 0.20, 0.83
 0.03, 0.10, 0.20, 0.83
 0.03, 0.10, 0.20, 0.83
 0.03, 0.10, 0.20, 0.83
 0.03, 0.10, 0.20, 0.83
 0.03, 0.10, 0.20, 0.83
 0.03, 0.10, 0.20, 0.83
 0.03, 0.10, 0.20, 0.83
 0.03, 0.10, 0.20, 0.83
 0.03, 0.10, 0.20, 0.83
 0.03, 0.10, 0.20, 0.83
 0.03, 0.10, 0.20, 0.83
 0.03, 0.10, 0.20, 0.83
 0.03, 0.10, 0.20, 0.83
 0.03, 0.10, 0.20, 0.83
 0.03, 0.10, 0.20, 0.83
 0.03, 0.10, 0.20, 0.83
 0.03, 0.10, 0.20, 0.83
 0.03, 0.11, 0.20, 0.83
 0.03, 0.11, 0.20, 0.83
 0.03, 0.11, 0.20, 0.83
 0.03, 0.11, 0.20, 0.83
 0.03, 0.11, 0.20, 0.83
 0.03, 0.11, 0.20, 0.83
 0.03, 0.11, 0.20, 0.83
 0.03, 0.11, 0.20, 0.83
 0.03, 0.11, 0.20, 0.83
 0.03, 0.11, 0.20, 0.83
 0.03, 0.11, 0.20, 0.83
 0.03, 0.11, 0.20, 0.83
 0.03, 0.11, 0.20, 0.83
 0.03, 0.11, 0.20, 0.83
 0.03, 0.11, 0.20, 0.83
 0.03, 0.11, 0.20, 0.83
 0.03, 0.11, 0.20, 0.83
 0.03, 0.11, 0.20, 0.83
 0.03, 0.11, 0.20, 0.83
 0.03, 0.11, 0.20, 0.83
 0.03, 0.11, 0.20, 0.83
 0.03, 0.11, 0.20, 0.83
 0.03, 0.11, 0.20, 0.83
 0.03, 0.11, 0.20, 0.83
 0.03, 0.11, 0.20, 0.83
 0.03, 0.11, 0.20, 0.83
 0.03, 0.11, 0.20, 0.83
 0.03, 0.11, 0.20, 0.83
 0.03, 0.11, 0.20, 0.83
 0.03, 0.11, 0.20, 0.83
 0.03, 0.11, 0.20, 0.83
 0.03, 0.11, 0.20, 0.83
 0.03, 0.11, 0.20, 0.83
 0.03, 0.11, 0.20, 0.83
 0.03, 0.11, 0.20, 0.83
 0.03, 0.11, 0.20, 0.83
 0.03, 0.11, 0.20, 0.83
 0.03, 0.11, 0.20, 0.83
 0.03, 0.11, 0.20, 0.83
 0.03, 0.11, 0.20, 0.83
 0.03, 0.11, 0.20, 0.83
 0.03, 0.11, 0.20, 0.83
 0.03, 0.11, 0.20, 0.83
 0.03, 0.11, 0.20, 0.83
 0.03, 0.11, 0.20, 0.83
 0.03, 0.12, 0.20, 0.83
 0.03, 0.12, 0.20, 0.83
 0.03, 0.12, 0.20, 0.83
 0.03, 0.12, 0.20, 0.83
 0.03, 0.12, 0.20, 0.83
 0.03, 0.12, 0.20, 0.83
 0.03, 0.12, 0.20, 0.83
 0.03, 0.12, 0.20, 0.83
 0.03, 0.12, 0.20, 0.83
 0.03, 0.12, 0.20, 0.83
 0.03, 0.12, 0.20, 0.83
 0.03, 0.12, 0.20, 0.83
 0.03, 0.12, 0.20, 0.83
 0.03, 0.12, 0.20, 0.83
 0.03, 0.12, 0.20, 0.83
 0.03, 0.12, 0.20, 0.83
 0.03, 0.12, 0.20, 0.83
 0.03, 0.12, 0.20, 0.83
 0.03, 0.12, 0.20, 0.83
 0.03, 0.12, 0.20, 0.83
 0.03, 0.12, 0.20, 0.83
 0.03, 0.12, 0.20, 0.83
 0.03, 0.12, 0.20, 0.84
 0.03, 0.12, 0.20, 0.84
 0.03, 0.12, 0.20, 0.84
 0.03, 0.12, 0.20, 0.84
 0.03, 0.12, 0.20, 0.84
 0.03, 0.12, 0.20, 0.84
 0.03, 0.12, 0.20, 0.84
 0.02, 0.12, 0.20, 0.84
 0.02, 0.12, 0.20, 0.84
 0.02, 0.12, 0.20, 0.84
 0.02, 0.12, 0.20, 0.84
 0.02, 0.12, 0.20, 0.84
 0.02, 0.12, 0.20, 0.84
 0.02, 0.12, 0.20, 0.84
 0.02, 0.12, 0.20, 0.84
 0.02, 0.12, 0.20, 0.84
 0.02, 0.12, 0.20, 0.84
 0.02, 0.12, 0.20, 0.84
 0.02, 0.12, 0.20, 0.84
 0.02, 0.13, 0.20, 0.84
 0.02, 0.13, 0.19, 0.84
 0.02, 0.13, 0.19, 0.84
 0.02, 0.13, 0.19, 0.84
 0.02, 0.13, 0.19, 0.84
 0.02, 0.13, 0.19, 0.84
 0.02, 0.13, 0.19, 0.84
 0.02, 0.13, 0.19, 0.84
 0.02, 0.13, 0.19, 0.84
 0.02, 0.13, 0.19, 0.84
 0.02, 0.13, 0.19, 0.84
 0.02, 0.13, 0.19, 0.84
 0.02, 0.13, 0.19, 0.84
 0.02, 0.13, 0.19, 0.84
 0.02, 0.13, 0.19, 0.84
 0.02, 0.13, 0.19, 0.84
 0.02, 0.13, 0.19, 0.84
 0.02, 0.13, 0.19, 0.84
 0.02, 0.13, 0.19, 0.84
 0.02, 0.13, 0.19, 0.84
 0.02, 0.13, 0.19, 0.84
 0.02, 0.13, 0.19, 0.84
 0.02, 0.13, 0.19, 0.84
 0.02, 0.13, 0.19, 0.84
 0.02, 0.13, 0.19, 0.84
 0.02, 0.13, 0.19, 0.84
 0.02, 0.13, 0.19, 0.84
 0.02, 0.13, 0.19, 0.84
 0.02, 0.13, 0.19, 0.84
 0.02, 0.13, 0.19, 0.84
 0.02, 0.13, 0.19, 0.84
 0.02, 0.13, 0.19, 0.84
 0.02, 0.13, 0.19, 0.84
 0.02, 0.13, 0.19, 0.84
 0.02, 0.13, 0.19, 0.84
 0.02, 0.13, 0.19, 0.84
 0.02, 0.14, 0.19, 0.84
 0.02, 0.14, 0.19, 0.84
 0.02, 0.14, 0.19, 0.84
 0.02, 0.14, 0.19, 0.84
 0.02, 0.14, 0.19, 0.84
 0.02, 0.14, 0.19, 0.84
 0.02, 0.14, 0.19, 0.84
 0.02, 0.14, 0.19, 0.84
 0.02, 0.14, 0.19, 0.84
 0.02, 0.14, 0.19, 0.84
 0.02, 0.14, 0.19, 0.84
 0.02, 0.14, 0.19, 0.84
 0.02, 0.14, 0.19, 0.84
 0.02, 0.14, 0.19, 0.84
 0.02, 0.14, 0.19, 0.84
 0.02, 0.14, 0.19, 0.84
 0.02, 0.14, 0.19, 0.84
 0.02, 0.14, 0.19, 0.84
 0.02, 0.14, 0.19, 0.84
 0.02, 0.14, 0.19, 0.84
 0.02, 0.14, 0.19, 0.84
 0.02, 0.14, 0.19, 0.84
 0.02, 0.14, 0.19, 0.84
 0.02, 0.14, 0.19, 0.84
 0.02, 0.14, 0.19, 0.84
 0.02, 0.14, 0.19, 0.84
 0.02, 0.14, 0.19, 0.84
 0.02, 0.14, 0.19, 0.84
 0.02, 0.14, 0.19, 0.84
 0.02, 0.14, 0.19, 0.84
 0.02, 0.14, 0.19, 0.84
 0.02, 0.14, 0.19, 0.84
 0.02, 0.14, 0.19, 0.84
 0.02, 0.14, 0.19, 0.84
 0.02, 0.15, 0.19, 0.84
 0.02, 0.15, 0.19, 0.84
 0.02, 0.15, 0.19, 0.84
 0.02, 0.15, 0.19, 0.84
 0.02, 0.15, 0.19, 0.84
 0.02, 0.15, 0.19, 0.84
 0.02, 0.15, 0.19, 0.84
 0.02, 0.15, 0.19, 0.84
 0.02, 0.15, 0.19, 0.84
 0.02, 0.15, 0.19, 0.84
 0.02, 0.15, 0.19, 0.84
 0.02, 0.15, 0.19, 0.84
 0.02, 0.15, 0.19, 0.84
 0.02, 0.15, 0.19, 0.85
 0.02, 0.15, 0.19, 0.85
 0.02, 0.15, 0.19, 0.85
 0.02, 0.15, 0.19, 0.85
 0.02, 0.15, 0.19, 0.85
 0.02, 0.15, 0.19, 0.85
 0.02, 0.15, 0.19, 0.85
 0.02, 0.15, 0.19, 0.85
 0.02, 0.15, 0.19, 0.85
 0.02, 0.15, 0.19, 0.85
 0.02, 0.15, 0.19, 0.85
 0.02, 0.15, 0.19, 0.85
 0.02, 0.15, 0.19, 0.85
 0.02, 0.15, 0.19, 0.85
 0.02, 0.15, 0.19, 0.85
 0.02, 0.15, 0.19, 0.85
 0.02, 0.15, 0.19, 0.85
 0.02, 0.15, 0.19, 0.85
 0.02, 0.15, 0.19, 0.85
 0.02, 0.16, 0.19, 0.85
 0.02, 0.16, 0.19, 0.85
 0.02, 0.16, 0.19, 0.85
 0.02, 0.16, 0.19, 0.85
 0.02, 0.16, 0.19, 0.85
 0.02, 0.16, 0.19, 0.85
 0.02, 0.16, 0.19, 0.85
 0.02, 0.16, 0.19, 0.85
 0.02, 0.16, 0.19, 0.85
 0.02, 0.16, 0.19, 0.85
 0.02, 0.16, 0.19, 0.85
 0.02, 0.16, 0.19, 0.85
 0.02, 0.16, 0.19, 0.85
 0.02, 0.16, 0.19, 0.85
 0.02, 0.16, 0.19, 0.85
 0.02, 0.16, 0.19, 0.85
 0.02, 0.16, 0.19, 0.85
 0.02, 0.16, 0.19, 0.85
 0.02, 0.16, 0.19, 0.85
 0.02, 0.16, 0.19, 0.85
 0.02, 0.16, 0.19, 0.85
 0.02, 0.16, 0.19, 0.85
 0.02, 0.16, 0.19, 0.85
 0.02, 0.16, 0.19, 0.85
 0.02, 0.16, 0.19, 0.85
 0.02, 0.16, 0.19, 0.85
 0.02, 0.16, 0.19, 0.85
 0.02, 0.16, 0.19, 0.85
 0.02, 0.16, 0.19, 0.85
 0.02, 0.17, 0.19, 0.85
 0.02, 0.17, 0.19, 0.85
 0.02, 0.17, 0.19, 0.85
 0.02, 0.17, 0.19, 0.85
 0.02, 0.17, 0.19, 0.85
 0.02, 0.17, 0.19, 0.85
 0.02, 0.17, 0.18, 0.85
 0.02, 0.17, 0.18, 0.85
 0.02, 0.17, 0.18, 0.85
 0.02, 0.17, 0.18, 0.85
 0.02, 0.17, 0.18, 0.85
 0.02, 0.17, 0.18, 0.85
 0.02, 0.17, 0.18, 0.85
 0.02, 0.17, 0.18, 0.85
 0.02, 0.17, 0.18, 0.85
 0.02, 0.17, 0.18, 0.85
 0.02, 0.17, 0.18, 0.85
 0.02, 0.17, 0.18, 0.85
 0.02, 0.17, 0.18, 0.85
 0.02, 0.17, 0.18, 0.85
 0.02, 0.17, 0.18, 0.85
 0.02, 0.17, 0.18, 0.85
 0.02, 0.17, 0.18, 0.85
 0.02, 0.17, 0.18, 0.85
 0.02, 0.17, 0.18, 0.85
 0.02, 0.17, 0.18, 0.85
 0.02, 0.17, 0.18, 0.85
 0.02, 0.18, 0.18, 0.85
 0.02, 0.18, 0.18, 0.85
 0.02, 0.18, 0.18, 0.85
 0.02, 0.18, 0.18, 0.85
 0.02, 0.18, 0.18, 0.85
 0.02, 0.18, 0.18, 0.85
 0.02, 0.18, 0.18, 0.85
 0.02, 0.18, 0.18, 0.85
 0.02, 0.18, 0.18, 0.85
 0.02, 0.18, 0.18, 0.85
 0.02, 0.18, 0.18, 0.85
 0.02, 0.18, 0.18, 0.85
 0.02, 0.18, 0.18, 0.85
 0.02, 0.18, 0.18, 0.85
 0.02, 0.18, 0.18, 0.85
 0.02, 0.18, 0.18, 0.85
 0.02, 0.18, 0.18, 0.85
 0.02, 0.18, 0.18, 0.85
 0.02, 0.18, 0.18, 0.85
 0.02, 0.18, 0.18, 0.85
 0.02, 0.18, 0.18, 0.85
 0.02, 0.18, 0.18, 0.85
 0.02, 0.18, 0.18, 0.85
 0.02, 0.18, 0.18, 0.85
 0.02, 0.18, 0.18, 0.85
 0.02, 0.18, 0.18, 0.85
 0.02, 0.19, 0.18, 0.85
 0.02, 0.19, 0.18, 0.85
 0.02, 0.19, 0.18, 0.85
 0.02, 0.19, 0.18, 0.85
 0.02, 0.19, 0.18, 0.85
 0.02, 0.19, 0.18, 0.85
 0.02, 0.19, 0.18, 0.85
 0.02, 0.19, 0.18, 0.86
 0.02, 0.19, 0.18, 0.86
 0.02, 0.19, 0.18, 0.86
 0.02, 0.19, 0.18, 0.86
 0.02, 0.19, 0.18, 0.86
 0.02, 0.19, 0.18, 0.86
 0.02, 0.19, 0.18, 0.86
 0.02, 0.19, 0.18, 0.86
 0.02, 0.19, 0.18, 0.86
 0.02, 0.19, 0.18, 0.86
 0.02, 0.19, 0.18, 0.86
 0.02, 0.19, 0.18, 0.86
 0.02, 0.19, 0.18, 0.86
 0.02, 0.19, 0.18, 0.86
 0.02, 0.19, 0.18, 0.86
 0.02, 0.19, 0.18, 0.86
 0.02, 0.19, 0.18, 0.86
 0.02, 0.19, 0.18, 0.86
 0.02, 0.20, 0.18, 0.86
 0.02, 0.20, 0.18, 0.86
 0.02, 0.20, 0.18, 0.86
 0.02, 0.20, 0.18, 0.86
 0.02, 0.20, 0.18, 0.86
 0.02, 0.20, 0.18, 0.86
 0.02, 0.20, 0.18, 0.86
 0.02, 0.20, 0.18, 0.86
 0.02, 0.20, 0.18, 0.86
 0.02, 0.20, 0.18, 0.86
 0.02, 0.20, 0.18, 0.86
 0.02, 0.20, 0.18, 0.86
 0.02, 0.20, 0.18, 0.86
 0.02, 0.20, 0.18, 0.86
 0.02, 0.20, 0.18, 0.86
 0.02, 0.20, 0.18, 0.86
 0.02, 0.20, 0.18, 0.86
 0.02, 0.20, 0.18, 0.86
 0.02, 0.20, 0.18, 0.86
 0.02, 0.20, 0.18, 0.86
 0.02, 0.20, 0.18, 0.86
 0.02, 0.20, 0.18, 0.86
 0.02, 0.20, 0.18, 0.86
 0.02, 0.21, 0.18, 0.86
 0.02, 0.21, 0.18, 0.86
 0.02, 0.21, 0.18, 0.86
 0.02, 0.21, 0.18, 0.86
 0.02, 0.21, 0.18, 0.86
 0.02, 0.21, 0.18, 0.86
 0.02, 0.21, 0.18, 0.86
 0.02, 0.21, 0.18, 0.86
 0.02, 0.21, 0.18, 0.86
 0.02, 0.21, 0.18, 0.86
 0.02, 0.21, 0.18, 0.86
 0.02, 0.21, 0.18, 0.86
 0.02, 0.21, 0.18, 0.86
 0.02, 0.21, 0.18, 0.86
 0.02, 0.21, 0.18, 0.86
 0.02, 0.21, 0.18, 0.86
 0.02, 0.21, 0.18, 0.86
 0.02, 0.21, 0.18, 0.86
 0.02, 0.21, 0.18, 0.86
 0.02, 0.21, 0.18, 0.86
 0.02, 0.21, 0.18, 0.86
 0.02, 0.21, 0.18, 0.86
 0.02, 0.21, 0.18, 0.86
 0.02, 0.22, 0.18, 0.86
 0.02, 0.22, 0.18, 0.86
 0.02, 0.22, 0.18, 0.86
 0.02, 0.22, 0.18, 0.86
 0.02, 0.22, 0.18, 0.86
 0.02, 0.22, 0.18, 0.86
 0.02, 0.22, 0.18, 0.86
 0.02, 0.22, 0.18, 0.86
 0.02, 0.22, 0.18, 0.86
 0.02, 0.22, 0.18, 0.86
 0.02, 0.22, 0.18, 0.86
 0.02, 0.22, 0.18, 0.86
 0.02, 0.22, 0.18, 0.86
 0.02, 0.22, 0.18, 0.86
 0.02, 0.22, 0.18, 0.86
 0.02, 0.22, 0.18, 0.86
 0.02, 0.22, 0.18, 0.86
 0.02, 0.22, 0.18, 0.86
 0.02, 0.22, 0.18, 0.86
 0.02, 0.22, 0.18, 0.86
 0.02, 0.22, 0.18, 0.86
 0.02, 0.23, 0.18, 0.86
 0.02, 0.23, 0.18, 0.86
 0.02, 0.23, 0.18, 0.86
 0.02, 0.23, 0.18, 0.86
 0.02, 0.23, 0.17, 0.86
 0.02, 0.23, 0.17, 0.86
 0.02, 0.23, 0.17, 0.86
 0.02, 0.23, 0.17, 0.86
 0.02, 0.23, 0.17, 0.86
 0.02, 0.23, 0.17, 0.86
 0.02, 0.23, 0.17, 0.86
 0.02, 0.23, 0.17, 0.86
 0.02, 0.23, 0.17, 0.86
 0.02, 0.23, 0.17, 0.86
 0.02, 0.23, 0.17, 0.86
 0.02, 0.23, 0.17, 0.86
 0.02, 0.23, 0.17, 0.86
 0.02, 0.23, 0.17, 0.86
 0.02, 0.23, 0.17, 0.86
 0.02, 0.23, 0.17, 0.86
 0.02, 0.23, 0.17, 0.86
 0.02, 0.24, 0.17, 0.86
 0.02, 0.24, 0.17, 0.86
 0.02, 0.24, 0.17, 0.86
 0.02, 0.24, 0.17, 0.86
 0.02, 0.24, 0.17, 0.86
 0.02, 0.24, 0.17, 0.86
 0.02, 0.24, 0.17, 0.86
 0.02, 0.24, 0.17, 0.86
 0.02, 0.24, 0.17, 0.86
 0.02, 0.24, 0.17, 0.86
 0.02, 0.24, 0.17, 0.87
 0.02, 0.24, 0.17, 0.87
 0.02, 0.24, 0.17, 0.87
 0.02, 0.24, 0.17, 0.87
 0.02, 0.24, 0.17, 0.87
 0.02, 0.24, 0.17, 0.87
 0.02, 0.24, 0.17, 0.87
 0.02, 0.24, 0.17, 0.87
 0.02, 0.24, 0.17, 0.87
 0.02, 0.25, 0.17, 0.87
 0.02, 0.25, 0.17, 0.87
 0.02, 0.25, 0.17, 0.87
 0.02, 0.25, 0.17, 0.87
 0.02, 0.25, 0.17, 0.87
 0.02, 0.25, 0.17, 0.87
 0.02, 0.25, 0.17, 0.87
 0.02, 0.25, 0.17, 0.87
 0.02, 0.25, 0.17, 0.87
 0.02, 0.25, 0.17, 0.87
 0.02, 0.25, 0.17, 0.87
 0.02, 0.25, 0.17, 0.87
 0.02, 0.25, 0.17, 0.87
 0.02, 0.25, 0.17, 0.87
 0.02, 0.25, 0.17, 0.87
 0.02, 0.25, 0.17, 0.87
 0.02, 0.25, 0.17, 0.87
 0.02, 0.25, 0.17, 0.87
 0.02, 0.25, 0.17, 0.87
 0.02, 0.25, 0.17, 0.87
 0.02, 0.26, 0.17, 0.87
 0.02, 0.26, 0.17, 0.87
 0.02, 0.26, 0.17, 0.87
 0.02, 0.26, 0.17, 0.87
 0.02, 0.26, 0.17, 0.87
 0.02, 0.26, 0.17, 0.87
 0.02, 0.26, 0.17, 0.87
 0.02, 0.26, 0.17, 0.87
 0.02, 0.26, 0.17, 0.87
 0.02, 0.26, 0.17, 0.87
 0.02, 0.26, 0.17, 0.87
 0.02, 0.26, 0.17, 0.87
 0.02, 0.26, 0.17, 0.87
 0.02, 0.26, 0.17, 0.87
 0.02, 0.26, 0.17, 0.87
 0.02, 0.26, 0.17, 0.87
 0.02, 0.26, 0.17, 0.87
 0.02, 0.26, 0.17, 0.87
 0.02, 0.26, 0.17, 0.87
 0.02, 0.27, 0.17, 0.87
 0.02, 0.27, 0.17, 0.87
 0.02, 0.27, 0.17, 0.87
 0.02, 0.27, 0.17, 0.87
 0.02, 0.27, 0.17, 0.87
 0.02, 0.27, 0.17, 0.87
 0.02, 0.27, 0.17, 0.87
 0.02, 0.27, 0.17, 0.87
 0.02, 0.27, 0.17, 0.87
 0.02, 0.27, 0.17, 0.87
 0.02, 0.27, 0.17, 0.87
 0.02, 0.27, 0.17, 0.87
 0.02, 0.27, 0.17, 0.87
 0.02, 0.27, 0.17, 0.87
 0.02, 0.27, 0.17, 0.87
 0.02, 0.27, 0.17, 0.87
 0.02, 0.27, 0.17, 0.87
 0.02, 0.27, 0.17, 0.87
 0.02, 0.27, 0.17, 0.87
 0.02, 0.27, 0.17, 0.87
 0.02, 0.28, 0.17, 0.87
 0.02, 0.28, 0.17, 0.87
 0.02, 0.28, 0.17, 0.87
 0.02, 0.28, 0.17, 0.87
 0.02, 0.28, 0.17, 0.87
 0.02, 0.28, 0.17, 0.87
 0.02, 0.28, 0.17, 0.87
 0.02, 0.28, 0.17, 0.87
 0.02, 0.28, 0.17, 0.87
 0.02, 0.28, 0.17, 0.87
 0.02, 0.28, 0.17, 0.87
 0.02, 0.28, 0.17, 0.87
 0.02, 0.28, 0.17, 0.87
 0.02, 0.28, 0.17, 0.87
 0.02, 0.28, 0.17, 0.87
 0.02, 0.28, 0.17, 0.87
 0.02, 0.28, 0.17, 0.87
 0.02, 0.28, 0.17, 0.87
 0.02, 0.28, 0.17, 0.87
 0.02, 0.28, 0.17, 0.87
 0.02, 0.29, 0.17, 0.87
 0.02, 0.29, 0.17, 0.87
 0.02, 0.29, 0.17, 0.87
 0.02, 0.29, 0.17, 0.87
 0.02, 0.29, 0.17, 0.87
 0.02, 0.29, 0.17, 0.87
 0.02, 0.29, 0.17, 0.87
 0.02, 0.29, 0.17, 0.87
 0.02, 0.29, 0.17, 0.87
 0.02, 0.29, 0.17, 0.87
 0.02, 0.29, 0.17, 0.87
 0.02, 0.29, 0.17, 0.87
 0.02, 0.29, 0.17, 0.87
 0.02, 0.29, 0.17, 0.87
 0.02, 0.29, 0.17, 0.87
 0.02, 0.29, 0.17, 0.87
 0.02, 0.29, 0.17, 0.87
 0.02, 0.29, 0.17, 0.87
 0.02, 0.29, 0.17, 0.87
 0.02, 0.29, 0.17, 0.87
 0.02, 0.30, 0.17, 0.87
 0.02, 0.30, 0.17, 0.87
 0.02, 0.30, 0.17, 0.87
 0.02, 0.30, 0.17, 0.87
 0.02, 0.30, 0.17, 0.87
 0.02, 0.30, 0.17, 0.87
 0.02, 0.30, 0.17, 0.87
 0.02, 0.30, 0.17, 0.87
 0.02, 0.30, 0.17, 0.87
 0.02, 0.30, 0.17, 0.87
 0.02, 0.30, 0.17, 0.87
 0.02, 0.30, 0.17, 0.87
 0.02, 0.30, 0.17, 0.87
 0.02, 0.30, 0.17, 0.87
 0.02, 0.30, 0.17, 0.87
 0.02, 0.30, 0.17, 0.87
 0.02, 0.30, 0.17, 0.87
 0.02, 0.30, 0.16, 0.87
 0.02, 0.30, 0.16, 0.88
 0.02, 0.30, 0.16, 0.88
 0.02, 0.31, 0.16, 0.88
 0.02, 0.31, 0.16, 0.88
 0.02, 0.31, 0.16, 0.88
 0.02, 0.31, 0.16, 0.88
 0.02, 0.31, 0.16, 0.88
 0.02, 0.31, 0.16, 0.88
 0.02, 0.31, 0.16, 0.88
 0.02, 0.31, 0.16, 0.88
 0.02, 0.31, 0.16, 0.88
 0.02, 0.31, 0.16, 0.88
 0.02, 0.31, 0.16, 0.88
 0.02, 0.31, 0.16, 0.88
 0.02, 0.31, 0.16, 0.88
 0.02, 0.31, 0.16, 0.88
 0.02, 0.31, 0.16, 0.88
 0.02, 0.31, 0.16, 0.88
 0.02, 0.31, 0.16, 0.88
 0.02, 0.31, 0.16, 0.88
 0.02, 0.31, 0.16, 0.88
 0.02, 0.31, 0.16, 0.88
 0.02, 0.31, 0.16, 0.88
 0.02, 0.32, 0.16, 0.88
 0.02, 0.32, 0.16, 0.88
 0.02, 0.32, 0.16, 0.88
 0.02, 0.32, 0.16, 0.88
 0.02, 0.32, 0.16, 0.88
 0.02, 0.32, 0.16, 0.88
 0.02, 0.32, 0.16, 0.88
 0.02, 0.32, 0.16, 0.88
 0.02, 0.32, 0.16, 0.88
 0.02, 0.32, 0.16, 0.88
 0.02, 0.32, 0.16, 0.88
 0.02, 0.32, 0.16, 0.88
 0.02, 0.32, 0.16, 0.88
 0.02, 0.32, 0.16, 0.88
 0.02, 0.32, 0.16, 0.88
 0.02, 0.32, 0.16, 0.88
 0.02, 0.32, 0.16, 0.88
 0.02, 0.32, 0.16, 0.88
 0.02, 0.32, 0.16, 0.88
 0.02, 0.32, 0.16, 0.88
 0.02, 0.32, 0.16, 0.88
 0.02, 0.33, 0.16, 0.88
 0.02, 0.33, 0.16, 0.88
 0.02, 0.33, 0.16, 0.88
 0.02, 0.33, 0.16, 0.88
 0.02, 0.33, 0.16, 0.88
 0.02, 0.33, 0.16, 0.88
 0.02, 0.33, 0.16, 0.88
 0.02, 0.33, 0.16, 0.88
 0.02, 0.33, 0.16, 0.88
 0.02, 0.33, 0.16, 0.88
 0.02, 0.33, 0.16, 0.88
 0.02, 0.33, 0.16, 0.88
 0.02, 0.33, 0.16, 0.88
 0.02, 0.33, 0.16, 0.88
 0.02, 0.33, 0.16, 0.88
 0.02, 0.33, 0.16, 0.88
 0.02, 0.33, 0.16, 0.88
 0.02, 0.33, 0.16, 0.88
 0.02, 0.33, 0.16, 0.88
 0.02, 0.33, 0.16, 0.88
 0.02, 0.33, 0.16, 0.88
 0.02, 0.34, 0.16, 0.88
 0.02, 0.34, 0.16, 0.88
 0.02, 0.34, 0.16, 0.88
 0.02, 0.34, 0.16, 0.88
 0.02, 0.34, 0.16, 0.88
 0.02, 0.34, 0.16, 0.88
 0.02, 0.34, 0.16, 0.88
 0.02, 0.34, 0.16, 0.88
 0.02, 0.34, 0.16, 0.88
 0.02, 0.34, 0.16, 0.88
 0.02, 0.34, 0.16, 0.88
 0.02, 0.34, 0.16, 0.88
 0.02, 0.34, 0.16, 0.88
 0.02, 0.34, 0.16, 0.88
 0.02, 0.34, 0.16, 0.88
 0.02, 0.34, 0.16, 0.88
 0.02, 0.34, 0.16, 0.88
 0.02, 0.34, 0.16, 0.88
 0.02, 0.34, 0.16, 0.88
 0.02, 0.34, 0.16, 0.88
 0.02, 0.34, 0.16, 0.88
 0.02, 0.34, 0.16, 0.88
 0.02, 0.35, 0.16, 0.88
 0.02, 0.35, 0.16, 0.88
 0.02, 0.35, 0.16, 0.88
 0.02, 0.35, 0.16, 0.88
 0.02, 0.35, 0.16, 0.88
 0.02, 0.35, 0.16, 0.88
 0.02, 0.35, 0.16, 0.88
 0.02, 0.35, 0.16, 0.88
 0.02, 0.35, 0.16, 0.88
 0.02, 0.35, 0.16, 0.88
 0.02, 0.35, 0.16, 0.88
 0.02, 0.35, 0.16, 0.88
 0.02, 0.35, 0.16, 0.88
 0.02, 0.35, 0.16, 0.88
 0.02, 0.35, 0.16, 0.88
 0.02, 0.35, 0.16, 0.88
 0.02, 0.35, 0.16, 0.88
 0.02, 0.35, 0.16, 0.88
 0.02, 0.35, 0.16, 0.88
 0.02, 0.35, 0.16, 0.88
 0.02, 0.35, 0.16, 0.88
 0.02, 0.35, 0.16, 0.88
 0.02, 0.36, 0.16, 0.88
 0.02, 0.36, 0.16, 0.88
 0.02, 0.36, 0.16, 0.88
 0.02, 0.36, 0.16, 0.88
 0.02, 0.36, 0.16, 0.88
 0.02, 0.36, 0.16, 0.88
 0.02, 0.36, 0.16, 0.88
 0.02, 0.36, 0.16, 0.88
 0.02, 0.36, 0.16, 0.88
 0.02, 0.36, 0.16, 0.88
 0.02, 0.36, 0.16, 0.88
 0.02, 0.36, 0.16, 0.88
 0.02, 0.36, 0.16, 0.88
 0.02, 0.36, 0.16, 0.88
 0.02, 0.36, 0.16, 0.88
 0.02, 0.36, 0.16, 0.88
 0.02, 0.36, 0.16, 0.88
 0.02, 0.36, 0.16, 0.88
 0.02, 0.36, 0.16, 0.88
 0.02, 0.36, 0.16, 0.88
 0.02, 0.36, 0.16, 0.88
 0.02, 0.36, 0.16, 0.88
 0.02, 0.37, 0.16, 0.88
 0.02, 0.37, 0.16, 0.88
 0.02, 0.37, 0.16, 0.88
 0.02, 0.37, 0.16, 0.88
 0.02, 0.37, 0.16, 0.89
 0.02, 0.37, 0.16, 0.89
 0.02, 0.37, 0.16, 0.89
 0.02, 0.37, 0.16, 0.89
 0.02, 0.37, 0.16, 0.89
 0.02, 0.37, 0.16, 0.89
 0.02, 0.37, 0.16, 0.89
 0.02, 0.37, 0.16, 0.89
 0.02, 0.37, 0.16, 0.89
 0.02, 0.37, 0.16, 0.89
 0.02, 0.37, 0.16, 0.89
 0.02, 0.37, 0.16, 0.89
 0.02, 0.37, 0.16, 0.89
 0.02, 0.37, 0.16, 0.89
 0.02, 0.37, 0.16, 0.89
 0.02, 0.37, 0.16, 0.89
 0.02, 0.37, 0.16, 0.89
 0.02, 0.37, 0.16, 0.89
 0.02, 0.37, 0.16, 0.89
 0.02, 0.38, 0.16, 0.89
 0.02, 0.38, 0.16, 0.89
 0.02, 0.38, 0.16, 0.89
 0.02, 0.38, 0.16, 0.89
 0.02, 0.38, 0.16, 0.89
 0.02, 0.38, 0.16, 0.89
 0.02, 0.38, 0.15, 0.89
 0.02, 0.38, 0.15, 0.89
 0.02, 0.38, 0.15, 0.89
 0.02, 0.38, 0.15, 0.89
 0.02, 0.38, 0.15, 0.89
 0.02, 0.38, 0.15, 0.89
 0.02, 0.38, 0.15, 0.89
 0.02, 0.38, 0.15, 0.89
 0.02, 0.38, 0.15, 0.89
 0.02, 0.38, 0.15, 0.89
 0.02, 0.38, 0.15, 0.89
 0.02, 0.38, 0.15, 0.89
 0.02, 0.38, 0.15, 0.89
 0.02, 0.38, 0.15, 0.89
 0.02, 0.38, 0.15, 0.89
 0.02, 0.38, 0.15, 0.89
 0.02, 0.38, 0.15, 0.89
 0.02, 0.39, 0.15, 0.89
 0.02, 0.39, 0.15, 0.89
 0.02, 0.39, 0.15, 0.89
 0.02, 0.39, 0.15, 0.89
 0.02, 0.39, 0.15, 0.89
 0.02, 0.39, 0.15, 0.89
 0.02, 0.39, 0.15, 0.89
 0.02, 0.39, 0.15, 0.89
 0.02, 0.39, 0.15, 0.89
 0.02, 0.39, 0.15, 0.89
 0.02, 0.39, 0.15, 0.89
 0.02, 0.39, 0.15, 0.89
 0.02, 0.39, 0.15, 0.89
 0.02, 0.39, 0.15, 0.89
 0.02, 0.39, 0.15, 0.89
 0.02, 0.39, 0.15, 0.89
 0.02, 0.39, 0.15, 0.89
 0.02, 0.39, 0.15, 0.89
 0.02, 0.39, 0.15, 0.89
 0.02, 0.39, 0.15, 0.89
 0.02, 0.39, 0.15, 0.89
 0.02, 0.39, 0.15, 0.89
 0.02, 0.39, 0.15, 0.89
 0.02, 0.39, 0.15, 0.89
 0.02, 0.40, 0.15, 0.89
 0.02, 0.40, 0.15, 0.89
 0.02, 0.40, 0.15, 0.89
 0.02, 0.40, 0.15, 0.89
 0.02, 0.40, 0.15, 0.89
 0.02, 0.40, 0.15, 0.89
 0.02, 0.40, 0.15, 0.89
 0.02, 0.40, 0.15, 0.89
 0.02, 0.40, 0.15, 0.89
 0.02, 0.40, 0.15, 0.89
 0.02, 0.40, 0.15, 0.89
 0.02, 0.40, 0.15, 0.89
 0.02, 0.40, 0.15, 0.89
 0.02, 0.40, 0.15, 0.89
 0.02, 0.40, 0.15, 0.89
 0.02, 0.40, 0.15, 0.89
 0.02, 0.40, 0.15, 0.89
 0.02, 0.40, 0.15, 0.89
 0.02, 0.40, 0.15, 0.89
 0.02, 0.40, 0.15, 0.89
 0.02, 0.40, 0.15, 0.89
 0.02, 0.40, 0.15, 0.89
 0.02, 0.40, 0.15, 0.89
 0.02, 0.40, 0.15, 0.89
 0.02, 0.41, 0.15, 0.89
 0.02, 0.41, 0.15, 0.89
 0.02, 0.41, 0.15, 0.89
 0.02, 0.41, 0.15, 0.89
 0.02, 0.41, 0.15, 0.89
 0.02, 0.41, 0.15, 0.89
 0.02, 0.41, 0.15, 0.89
 0.02, 0.41, 0.15, 0.89
 0.02, 0.41, 0.15, 0.89
 0.02, 0.41, 0.15, 0.89
 0.02, 0.41, 0.15, 0.89
 0.02, 0.41, 0.15, 0.89
 0.02, 0.41, 0.15, 0.89
 0.02, 0.41, 0.15, 0.89
 0.02, 0.41, 0.15, 0.89
 0.02, 0.41, 0.15, 0.89
 0.02, 0.41, 0.15, 0.89
 0.02, 0.41, 0.15, 0.89
 0.02, 0.41, 0.15, 0.89
 0.02, 0.41, 0.15, 0.89
 0.02, 0.41, 0.15, 0.89
 0.02, 0.41, 0.15, 0.89
 0.02, 0.41, 0.15, 0.89
 0.02, 0.41, 0.15, 0.89
 0.02, 0.42, 0.15, 0.89
 0.02, 0.42, 0.15, 0.89
 0.02, 0.42, 0.15, 0.89
 0.02, 0.42, 0.15, 0.89
 0.02, 0.42, 0.15, 0.89
 0.02, 0.42, 0.15, 0.89
 0.02, 0.42, 0.15, 0.89
 0.02, 0.42, 0.15, 0.89
 0.02, 0.42, 0.15, 0.89
 0.02, 0.42, 0.15, 0.89
 0.02, 0.42, 0.15, 0.89
 0.02, 0.42, 0.15, 0.89
 0.02, 0.42, 0.15, 0.89
 0.02, 0.42, 0.15, 0.89
 0.02, 0.42, 0.15, 0.89
 0.02, 0.42, 0.15, 0.89
 0.02, 0.42, 0.15, 0.89
 0.02, 0.42, 0.15, 0.89
 0.02, 0.42, 0.15, 0.89
 0.02, 0.42, 0.15, 0.89
 0.02, 0.42, 0.15, 0.89
 0.02, 0.42, 0.15, 0.89
 0.02, 0.42, 0.15, 0.89
 0.02, 0.42, 0.15, 0.89
 0.02, 0.42, 0.15, 0.89
 0.02, 0.43, 0.15, 0.89
 0.02, 0.43, 0.15, 0.89
 0.02, 0.43, 0.15, 0.89
 0.02, 0.43, 0.15, 0.89
 0.02, 0.43, 0.15, 0.89
 0.02, 0.43, 0.15, 0.89
 0.02, 0.43, 0.15, 0.89
 0.02, 0.43, 0.15, 0.89
 0.02, 0.43, 0.15, 0.89
 0.02, 0.43, 0.15, 0.90
 0.02, 0.43, 0.15, 0.90
 0.02, 0.43, 0.15, 0.90
 0.02, 0.43, 0.15, 0.90
 0.02, 0.43, 0.15, 0.90
 0.02, 0.43, 0.15, 0.90
 0.02, 0.43, 0.15, 0.90
 0.02, 0.43, 0.15, 0.90
 0.02, 0.43, 0.15, 0.90
 0.02, 0.43, 0.15, 0.90
 0.02, 0.43, 0.15, 0.90
 0.02, 0.43, 0.15, 0.90
 0.02, 0.43, 0.15, 0.90
 0.02, 0.43, 0.15, 0.90
 0.02, 0.43, 0.15, 0.90
 0.02, 0.43, 0.15, 0.90
 0.02, 0.44, 0.15, 0.90
 0.02, 0.44, 0.15, 0.90
 0.02, 0.44, 0.15, 0.90
 0.02, 0.44, 0.15, 0.90
 0.02, 0.44, 0.15, 0.90
 0.02, 0.44, 0.15, 0.90
 0.02, 0.44, 0.15, 0.90
 0.02, 0.44, 0.15, 0.90
 0.02, 0.44, 0.15, 0.90
 0.02, 0.44, 0.15, 0.90
 0.02, 0.44, 0.15, 0.90
 0.02, 0.44, 0.15, 0.90
 0.02, 0.44, 0.15, 0.90
 0.02, 0.44, 0.15, 0.90
 0.02, 0.44, 0.15, 0.90
 0.02, 0.44, 0.15, 0.90
 0.02, 0.44, 0.15, 0.90
 0.02, 0.44, 0.15, 0.90
 0.02, 0.44, 0.15, 0.90
 0.02, 0.44, 0.15, 0.90
 0.02, 0.44, 0.15, 0.90
 0.02, 0.44, 0.15, 0.90
 0.02, 0.44, 0.15, 0.90
 0.02, 0.44, 0.15, 0.90
 0.02, 0.44, 0.15, 0.90
 0.02, 0.45, 0.15, 0.90
 0.02, 0.45, 0.15, 0.90
 0.02, 0.45, 0.15, 0.90
 0.02, 0.45, 0.15, 0.90
 0.02, 0.45, 0.15, 0.90
 0.02, 0.45, 0.15, 0.90
 0.02, 0.45, 0.15, 0.90
 0.02, 0.45, 0.15, 0.90
 0.02, 0.45, 0.15, 0.90
 0.02, 0.45, 0.15, 0.90
 0.01, 0.45, 0.15, 0.90
 0.01, 0.45, 0.15, 0.90
 0.01, 0.45, 0.15, 0.90
 0.01, 0.45, 0.15, 0.90
 0.01, 0.45, 0.15, 0.90
 0.01, 0.45, 0.15, 0.90
 0.01, 0.45, 0.15, 0.90
 0.01, 0.45, 0.15, 0.90
 0.01, 0.45, 0.15, 0.90
 0.01, 0.45, 0.15, 0.90
 0.01, 0.45, 0.15, 0.90
 0.01, 0.45, 0.15, 0.90
 0.01, 0.45, 0.15, 0.90
 0.01, 0.45, 0.15, 0.90
 0.01, 0.45, 0.15, 0.90
 0.01, 0.45, 0.15, 0.90
 0.01, 0.46, 0.15, 0.90
 0.01, 0.46, 0.15, 0.90
 0.01, 0.46, 0.15, 0.90
 0.01, 0.46, 0.15, 0.90
 0.01, 0.46, 0.15, 0.90
 0.01, 0.46, 0.15, 0.90
 0.01, 0.46, 0.15, 0.90
 0.01, 0.46, 0.15, 0.90
 0.01, 0.46, 0.15, 0.90
 0.01, 0.46, 0.15, 0.90
 0.01, 0.46, 0.15, 0.90
 0.01, 0.46, 0.15, 0.90
 0.01, 0.46, 0.15, 0.90
 0.01, 0.46, 0.15, 0.90
 0.01, 0.46, 0.15, 0.90
 0.01, 0.46, 0.15, 0.90
 0.01, 0.46, 0.15, 0.90
 0.01, 0.46, 0.15, 0.90
 0.01, 0.46, 0.15, 0.90
 0.01, 0.46, 0.15, 0.90
 0.01, 0.46, 0.15, 0.90
 0.01, 0.46, 0.15, 0.90
 0.01, 0.46, 0.15, 0.90
 0.01, 0.46, 0.15, 0.90
 0.01, 0.46, 0.15, 0.90
 0.01, 0.46, 0.15, 0.90
 0.01, 0.46, 0.15, 0.90
 0.01, 0.47, 0.15, 0.90
 0.01, 0.47, 0.15, 0.90
 0.01, 0.47, 0.15, 0.90
 0.01, 0.47, 0.15, 0.90
 0.01, 0.47, 0.15, 0.90
 0.01, 0.47, 0.15, 0.90
 0.01, 0.47, 0.15, 0.90
 0.01, 0.47, 0.15, 0.90
 0.01, 0.47, 0.15, 0.90
 0.01, 0.47, 0.15, 0.90
 0.01, 0.47, 0.15, 0.90
 0.01, 0.47, 0.15, 0.90
 0.01, 0.47, 0.15, 0.90
 0.01, 0.47, 0.15, 0.90
 0.01, 0.47, 0.15, 0.90
 0.01, 0.47, 0.15, 0.90
 0.01, 0.47, 0.15, 0.90
 0.01, 0.47, 0.15, 0.90
 0.01, 0.47, 0.15, 0.90
 0.01, 0.47, 0.15, 0.90
 0.01, 0.47, 0.15, 0.90
 0.01, 0.47, 0.15, 0.90
 0.01, 0.47, 0.15, 0.90
 0.01, 0.47, 0.15, 0.90
 0.01, 0.47, 0.15, 0.90
 0.01, 0.47, 0.15, 0.90
 0.01, 0.47, 0.15, 0.90
 0.01, 0.48, 0.15, 0.90
 0.01, 0.48, 0.15, 0.90
 0.01, 0.48, 0.15, 0.90
 0.01, 0.48, 0.15, 0.90
 0.01, 0.48, 0.15, 0.90
 0.01, 0.48, 0.15, 0.90
 0.01, 0.48, 0.15, 0.90
 0.01, 0.48, 0.15, 0.90
 0.01, 0.48, 0.15, 0.90
 0.01, 0.48, 0.15, 0.90
 0.01, 0.48, 0.15, 0.90
 0.01, 0.48, 0.15, 0.90
 0.01, 0.48, 0.15, 0.90
 0.01, 0.48, 0.15, 0.90
 0.01, 0.48, 0.15, 0.90
 0.01, 0.48, 0.15, 0.90
 0.01, 0.48, 0.15, 0.90
 0.01, 0.48, 0.15, 0.90
 0.01, 0.48, 0.15, 0.90
 0.01, 0.48, 0.15, 0.90
 0.01, 0.48, 0.15, 0.90
 0.01, 0.48, 0.15, 0.90
 0.01, 0.48, 0.15, 0.90
 0.01, 0.48, 0.15, 0.90
 0.01, 0.48, 0.15, 0.90
 0.01, 0.48, 0.15, 0.90
 0.01, 0.48, 0.15, 0.90
 0.01, 0.48, 0.15, 0.90
 0.01, 0.49, 0.15, 0.90
 0.01, 0.49, 0.15, 0.90
 0.01, 0.49, 0.15, 0.90
 0.01, 0.49, 0.15, 0.90
 0.01, 0.49, 0.15, 0.90
 0.01, 0.49, 0.15, 0.90
 0.01, 0.49, 0.15, 0.90
 0.01, 0.49, 0.15, 0.90
 0.01, 0.49, 0.15, 0.90
 0.01, 0.49, 0.15, 0.90
 0.01, 0.49, 0.15, 0.90
 0.01, 0.49, 0.15, 0.90
 0.01, 0.49, 0.15, 0.90
 0.01, 0.49, 0.15, 0.90
 0.01, 0.49, 0.15, 0.91
 0.01, 0.49, 0.15, 0.91
 0.01, 0.49, 0.15, 0.91
 0.01, 0.49, 0.15, 0.91
 0.01, 0.49, 0.15, 0.91
 0.01, 0.49, 0.15, 0.91
 0.01, 0.49, 0.15, 0.91
 0.01, 0.49, 0.15, 0.91
 0.01, 0.49, 0.15, 0.91
 0.01, 0.49, 0.15, 0.91
 0.01, 0.49, 0.15, 0.91
 0.01, 0.49, 0.15, 0.91
 0.01, 0.49, 0.15, 0.91
 0.01, 0.49, 0.15, 0.91
 0.01, 0.50, 0.15, 0.91
 0.01, 0.50, 0.15, 0.91
 0.01, 0.50, 0.15, 0.91
 0.01, 0.50, 0.15, 0.91
 0.01, 0.50, 0.15, 0.91
 0.01, 0.50, 0.15, 0.91
 0.01, 0.50, 0.15, 0.91
 0.01, 0.50, 0.15, 0.91
 0.01, 0.50, 0.15, 0.91
 0.01, 0.50, 0.15, 0.91
 0.01, 0.50, 0.15, 0.91
 0.01, 0.50, 0.15, 0.91
 0.01, 0.50, 0.15, 0.91
 0.01, 0.50, 0.15, 0.91
 0.01, 0.50, 0.15, 0.91
 0.01, 0.50, 0.15, 0.91
 0.01, 0.50, 0.15, 0.91
 0.01, 0.50, 0.15, 0.91
 0.01, 0.50, 0.15, 0.91
 0.01, 0.50, 0.15, 0.91
 0.01, 0.50, 0.15, 0.91
 0.01, 0.50, 0.15, 0.91
 0.01, 0.50, 0.15, 0.91
 0.01, 0.50, 0.15, 0.91
 0.01, 0.50, 0.15, 0.91
 0.01, 0.50, 0.15, 0.91
 0.01, 0.50, 0.15, 0.91
 0.01, 0.50, 0.15, 0.91
 0.01, 0.51, 0.15, 0.91
 0.01, 0.51, 0.16, 0.91
 0.01, 0.51, 0.16, 0.91
 0.01, 0.51, 0.16, 0.91
 0.01, 0.51, 0.16, 0.91
 0.01, 0.51, 0.16, 0.91
 0.01, 0.51, 0.16, 0.91
 0.01, 0.51, 0.16, 0.91
 0.01, 0.51, 0.16, 0.91
 0.01, 0.51, 0.16, 0.91
 0.01, 0.51, 0.16, 0.91
 0.01, 0.51, 0.16, 0.91
 0.01, 0.51, 0.16, 0.91
 0.01, 0.51, 0.16, 0.91
 0.01, 0.51, 0.16, 0.91
 0.01, 0.51, 0.16, 0.91
 0.01, 0.51, 0.16, 0.91
 0.01, 0.51, 0.16, 0.91
 0.01, 0.51, 0.16, 0.91
 0.01, 0.51, 0.16, 0.91
 0.01, 0.51, 0.16, 0.91
 0.01, 0.51, 0.16, 0.91
 0.01, 0.51, 0.16, 0.91
 0.01, 0.51, 0.16, 0.91
 0.01, 0.51, 0.16, 0.91
 0.01, 0.51, 0.16, 0.91
 0.01, 0.51, 0.16, 0.91
 0.01, 0.51, 0.16, 0.91
 0.01, 0.51, 0.16, 0.91
 0.01, 0.51, 0.16, 0.91
 0.01, 0.52, 0.16, 0.91
 0.01, 0.52, 0.16, 0.91
 0.01, 0.52, 0.16, 0.91
 0.01, 0.52, 0.16, 0.91
 0.01, 0.52, 0.16, 0.91
 0.01, 0.52, 0.16, 0.91
 0.01, 0.52, 0.16, 0.91
 0.01, 0.52, 0.16, 0.91
 0.01, 0.52, 0.16, 0.91
 0.01, 0.52, 0.16, 0.91
 0.01, 0.52, 0.16, 0.91
 0.01, 0.52, 0.16, 0.91
 0.01, 0.52, 0.16, 0.91
 0.01, 0.52, 0.16, 0.91
 0.01, 0.52, 0.16, 0.91
 0.01, 0.52, 0.16, 0.91
 0.01, 0.52, 0.16, 0.91
 0.01, 0.52, 0.16, 0.91
 0.01, 0.52, 0.16, 0.91
 0.01, 0.52, 0.16, 0.91
 0.01, 0.52, 0.16, 0.91
 0.01, 0.52, 0.16, 0.91
 0.01, 0.52, 0.16, 0.91
 0.01, 0.52, 0.16, 0.91
 0.01, 0.52, 0.16, 0.91
 0.01, 0.52, 0.16, 0.91
 0.01, 0.52, 0.16, 0.91
 0.01, 0.52, 0.16, 0.91
 0.01, 0.52, 0.16, 0.91
 0.01, 0.53, 0.16, 0.91
 0.01, 0.53, 0.16, 0.91
 0.01, 0.53, 0.16, 0.91
 0.01, 0.53, 0.16, 0.91
 0.01, 0.53, 0.16, 0.91
 0.01, 0.53, 0.16, 0.91
 0.01, 0.53, 0.16, 0.91
 0.01, 0.53, 0.16, 0.91
 0.01, 0.53, 0.16, 0.91
 0.01, 0.53, 0.16, 0.91
 0.01, 0.53, 0.16, 0.91
 0.01, 0.53, 0.16, 0.91
 0.01, 0.53, 0.16, 0.91
 0.01, 0.53, 0.16, 0.91
 0.01, 0.53, 0.16, 0.91
 0.01, 0.53, 0.16, 0.91
 0.01, 0.53, 0.16, 0.91
 0.01, 0.53, 0.16, 0.91
 0.01, 0.53, 0.16, 0.91
 0.01, 0.53, 0.16, 0.91
 0.01, 0.53, 0.16, 0.91
 0.01, 0.53, 0.16, 0.91
 0.01, 0.53, 0.16, 0.91
 0.01, 0.53, 0.16, 0.91
 0.01, 0.53, 0.16, 0.91
 0.01, 0.53, 0.16, 0.91
 0.01, 0.53, 0.16, 0.91
 0.01, 0.53, 0.16, 0.91
 0.01, 0.53, 0.16, 0.91
 0.01, 0.53, 0.16, 0.91
 0.01, 0.53, 0.16, 0.91
 0.01, 0.54, 0.16, 0.91
 0.01, 0.54, 0.16, 0.91
 0.01, 0.54, 0.16, 0.91
 0.01, 0.54, 0.16, 0.91
 0.01, 0.54, 0.16, 0.91
 0.01, 0.54, 0.16, 0.91
 0.01, 0.54, 0.16, 0.91
 0.01, 0.54, 0.16, 0.91
 0.01, 0.54, 0.16, 0.91
 0.01, 0.54, 0.16, 0.91
 0.01, 0.54, 0.16, 0.91
 0.01, 0.54, 0.16, 0.91
 0.01, 0.54, 0.16, 0.91
 0.01, 0.54, 0.16, 0.91
 0.01, 0.54, 0.16, 0.91
 0.01, 0.54, 0.16, 0.91
 0.01, 0.54, 0.16, 0.91
 0.01, 0.54, 0.16, 0.91
 0.01, 0.54, 0.16, 0.91
 0.01, 0.54, 0.16, 0.91
 0.01, 0.54, 0.16, 0.91
 0.01, 0.54, 0.16, 0.91
 0.01, 0.54, 0.16, 0.91
 0.01, 0.54, 0.16, 0.91
 0.01, 0.54, 0.16, 0.91
 0.01, 0.54, 0.16, 0.91
 0.01, 0.54, 0.16, 0.91
 0.01, 0.54, 0.17, 0.91
 0.01, 0.54, 0.17, 0.91
 0.01, 0.54, 0.17, 0.91
 0.01, 0.54, 0.17, 0.91
 0.01, 0.55, 0.17, 0.91
 0.01, 0.55, 0.17, 0.91
 0.01, 0.55, 0.17, 0.91
 0.01, 0.55, 0.17, 0.91
 0.01, 0.55, 0.17, 0.91
 0.01, 0.55, 0.17, 0.91
 0.01, 0.55, 0.17, 0.91
 0.01, 0.55, 0.17, 0.91
 0.01, 0.55, 0.17, 0.91
 0.01, 0.55, 0.17, 0.91
 0.01, 0.55, 0.17, 0.91
 0.01, 0.55, 0.17, 0.91
 0.01, 0.55, 0.17, 0.91
 0.01, 0.55, 0.17, 0.91
 0.01, 0.55, 0.17, 0.91
 0.01, 0.55, 0.17, 0.91
 0.01, 0.55, 0.17, 0.91
 0.01, 0.55, 0.17, 0.91
 0.01, 0.55, 0.17, 0.92
 0.01, 0.55, 0.17, 0.92
 0.01, 0.55, 0.17, 0.92
 0.01, 0.55, 0.17, 0.92
 0.01, 0.55, 0.17, 0.92
 0.01, 0.55, 0.17, 0.92
 0.01, 0.55, 0.17, 0.92
 0.01, 0.55, 0.17, 0.92
 0.01, 0.55, 0.17, 0.92
 0.01, 0.55, 0.17, 0.92
 0.01, 0.55, 0.17, 0.92
 0.01, 0.55, 0.17, 0.92
 0.01, 0.55, 0.17, 0.92
 0.01, 0.55, 0.17, 0.92
 0.01, 0.56, 0.17, 0.92
 0.01, 0.56, 0.17, 0.92
 0.01, 0.56, 0.17, 0.92
 0.01, 0.56, 0.17, 0.92
 0.01, 0.56, 0.17, 0.92
 0.01, 0.56, 0.17, 0.92
 0.01, 0.56, 0.17, 0.92
 0.01, 0.56, 0.17, 0.92
 0.01, 0.56, 0.17, 0.92
 0.01, 0.56, 0.17, 0.92
 0.01, 0.56, 0.17, 0.92
 0.01, 0.56, 0.17, 0.92
 0.01, 0.56, 0.17, 0.92
 0.01, 0.56, 0.17, 0.92
 0.01, 0.56, 0.17, 0.92
 0.01, 0.56, 0.17, 0.92
 0.01, 0.56, 0.17, 0.92
 0.01, 0.56, 0.17, 0.92
 0.01, 0.56, 0.17, 0.92
 0.01, 0.56, 0.17, 0.92
 0.01, 0.56, 0.17, 0.92
 0.01, 0.56, 0.17, 0.92
 0.01, 0.56, 0.17, 0.92
 0.01, 0.56, 0.17, 0.92
 0.01, 0.56, 0.17, 0.92
 0.01, 0.56, 0.17, 0.92
 0.01, 0.56, 0.17, 0.92
 0.01, 0.56, 0.17, 0.92
 0.01, 0.56, 0.17, 0.92
 0.01, 0.56, 0.17, 0.92
 0.01, 0.56, 0.17, 0.92
 0.01, 0.56, 0.17, 0.92
 0.01, 0.57, 0.17, 0.92
 0.01, 0.57, 0.17, 0.92
 0.01, 0.57, 0.17, 0.92
 0.01, 0.57, 0.17, 0.92
 0.01, 0.57, 0.17, 0.92
 0.01, 0.57, 0.17, 0.92
 0.01, 0.57, 0.17, 0.92
 0.01, 0.57, 0.17, 0.92
 0.01, 0.57, 0.17, 0.92
 0.01, 0.57, 0.17, 0.92
 0.01, 0.57, 0.17, 0.92
 0.01, 0.57, 0.17, 0.92
 0.01, 0.57, 0.17, 0.92
 0.01, 0.57, 0.17, 0.92
 0.01, 0.57, 0.17, 0.92
 0.01, 0.57, 0.17, 0.92
 0.01, 0.57, 0.17, 0.92
 0.01, 0.57, 0.17, 0.92
 0.01, 0.57, 0.18, 0.92
 0.01, 0.57, 0.18, 0.92
 0.01, 0.57, 0.18, 0.92
 0.01, 0.57, 0.18, 0.92
 0.01, 0.57, 0.18, 0.92
 0.01, 0.57, 0.18, 0.92
 0.01, 0.57, 0.18, 0.92
 0.01, 0.57, 0.18, 0.92
 0.01, 0.57, 0.18, 0.92
 0.01, 0.57, 0.18, 0.92
 0.01, 0.57, 0.18, 0.92
 0.01, 0.57, 0.18, 0.92
 0.01, 0.57, 0.18, 0.92
 0.01, 0.57, 0.18, 0.92
 0.01, 0.57, 0.18, 0.92
 0.01, 0.57, 0.18, 0.92
 0.01, 0.58, 0.18, 0.92
 0.01, 0.58, 0.18, 0.92
 0.01, 0.58, 0.18, 0.92
 0.01, 0.58, 0.18, 0.92
 0.01, 0.58, 0.18, 0.92
 0.01, 0.58, 0.18, 0.92
 0.01, 0.58, 0.18, 0.92
 0.01, 0.58, 0.18, 0.92
 0.01, 0.58, 0.18, 0.92
 0.01, 0.58, 0.18, 0.92
 0.01, 0.58, 0.18, 0.92
 0.01, 0.58, 0.18, 0.92
 0.01, 0.58, 0.18, 0.92
 0.01, 0.58, 0.18, 0.92
 0.01, 0.58, 0.18, 0.92
 0.01, 0.58, 0.18, 0.92
 0.01, 0.58, 0.18, 0.92
 0.01, 0.58, 0.18, 0.92
 0.01, 0.58, 0.18, 0.92
 0.01, 0.58, 0.18, 0.92
 0.01, 0.58, 0.18, 0.92
 0.01, 0.58, 0.18, 0.92
 0.01, 0.58, 0.18, 0.92
 0.01, 0.58, 0.18, 0.92
 0.01, 0.58, 0.18, 0.92
 0.01, 0.58, 0.18, 0.92
 0.01, 0.58, 0.18, 0.92
 0.01, 0.58, 0.18, 0.92
 0.01, 0.58, 0.18, 0.92
 0.01, 0.58, 0.18, 0.92
 0.01, 0.58, 0.18, 0.92
 0.01, 0.58, 0.18, 0.92
 0.01, 0.58, 0.18, 0.92
 0.01, 0.58, 0.18, 0.92
 0.01, 0.59, 0.18, 0.92
 0.01, 0.59, 0.18, 0.92
 0.01, 0.59, 0.18, 0.92
 0.01, 0.59, 0.18, 0.92
 0.01, 0.59, 0.18, 0.92
 0.01, 0.59, 0.18, 0.92
 0.01, 0.59, 0.18, 0.92
 0.01, 0.59, 0.18, 0.92
 0.01, 0.59, 0.18, 0.92
 0.01, 0.59, 0.18, 0.92
 0.01, 0.59, 0.18, 0.92
 0.01, 0.59, 0.18, 0.92
 0.01, 0.59, 0.18, 0.92
 0.01, 0.59, 0.18, 0.92
 0.01, 0.59, 0.18, 0.92
 0.01, 0.59, 0.18, 0.92
 0.01, 0.59, 0.18, 0.92
 0.01, 0.59, 0.18, 0.92
 0.01, 0.59, 0.18, 0.92
 0.01, 0.59, 0.18, 0.92
 0.01, 0.59, 0.18, 0.92
 0.01, 0.59, 0.18, 0.92
 0.01, 0.59, 0.18, 0.92
 0.01, 0.59, 0.18, 0.92
 0.01, 0.59, 0.19, 0.92
 0.01, 0.59, 0.19, 0.92
 0.01, 0.59, 0.19, 0.92
 0.01, 0.59, 0.19, 0.92
 0.01, 0.59, 0.19, 0.92
 0.01, 0.59, 0.19, 0.92
 0.01, 0.59, 0.19, 0.92
 0.01, 0.59, 0.19, 0.92
 0.01, 0.59, 0.19, 0.92
 0.01, 0.59, 0.19, 0.92
 0.01, 0.59, 0.19, 0.92
 0.01, 0.60, 0.19, 0.92
 0.01, 0.60, 0.19, 0.92
 0.01, 0.60, 0.19, 0.92
 0.01, 0.60, 0.19, 0.92
 0.01, 0.60, 0.19, 0.92
 0.01, 0.60, 0.19, 0.92
 0.01, 0.60, 0.19, 0.92
 0.01, 0.60, 0.19, 0.92
 0.01, 0.60, 0.19, 0.92
 0.01, 0.60, 0.19, 0.92
 0.01, 0.60, 0.19, 0.92
 0.01, 0.60, 0.19, 0.92
 0.01, 0.60, 0.19, 0.92
 0.01, 0.60, 0.19, 0.92
 0.01, 0.60, 0.19, 0.92
 0.01, 0.60, 0.19, 0.92
 0.01, 0.60, 0.19, 0.92
 0.01, 0.60, 0.19, 0.92
 0.01, 0.60, 0.19, 0.92
 0.01, 0.60, 0.19, 0.92
 0.01, 0.60, 0.19, 0.92
 0.01, 0.60, 0.19, 0.92
 0.01, 0.60, 0.19, 0.92
 0.01, 0.60, 0.19, 0.92
 0.01, 0.60, 0.19, 0.92
 0.01, 0.60, 0.19, 0.92
 0.01, 0.60, 0.19, 0.92
 0.01, 0.60, 0.19, 0.92
 0.01, 0.60, 0.19, 0.92
 0.01, 0.60, 0.19, 0.92
 0.01, 0.60, 0.19, 0.92
 0.01, 0.60, 0.19, 0.92
 0.01, 0.60, 0.19, 0.92
 0.01, 0.60, 0.19, 0.92
 0.01, 0.60, 0.19, 0.92
 0.01, 0.60, 0.19, 0.92
 0.01, 0.61, 0.19, 0.92
 0.01, 0.61, 0.19, 0.92
 0.01, 0.61, 0.19, 0.92
 0.01, 0.61, 0.19, 0.92
 0.01, 0.61, 0.19, 0.92
 0.01, 0.61, 0.19, 0.92
 0.01, 0.61, 0.19, 0.92
 0.01, 0.61, 0.19, 0.92
 0.01, 0.61, 0.19, 0.92
 0.01, 0.61, 0.19, 0.92
 0.01, 0.61, 0.19, 0.92
 0.01, 0.61, 0.19, 0.92
 0.01, 0.61, 0.19, 0.92
 0.01, 0.61, 0.19, 0.92
 0.01, 0.61, 0.19, 0.92
 0.01, 0.61, 0.19, 0.92
 0.01, 0.61, 0.19, 0.92
 0.01, 0.61, 0.19, 0.92
 0.01, 0.61, 0.19, 0.93
 0.01, 0.61, 0.20, 0.93
 0.01, 0.61, 0.20, 0.93
 0.01, 0.61, 0.20, 0.93
 0.01, 0.61, 0.20, 0.93
 0.01, 0.61, 0.20, 0.93
 0.01, 0.61, 0.20, 0.93
 0.01, 0.61, 0.20, 0.93
 0.01, 0.61, 0.20, 0.93
 0.01, 0.61, 0.20, 0.93
 0.01, 0.61, 0.20, 0.93
 0.01, 0.61, 0.20, 0.93
 0.01, 0.61, 0.20, 0.93
 0.01, 0.61, 0.20, 0.93
 0.01, 0.61, 0.20, 0.93
 0.01, 0.61, 0.20, 0.93
 0.01, 0.61, 0.20, 0.93
 0.01, 0.61, 0.20, 0.93
 0.01, 0.62, 0.20, 0.93
 0.01, 0.62, 0.20, 0.93
 0.01, 0.62, 0.20, 0.93
 0.01, 0.62, 0.20, 0.93
 0.01, 0.62, 0.20, 0.93
 0.01, 0.62, 0.20, 0.93
 0.01, 0.62, 0.20, 0.93
 0.01, 0.62, 0.20, 0.93
 0.01, 0.62, 0.20, 0.93
 0.01, 0.62, 0.20, 0.93
 0.01, 0.62, 0.20, 0.93
 0.01, 0.62, 0.20, 0.93
 0.01, 0.62, 0.20, 0.93
 0.01, 0.62, 0.20, 0.93
 0.01, 0.62, 0.20, 0.93
 0.01, 0.62, 0.20, 0.93
 0.01, 0.62, 0.20, 0.93
 0.01, 0.62, 0.20, 0.93
 0.01, 0.62, 0.20, 0.93
 0.01, 0.62, 0.20, 0.93
 0.01, 0.62, 0.20, 0.93
 0.01, 0.62, 0.20, 0.93
 0.01, 0.62, 0.20, 0.93
 0.01, 0.62, 0.20, 0.93
 0.01, 0.62, 0.20, 0.93
 0.01, 0.62, 0.20, 0.93
 0.01, 0.62, 0.20, 0.93
 0.01, 0.62, 0.20, 0.93
 0.01, 0.62, 0.20, 0.93
 0.01, 0.62, 0.20, 0.93
 0.01, 0.62, 0.20, 0.93
 0.01, 0.62, 0.20, 0.93
 0.01, 0.62, 0.20, 0.93
 0.01, 0.62, 0.20, 0.93
 0.01, 0.62, 0.20, 0.93
 0.01, 0.62, 0.20, 0.93
 0.01, 0.62, 0.20, 0.93
 0.01, 0.62, 0.20, 0.93
 0.01, 0.63, 0.20, 0.93
 0.01, 0.63, 0.20, 0.93
 0.01, 0.63, 0.20, 0.93
 0.01, 0.63, 0.20, 0.93
 0.01, 0.63, 0.20, 0.93
 0.01, 0.63, 0.20, 0.93
 0.01, 0.63, 0.21, 0.93
 0.01, 0.63, 0.21, 0.93
 0.01, 0.63, 0.21, 0.93
 0.01, 0.63, 0.21, 0.93
 0.01, 0.63, 0.21, 0.93
 0.01, 0.63, 0.21, 0.93
 0.01, 0.63, 0.21, 0.93
 0.01, 0.63, 0.21, 0.93
 0.01, 0.63, 0.21, 0.93
 0.01, 0.63, 0.21, 0.93
 0.01, 0.63, 0.21, 0.93
 0.01, 0.63, 0.21, 0.93
 0.01, 0.63, 0.21, 0.93
 0.01, 0.63, 0.21, 0.93
 0.01, 0.63, 0.21, 0.93
 0.01, 0.63, 0.21, 0.93
 0.01, 0.63, 0.21, 0.93
 0.01, 0.63, 0.21, 0.93
 0.01, 0.63, 0.21, 0.93
 0.01, 0.63, 0.21, 0.93
 0.01, 0.63, 0.21, 0.93
 0.01, 0.63, 0.21, 0.93
 0.01, 0.63, 0.21, 0.93
 0.01, 0.63, 0.21, 0.93
 0.01, 0.63, 0.21, 0.93
 0.01, 0.63, 0.21, 0.93
 0.01, 0.63, 0.21, 0.93
 0.01, 0.63, 0.21, 0.93
 0.01, 0.63, 0.21, 0.93
 0.01, 0.63, 0.21, 0.93
 0.01, 0.63, 0.21, 0.93
 0.01, 0.63, 0.21, 0.93
 0.01, 0.63, 0.21, 0.93
 0.01, 0.64, 0.21, 0.93
 0.01, 0.64, 0.21, 0.93
 0.01, 0.64, 0.21, 0.93
 0.01, 0.64, 0.21, 0.93
 0.01, 0.64, 0.21, 0.93
 0.01, 0.64, 0.21, 0.93
 0.01, 0.64, 0.21, 0.93
 0.01, 0.64, 0.21, 0.93
 0.01, 0.64, 0.21, 0.93
 0.01, 0.64, 0.21, 0.93
 0.01, 0.64, 0.21, 0.93
 0.01, 0.64, 0.21, 0.93
 0.01, 0.64, 0.21, 0.93
 0.01, 0.64, 0.21, 0.93
 0.01, 0.64, 0.21, 0.93
 0.01, 0.64, 0.21, 0.93
 0.01, 0.64, 0.21, 0.93
 0.01, 0.64, 0.21, 0.93
 0.01, 0.64, 0.21, 0.93
 0.01, 0.64, 0.21, 0.93
 0.01, 0.64, 0.21, 0.93
 0.01, 0.64, 0.21, 0.93
 0.01, 0.64, 0.21, 0.93
 0.01, 0.64, 0.21, 0.93
 0.01, 0.64, 0.21, 0.93
 0.01, 0.64, 0.22, 0.93
 0.01, 0.64, 0.22, 0.93
 0.01, 0.64, 0.22, 0.93
 0.01, 0.64, 0.22, 0.93
 0.01, 0.64, 0.22, 0.93
 0.01, 0.64, 0.22, 0.93
 0.01, 0.64, 0.22, 0.93
 0.01, 0.64, 0.22, 0.93
 0.01, 0.64, 0.22, 0.93
 0.01, 0.64, 0.22, 0.93
 0.01, 0.64, 0.22, 0.93
 0.01, 0.64, 0.22, 0.93
 0.01, 0.64, 0.22, 0.93
 0.01, 0.64, 0.22, 0.93
 0.01, 0.64, 0.22, 0.93
 0.01, 0.65, 0.22, 0.93
 0.01, 0.65, 0.22, 0.93
 0.01, 0.65, 0.22, 0.93
 0.01, 0.65, 0.22, 0.93
 0.01, 0.65, 0.22, 0.93
 0.01, 0.65, 0.22, 0.93
 0.01, 0.65, 0.22, 0.93
 0.01, 0.65, 0.22, 0.93
 0.01, 0.65, 0.22, 0.93
 0.01, 0.65, 0.22, 0.93
 0.01, 0.65, 0.22, 0.93
 0.01, 0.65, 0.22, 0.93
 0.01, 0.65, 0.22, 0.93
 0.01, 0.65, 0.22, 0.93
 0.01, 0.65, 0.22, 0.93
 0.01, 0.65, 0.22, 0.93
 0.01, 0.65, 0.22, 0.93
 0.01, 0.65, 0.22, 0.93
 0.01, 0.65, 0.22, 0.93
 0.01, 0.65, 0.22, 0.93
 0.01, 0.65, 0.22, 0.93
 0.01, 0.65, 0.22, 0.93
 0.01, 0.65, 0.22, 0.93
 0.01, 0.65, 0.22, 0.93
 0.01, 0.65, 0.22, 0.93
 0.01, 0.65, 0.22, 0.93
 0.01, 0.65, 0.22, 0.93
 0.01, 0.65, 0.22, 0.93
 0.01, 0.65, 0.22, 0.93
 0.01, 0.65, 0.22, 0.93
 0.01, 0.65, 0.22, 0.93
 0.01, 0.65, 0.22, 0.93
 0.01, 0.65, 0.22, 0.93
 0.01, 0.65, 0.22, 0.93
 0.01, 0.65, 0.22, 0.93
 0.01, 0.65, 0.22, 0.93
 0.01, 0.65, 0.22, 0.93
 0.01, 0.65, 0.22, 0.93
 0.01, 0.65, 0.22, 0.93
 0.01, 0.65, 0.22, 0.93
 0.01, 0.65, 0.23, 0.93
 0.01, 0.66, 0.23, 0.93
 0.01, 0.66, 0.23, 0.93
 0.01, 0.66, 0.23, 0.93
 0.01, 0.66, 0.23, 0.93
 0.01, 0.66, 0.23, 0.93
 0.01, 0.66, 0.23, 0.93
 0.01, 0.66, 0.23, 0.93
 0.01, 0.66, 0.23, 0.93
 0.01, 0.66, 0.23, 0.93
 0.01, 0.66, 0.23, 0.93
 0.01, 0.66, 0.23, 0.93
 0.01, 0.66, 0.23, 0.93
 0.01, 0.66, 0.23, 0.93
 0.01, 0.66, 0.23, 0.93
 0.01, 0.66, 0.23, 0.93
 0.01, 0.66, 0.23, 0.93
 0.01, 0.66, 0.23, 0.93
 0.01, 0.66, 0.23, 0.93
 0.01, 0.66, 0.23, 0.93
 0.01, 0.66, 0.23, 0.93
 0.01, 0.66, 0.23, 0.93
 0.01, 0.66, 0.23, 0.93
 0.01, 0.66, 0.23, 0.93
 0.01, 0.66, 0.23, 0.93
 0.01, 0.66, 0.23, 0.93
 0.01, 0.66, 0.23, 0.93
 0.01, 0.66, 0.23, 0.93
 0.01, 0.66, 0.23, 0.93
 0.01, 0.66, 0.23, 0.93
 0.01, 0.66, 0.23, 0.93
 0.01, 0.66, 0.23, 0.93
 0.01, 0.66, 0.23, 0.93
 0.01, 0.66, 0.23, 0.93
 0.01, 0.66, 0.23, 0.93
 0.01, 0.66, 0.23, 0.93
 0.01, 0.66, 0.23, 0.93
 0.01, 0.66, 0.23, 0.93
 0.01, 0.66, 0.23, 0.93
 0.01, 0.66, 0.23, 0.93
 0.01, 0.66, 0.23, 0.93
 0.01, 0.66, 0.23, 0.93
 0.01, 0.66, 0.23, 0.93
 0.01, 0.67, 0.23, 0.93
 0.01, 0.67, 0.23, 0.93
 0.01, 0.67, 0.23, 0.93
 0.01, 0.67, 0.23, 0.93
 0.01, 0.67, 0.23, 0.93
 0.01, 0.67, 0.23, 0.93
 0.01, 0.67, 0.23, 0.93
 0.01, 0.67, 0.23, 0.93
 0.01, 0.67, 0.23, 0.93
 0.01, 0.67, 0.24, 0.93
 0.01, 0.67, 0.24, 0.93
 0.01, 0.67, 0.24, 0.93
 0.01, 0.67, 0.24, 0.93
 0.01, 0.67, 0.24, 0.93
 0.01, 0.67, 0.24, 0.93
 0.01, 0.67, 0.24, 0.94
 0.01, 0.67, 0.24, 0.94
 0.01, 0.67, 0.24, 0.94
 0.01, 0.67, 0.24, 0.94
 0.01, 0.67, 0.24, 0.94
 0.01, 0.67, 0.24, 0.94
 0.01, 0.67, 0.24, 0.94
 0.01, 0.67, 0.24, 0.94
 0.01, 0.67, 0.24, 0.94
 0.01, 0.67, 0.24, 0.94
 0.01, 0.67, 0.24, 0.94
 0.01, 0.67, 0.24, 0.94
 0.01, 0.67, 0.24, 0.94
 0.01, 0.67, 0.24, 0.94
 0.01, 0.67, 0.24, 0.94
 0.01, 0.67, 0.24, 0.94
 0.01, 0.67, 0.24, 0.94
 0.01, 0.67, 0.24, 0.94
 0.01, 0.67, 0.24, 0.94
 0.01, 0.67, 0.24, 0.94
 0.01, 0.67, 0.24, 0.94
 0.01, 0.67, 0.24, 0.94
 0.01, 0.67, 0.24, 0.94
 0.01, 0.67, 0.24, 0.94
 0.01, 0.67, 0.24, 0.94
 0.01, 0.67, 0.24, 0.94
 0.01, 0.67, 0.24, 0.94
 0.01, 0.67, 0.24, 0.94
 0.01, 0.68, 0.24, 0.94
 0.01, 0.68, 0.24, 0.94
 0.01, 0.68, 0.24, 0.94
 0.01, 0.68, 0.24, 0.94
 0.01, 0.68, 0.24, 0.94
 0.01, 0.68, 0.24, 0.94
 0.01, 0.68, 0.24, 0.94
 0.01, 0.68, 0.24, 0.94
 0.01, 0.68, 0.24, 0.94
 0.01, 0.68, 0.24, 0.94
 0.01, 0.68, 0.24, 0.94
 0.01, 0.68, 0.24, 0.94
 0.01, 0.68, 0.24, 0.94
 0.01, 0.68, 0.24, 0.94
 0.01, 0.68, 0.24, 0.94
 0.01, 0.68, 0.24, 0.94
 0.01, 0.68, 0.24, 0.94
 0.01, 0.68, 0.25, 0.94
 0.01, 0.68, 0.25, 0.94
 0.01, 0.68, 0.25, 0.94
 0.01, 0.68, 0.25, 0.94
 0.01, 0.68, 0.25, 0.94
 0.01, 0.68, 0.25, 0.94
 0.01, 0.68, 0.25, 0.94
 0.01, 0.68, 0.25, 0.94
 0.01, 0.68, 0.25, 0.94
 0.01, 0.68, 0.25, 0.94
 0.01, 0.68, 0.25, 0.94
 0.01, 0.68, 0.25, 0.94
 0.01, 0.68, 0.25, 0.94
 0.01, 0.68, 0.25, 0.94
 0.01, 0.68, 0.25, 0.94
 0.01, 0.68, 0.25, 0.94
 0.01, 0.68, 0.25, 0.94
 0.01, 0.68, 0.25, 0.94
 0.01, 0.68, 0.25, 0.94
 0.01, 0.68, 0.25, 0.94
 0.01, 0.68, 0.25, 0.94
 0.01, 0.68, 0.25, 0.94
 0.01, 0.68, 0.25, 0.94
 0.01, 0.68, 0.25, 0.94
 0.01, 0.68, 0.25, 0.94
 0.01, 0.68, 0.25, 0.94
 0.01, 0.68, 0.25, 0.94
 0.01, 0.68, 0.25, 0.94
 0.01, 0.69, 0.25, 0.94
 0.01, 0.69, 0.25, 0.94
 0.01, 0.69, 0.25, 0.94
 0.01, 0.69, 0.25, 0.94
 0.01, 0.69, 0.25, 0.94
 0.01, 0.69, 0.25, 0.94
 0.01, 0.69, 0.25, 0.94
 0.01, 0.69, 0.25, 0.94
 0.01, 0.69, 0.25, 0.94
 0.01, 0.69, 0.25, 0.94
 0.01, 0.69, 0.25, 0.94
 0.01, 0.69, 0.25, 0.94
 0.01, 0.69, 0.25, 0.94
 0.01, 0.69, 0.25, 0.94
 0.01, 0.69, 0.25, 0.94
 0.01, 0.69, 0.25, 0.94
 0.01, 0.69, 0.25, 0.94
 0.01, 0.69, 0.25, 0.94
 0.01, 0.69, 0.25, 0.94
 0.01, 0.69, 0.25, 0.94
 0.01, 0.69, 0.25, 0.94
 0.01, 0.69, 0.25, 0.94
 0.01, 0.69, 0.26, 0.94
 0.01, 0.69, 0.26, 0.94
 0.01, 0.69, 0.26, 0.94
 0.01, 0.69, 0.26, 0.94
 0.01, 0.69, 0.26, 0.94
 0.01, 0.69, 0.26, 0.94
 0.01, 0.69, 0.26, 0.94
 0.01, 0.69, 0.26, 0.94
 0.01, 0.69, 0.26, 0.94
 0.01, 0.69, 0.26, 0.94
 0.01, 0.69, 0.26, 0.94
 0.01, 0.69, 0.26, 0.94
 0.01, 0.69, 0.26, 0.94
 0.01, 0.69, 0.26, 0.94
 0.01, 0.69, 0.26, 0.94
 0.01, 0.69, 0.26, 0.94
 0.01, 0.69, 0.26, 0.94
 0.01, 0.69, 0.26, 0.94
 0.01, 0.69, 0.26, 0.94
 0.01, 0.69, 0.26, 0.94
 0.01, 0.69, 0.26, 0.94
 0.01, 0.69, 0.26, 0.94
 0.01, 0.69, 0.26, 0.94
 0.01, 0.69, 0.26, 0.94
 0.01, 0.70, 0.26, 0.94
 0.01, 0.70, 0.26, 0.94
 0.01, 0.70, 0.26, 0.94
 0.01, 0.70, 0.26, 0.94
 0.01, 0.70, 0.26, 0.94
 0.01, 0.70, 0.26, 0.94
 0.01, 0.70, 0.26, 0.94
 0.01, 0.70, 0.26, 0.94
 0.01, 0.70, 0.26, 0.94
 0.01, 0.70, 0.26, 0.94
 0.01, 0.70, 0.26, 0.94
 0.01, 0.70, 0.26, 0.94
 0.01, 0.70, 0.26, 0.94
 0.01, 0.70, 0.26, 0.94
 0.01, 0.70, 0.26, 0.94
 0.01, 0.70, 0.26, 0.94
 0.01, 0.70, 0.26, 0.94
 0.01, 0.70, 0.26, 0.94
 0.01, 0.70, 0.26, 0.94
 0.01, 0.70, 0.26, 0.94
 0.01, 0.70, 0.26, 0.94
 0.01, 0.70, 0.26, 0.94
 0.01, 0.70, 0.26, 0.94
 0.01, 0.70, 0.26, 0.94
 0.01, 0.70, 0.27, 0.94
 0.01, 0.70, 0.27, 0.94
 0.01, 0.70, 0.27, 0.94
 0.01, 0.70, 0.27, 0.94
 0.01, 0.70, 0.27, 0.94
 0.01, 0.70, 0.27, 0.94
 0.01, 0.70, 0.27, 0.94
 0.01, 0.70, 0.27, 0.94
 0.01, 0.70, 0.27, 0.94
 0.01, 0.70, 0.27, 0.94
 0.01, 0.70, 0.27, 0.94
 0.01, 0.70, 0.27, 0.94
 0.01, 0.70, 0.27, 0.94
 0.01, 0.70, 0.27, 0.94
 0.01, 0.70, 0.27, 0.94
 0.01, 0.70, 0.27, 0.94
 0.01, 0.70, 0.27, 0.94
 0.01, 0.70, 0.27, 0.94
 0.01, 0.70, 0.27, 0.94
 0.01, 0.70, 0.27, 0.94
 0.01, 0.70, 0.27, 0.94
 0.01, 0.70, 0.27, 0.94
 0.01, 0.70, 0.27, 0.94
 0.01, 0.70, 0.27, 0.94
 0.01, 0.71, 0.27, 0.94
 0.01, 0.71, 0.27, 0.94
 0.01, 0.71, 0.27, 0.94
 0.01, 0.71, 0.27, 0.94
 0.01, 0.71, 0.27, 0.94
 0.01, 0.71, 0.27, 0.94
 0.01, 0.71, 0.27, 0.94
 0.01, 0.71, 0.27, 0.94
 0.01, 0.71, 0.27, 0.94
 0.01, 0.71, 0.27, 0.94
 0.01, 0.71, 0.27, 0.94
 0.01, 0.71, 0.27, 0.94
 0.01, 0.71, 0.27, 0.94
 0.01, 0.71, 0.27, 0.94
 0.01, 0.71, 0.27, 0.94
 0.01, 0.71, 0.27, 0.94
 0.01, 0.71, 0.27, 0.94
 0.01, 0.71, 0.27, 0.94
 0.01, 0.71, 0.27, 0.94
 0.01, 0.71, 0.27, 0.94
 0.01, 0.71, 0.27, 0.94
 0.01, 0.71, 0.27, 0.94
 0.01, 0.71, 0.27, 0.94
 0.01, 0.71, 0.28, 0.94
 0.01, 0.71, 0.28, 0.94
 0.01, 0.71, 0.28, 0.94
 0.01, 0.71, 0.28, 0.94
 0.01, 0.71, 0.28, 0.94
 0.01, 0.71, 0.28, 0.94
 0.01, 0.71, 0.28, 0.94
 0.01, 0.71, 0.28, 0.94
 0.01, 0.71, 0.28, 0.94
 0.01, 0.71, 0.28, 0.94
 0.01, 0.71, 0.28, 0.94
 0.01, 0.71, 0.28, 0.94
 0.01, 0.71, 0.28, 0.94
 0.01, 0.71, 0.28, 0.94
 0.01, 0.71, 0.28, 0.94
 0.01, 0.71, 0.28, 0.94
 0.01, 0.71, 0.28, 0.94
 0.01, 0.71, 0.28, 0.94
 0.01, 0.71, 0.28, 0.94
 0.01, 0.71, 0.28, 0.94
 0.01, 0.71, 0.28, 0.94
 0.01, 0.71, 0.28, 0.94
 0.01, 0.71, 0.28, 0.94
 0.01, 0.71, 0.28, 0.94
 0.01, 0.71, 0.28, 0.94
 0.01, 0.71, 0.28, 0.94
 0.01, 0.72, 0.28, 0.94
 0.01, 0.72, 0.28, 0.94
 0.01, 0.72, 0.28, 0.94
 0.01, 0.72, 0.28, 0.94
 0.01, 0.72, 0.28, 0.94
 0.01, 0.72, 0.28, 0.94
 0.01, 0.72, 0.28, 0.94
 0.01, 0.72, 0.28, 0.94
 0.01, 0.72, 0.28, 0.94
 0.01, 0.72, 0.28, 0.94
 0.01, 0.72, 0.28, 0.94
 0.01, 0.72, 0.28, 0.94
 0.01, 0.72, 0.28, 0.94
 0.01, 0.72, 0.28, 0.94
 0.01, 0.72, 0.28, 0.94
 0.01, 0.72, 0.28, 0.94
 0.01, 0.72, 0.28, 0.94
 0.01, 0.72, 0.28, 0.94
 0.01, 0.72, 0.28, 0.94
 0.01, 0.72, 0.28, 0.94
 0.01, 0.72, 0.28, 0.94
 0.01, 0.72, 0.29, 0.94
 0.01, 0.72, 0.29, 0.94
 0.01, 0.72, 0.29, 0.94
 0.01, 0.72, 0.29, 0.94
 0.01, 0.72, 0.29, 0.94
 0.01, 0.72, 0.29, 0.94
 0.01, 0.72, 0.29, 0.94
 0.01, 0.72, 0.29, 0.94
 0.01, 0.72, 0.29, 0.94
 0.01, 0.72, 0.29, 0.94
 0.01, 0.72, 0.29, 0.94
 0.01, 0.72, 0.29, 0.94
 0.01, 0.72, 0.29, 0.94
 0.01, 0.72, 0.29, 0.94
 0.01, 0.72, 0.29, 0.94
 0.01, 0.72, 0.29, 0.94
 0.01, 0.72, 0.29, 0.94
 0.01, 0.72, 0.29, 0.94
 0.01, 0.72, 0.29, 0.94
 0.01, 0.72, 0.29, 0.94
 0.01, 0.72, 0.29, 0.94
 0.01, 0.72, 0.29, 0.94
 0.01, 0.72, 0.29, 0.94
 0.01, 0.72, 0.29, 0.94
 0.01, 0.72, 0.29, 0.94
 0.01, 0.72, 0.29, 0.94
 0.01, 0.72, 0.29, 0.94
 0.01, 0.72, 0.29, 0.94
 0.01, 0.72, 0.29, 0.94
 0.01, 0.72, 0.29, 0.94
 0.01, 0.73, 0.29, 0.94
 0.01, 0.73, 0.29, 0.94
 0.01, 0.73, 0.29, 0.94
 0.01, 0.73, 0.29, 0.94
 0.01, 0.73, 0.29, 0.94
 0.01, 0.73, 0.29, 0.95
 0.01, 0.73, 0.29, 0.95
 0.01, 0.73, 0.29, 0.95
 0.01, 0.73, 0.29, 0.95
 0.01, 0.73, 0.29, 0.95
 0.01, 0.73, 0.29, 0.95
 0.01, 0.73, 0.29, 0.95
 0.01, 0.73, 0.29, 0.95
 0.01, 0.73, 0.29, 0.95
 0.01, 0.73, 0.29, 0.95
 0.01, 0.73, 0.29, 0.95
 0.01, 0.73, 0.30, 0.95
 0.01, 0.73, 0.30, 0.95
 0.01, 0.73, 0.30, 0.95
 0.01, 0.73, 0.30, 0.95
 0.01, 0.73, 0.30, 0.95
 0.01, 0.73, 0.30, 0.95
 0.01, 0.73, 0.30, 0.95
 0.01, 0.73, 0.30, 0.95
 0.01, 0.73, 0.30, 0.95
 0.01, 0.73, 0.30, 0.95
 0.01, 0.73, 0.30, 0.95
 0.01, 0.73, 0.30, 0.95
 0.01, 0.73, 0.30, 0.95
 0.01, 0.73, 0.30, 0.95
 0.01, 0.73, 0.30, 0.95
 0.01, 0.73, 0.30, 0.95
 0.01, 0.73, 0.30, 0.95
 0.01, 0.73, 0.30, 0.95
 0.01, 0.73, 0.30, 0.95
 0.01, 0.73, 0.30, 0.95
 0.01, 0.73, 0.30, 0.95
 0.01, 0.73, 0.30, 0.95
 0.01, 0.73, 0.30, 0.95
 0.01, 0.73, 0.30, 0.95
 0.01, 0.73, 0.30, 0.95
 0.01, 0.73, 0.30, 0.95
 0.01, 0.73, 0.30, 0.95
 0.01, 0.73, 0.30, 0.95
 0.01, 0.73, 0.30, 0.95
 0.01, 0.73, 0.30, 0.95
 0.01, 0.73, 0.30, 0.95
 0.01, 0.73, 0.30, 0.95
 0.01, 0.73, 0.30, 0.95
 0.01, 0.73, 0.30, 0.95
 0.01, 0.73, 0.30, 0.95
 0.01, 0.73, 0.30, 0.95
 0.01, 0.73, 0.30, 0.95
 0.01, 0.73, 0.30, 0.95
 0.01, 0.74, 0.30, 0.95
 0.01, 0.74, 0.30, 0.95
 0.01, 0.74, 0.30, 0.95
 0.01, 0.74, 0.30, 0.95
 0.01, 0.74, 0.30, 0.95
 0.01, 0.74, 0.30, 0.95
 0.01, 0.74, 0.30, 0.95
 0.01, 0.74, 0.31, 0.95
 0.01, 0.74, 0.31, 0.95
 0.01, 0.74, 0.31, 0.95
 0.01, 0.74, 0.31, 0.95
 0.01, 0.74, 0.31, 0.95
 0.01, 0.74, 0.31, 0.95
 0.01, 0.74, 0.31, 0.95
 0.01, 0.74, 0.31, 0.95
 0.01, 0.74, 0.31, 0.95
 0.01, 0.74, 0.31, 0.95
 0.01, 0.74, 0.31, 0.95
 0.01, 0.74, 0.31, 0.95
 0.01, 0.74, 0.31, 0.95
 0.01, 0.74, 0.31, 0.95
 0.01, 0.74, 0.31, 0.95
 0.01, 0.74, 0.31, 0.95
 0.01, 0.74, 0.31, 0.95
 0.01, 0.74, 0.31, 0.95
 0.01, 0.74, 0.31, 0.95
 0.01, 0.74, 0.31, 0.95
 0.01, 0.74, 0.31, 0.95
 0.01, 0.74, 0.31, 0.95
 0.01, 0.74, 0.31, 0.95
 0.01, 0.74, 0.31, 0.95
 0.01, 0.74, 0.31, 0.95
 0.01, 0.74, 0.31, 0.95
 0.01, 0.74, 0.31, 0.95
 0.01, 0.74, 0.31, 0.95
 0.01, 0.74, 0.31, 0.95
 0.01, 0.74, 0.31, 0.95
 0.01, 0.74, 0.31, 0.95
 0.01, 0.74, 0.31, 0.95
 0.01, 0.74, 0.31, 0.95
 0.01, 0.74, 0.31, 0.95
 0.01, 0.74, 0.31, 0.95
 0.01, 0.74, 0.31, 0.95
 0.01, 0.74, 0.31, 0.95
 0.01, 0.74, 0.31, 0.95
 0.01, 0.74, 0.31, 0.95
 0.01, 0.74, 0.31, 0.95
 0.01, 0.74, 0.31, 0.95
 0.01, 0.74, 0.31, 0.95
 0.01, 0.74, 0.31, 0.95
 0.01, 0.74, 0.31, 0.95
 0.01, 0.74, 0.31, 0.95
 0.01, 0.74, 0.32, 0.95
 0.01, 0.74, 0.32, 0.95
 0.01, 0.74, 0.32, 0.95
 0.01, 0.75, 0.32, 0.95
 0.01, 0.75, 0.32, 0.95
 0.01, 0.75, 0.32, 0.95
 0.01, 0.75, 0.32, 0.95
 0.01, 0.75, 0.32, 0.95
 0.01, 0.75, 0.32, 0.95
 0.01, 0.75, 0.32, 0.95
 0.01, 0.75, 0.32, 0.95
 0.01, 0.75, 0.32, 0.95
 0.01, 0.75, 0.32, 0.95
 0.01, 0.75, 0.32, 0.95
 0.01, 0.75, 0.32, 0.95
 0.01, 0.75, 0.32, 0.95
 0.01, 0.75, 0.32, 0.95
 0.01, 0.75, 0.32, 0.95
 0.01, 0.75, 0.32, 0.95
 0.01, 0.75, 0.32, 0.95
 0.01, 0.75, 0.32, 0.95
 0.01, 0.75, 0.32, 0.95
 0.01, 0.75, 0.32, 0.95
 0.01, 0.75, 0.32, 0.95
 0.01, 0.75, 0.32, 0.95
 0.01, 0.75, 0.32, 0.95
 0.01, 0.75, 0.32, 0.95
 0.01, 0.75, 0.32, 0.95
 0.01, 0.75, 0.32, 0.95
 0.01, 0.75, 0.32, 0.95
 0.01, 0.75, 0.32, 0.95
 0.01, 0.75, 0.32, 0.95
 0.01, 0.75, 0.32, 0.95
 0.01, 0.75, 0.32, 0.95
 0.01, 0.75, 0.32, 0.95
 0.01, 0.75, 0.32, 0.95
 0.01, 0.75, 0.32, 0.95
 0.01, 0.75, 0.32, 0.95
 0.01, 0.75, 0.32, 0.95
 0.01, 0.75, 0.32, 0.95
 0.01, 0.75, 0.32, 0.95
 0.01, 0.75, 0.32, 0.95
 0.01, 0.75, 0.32, 0.95
 0.01, 0.75, 0.32, 0.95
 0.01, 0.75, 0.33, 0.95
 0.01, 0.75, 0.33, 0.95
 0.01, 0.75, 0.33, 0.95
 0.01, 0.75, 0.33, 0.95
 0.01, 0.75, 0.33, 0.95
 0.01, 0.75, 0.33, 0.95
 0.01, 0.75, 0.33, 0.95
 0.01, 0.75, 0.33, 0.95
 0.01, 0.75, 0.33, 0.95
 0.01, 0.75, 0.33, 0.95
 0.01, 0.75, 0.33, 0.95
 0.01, 0.75, 0.33, 0.95
 0.01, 0.75, 0.33, 0.95
 0.01, 0.75, 0.33, 0.95
 0.01, 0.75, 0.33, 0.95
 0.01, 0.75, 0.33, 0.95
 0.01, 0.76, 0.33, 0.95
 0.01, 0.76, 0.33, 0.95
 0.01, 0.76, 0.33, 0.95
 0.01, 0.76, 0.33, 0.95
 0.01, 0.76, 0.33, 0.95
 0.01, 0.76, 0.33, 0.95
 0.01, 0.76, 0.33, 0.95
 0.01, 0.76, 0.33, 0.95
 0.01, 0.76, 0.33, 0.95
 0.01, 0.76, 0.33, 0.95
 0.01, 0.76, 0.33, 0.95
 0.01, 0.76, 0.33, 0.95
 0.01, 0.76, 0.33, 0.95
 0.01, 0.76, 0.33, 0.95
 0.01, 0.76, 0.33, 0.95
 0.01, 0.76, 0.33, 0.95
 0.01, 0.76, 0.33, 0.95
 0.01, 0.76, 0.33, 0.95
 0.01, 0.76, 0.33, 0.95
 0.01, 0.76, 0.33, 0.95
 0.01, 0.76, 0.33, 0.95
 0.01, 0.76, 0.33, 0.95
 0.01, 0.76, 0.33, 0.95
 0.01, 0.76, 0.33, 0.95
 0.01, 0.76, 0.33, 0.95
 0.01, 0.76, 0.33, 0.95
 0.01, 0.76, 0.33, 0.95
 0.01, 0.76, 0.33, 0.95
 0.01, 0.76, 0.34, 0.95
 0.01, 0.76, 0.34, 0.95
 0.01, 0.76, 0.34, 0.95
 0.01, 0.76, 0.34, 0.95
 0.01, 0.76, 0.34, 0.95
 0.01, 0.76, 0.34, 0.95
 0.01, 0.76, 0.34, 0.95
 0.01, 0.76, 0.34, 0.95
 0.01, 0.76, 0.34, 0.95
 0.01, 0.76, 0.34, 0.95
 0.01, 0.76, 0.34, 0.95
 0.01, 0.76, 0.34, 0.95
 0.01, 0.76, 0.34, 0.95
 0.01, 0.76, 0.34, 0.95
 0.01, 0.76, 0.34, 0.95
 0.01, 0.76, 0.34, 0.95
 0.01, 0.76, 0.34, 0.95
 0.01, 0.76, 0.34, 0.95
 0.01, 0.76, 0.34, 0.95
 0.01, 0.76, 0.34, 0.95
 0.01, 0.76, 0.34, 0.95
 0.01, 0.76, 0.34, 0.95
 0.01, 0.76, 0.34, 0.95
 0.01, 0.76, 0.34, 0.95
 0.01, 0.76, 0.34, 0.95
 0.01, 0.76, 0.34, 0.95
 0.01, 0.76, 0.34, 0.95
 0.01, 0.76, 0.34, 0.95
 0.01, 0.76, 0.34, 0.95
 0.01, 0.76, 0.34, 0.95
 0.01, 0.76, 0.34, 0.95
 0.01, 0.76, 0.34, 0.95
 0.01, 0.77, 0.34, 0.95
 0.01, 0.77, 0.34, 0.95
 0.01, 0.77, 0.34, 0.95
 0.01, 0.77, 0.34, 0.95
 0.01, 0.77, 0.34, 0.95
 0.01, 0.77, 0.34, 0.95
 0.01, 0.77, 0.34, 0.95
 0.01, 0.77, 0.34, 0.95
 0.01, 0.77, 0.34, 0.95
 0.01, 0.77, 0.34, 0.95
 0.01, 0.77, 0.34, 0.95
 0.01, 0.77, 0.34, 0.95
 0.01, 0.77, 0.35, 0.95
 0.01, 0.77, 0.35, 0.95
 0.01, 0.77, 0.35, 0.95
 0.01, 0.77, 0.35, 0.95
 0.01, 0.77, 0.35, 0.95
 0.01, 0.77, 0.35, 0.95
 0.01, 0.77, 0.35, 0.95
 0.01, 0.77, 0.35, 0.95
 0.01, 0.77, 0.35, 0.95
 0.01, 0.77, 0.35, 0.95
 0.01, 0.77, 0.35, 0.95
 0.01, 0.77, 0.35, 0.95
 0.01, 0.77, 0.35, 0.95
 0.01, 0.77, 0.35, 0.95
 0.01, 0.77, 0.35, 0.95
 0.01, 0.77, 0.35, 0.95
 0.01, 0.77, 0.35, 0.95
 0.01, 0.77, 0.35, 0.95
 0.01, 0.77, 0.35, 0.95
 0.01, 0.77, 0.35, 0.95
 0.01, 0.77, 0.35, 0.95
 0.01, 0.77, 0.35, 0.95
 0.01, 0.77, 0.35, 0.95
 0.01, 0.77, 0.35, 0.95
 0.01, 0.77, 0.35, 0.95
 0.01, 0.77, 0.35, 0.95
 0.01, 0.77, 0.35, 0.95
 0.01, 0.77, 0.35, 0.95
 0.01, 0.77, 0.35, 0.95
 0.01, 0.77, 0.35, 0.95
 0.01, 0.77, 0.35, 0.95
 0.01, 0.77, 0.35, 0.95
 0.01, 0.77, 0.35, 0.95
 0.01, 0.77, 0.35, 0.95
 0.01, 0.77, 0.35, 0.95
 0.01, 0.77, 0.35, 0.95
 0.01, 0.77, 0.35, 0.95
 0.01, 0.77, 0.35, 0.95
 0.01, 0.77, 0.35, 0.95
 0.01, 0.77, 0.35, 0.95
 0.01, 0.77, 0.35, 0.95
 0.01, 0.77, 0.35, 0.95
 0.01, 0.77, 0.35, 0.95
 0.01, 0.77, 0.35, 0.95
 0.01, 0.77, 0.36, 0.95
 0.01, 0.77, 0.36, 0.95
 0.01, 0.77, 0.36, 0.95
 0.01, 0.77, 0.36, 0.95
 0.01, 0.77, 0.36, 0.95
 0.01, 0.77, 0.36, 0.95
 0.01, 0.78, 0.36, 0.95
 0.01, 0.78, 0.36, 0.95
 0.01, 0.78, 0.36, 0.95
 0.01, 0.78, 0.36, 0.95
 0.01, 0.78, 0.36, 0.95
 0.01, 0.78, 0.36, 0.95
 0.01, 0.78, 0.36, 0.95
 0.01, 0.78, 0.36, 0.95
 0.01, 0.78, 0.36, 0.95
 0.01, 0.78, 0.36, 0.95
 0.01, 0.78, 0.36, 0.95
 0.01, 0.78, 0.36, 0.95
 0.01, 0.78, 0.36, 0.95
 0.01, 0.78, 0.36, 0.95
 0.01, 0.78, 0.36, 0.95
 0.01, 0.78, 0.36, 0.95
 0.01, 0.78, 0.36, 0.95
 0.01, 0.78, 0.36, 0.95
 0.01, 0.78, 0.36, 0.95
 0.01, 0.78, 0.36, 0.95
 0.01, 0.78, 0.36, 0.95
 0.01, 0.78, 0.36, 0.95
 0.01, 0.78, 0.36, 0.95
 0.01, 0.78, 0.36, 0.95
 0.01, 0.78, 0.36, 0.95
 0.01, 0.78, 0.36, 0.95
 0.01, 0.78, 0.36, 0.95
 0.01, 0.78, 0.36, 0.95
 0.01, 0.78, 0.36, 0.95
 0.01, 0.78, 0.36, 0.95
 0.01, 0.78, 0.36, 0.95
 0.01, 0.78, 0.36, 0.95
 0.01, 0.78, 0.36, 0.95
 0.01, 0.78, 0.36, 0.95
 0.01, 0.78, 0.36, 0.95
 0.01, 0.78, 0.36, 0.95
 0.01, 0.78, 0.36, 0.95
 0.01, 0.78, 0.37, 0.95
 0.01, 0.78, 0.37, 0.95
 0.01, 0.78, 0.37, 0.95
 0.01, 0.78, 0.37, 0.95
 0.01, 0.78, 0.37, 0.95
 0.01, 0.78, 0.37, 0.95
 0.01, 0.78, 0.37, 0.96
 0.01, 0.78, 0.37, 0.96
 0.01, 0.78, 0.37, 0.96
 0.01, 0.78, 0.37, 0.96
 0.01, 0.78, 0.37, 0.96
 0.01, 0.78, 0.37, 0.96
 0.01, 0.78, 0.37, 0.96
 0.01, 0.78, 0.37, 0.96
 0.01, 0.78, 0.37, 0.96
 0.01, 0.78, 0.37, 0.96
 0.01, 0.78, 0.37, 0.96
 0.01, 0.78, 0.37, 0.96
 0.01, 0.78, 0.37, 0.96
 0.01, 0.78, 0.37, 0.96
 0.01, 0.78, 0.37, 0.96
 0.01, 0.78, 0.37, 0.96
 0.01, 0.78, 0.37, 0.96
 0.01, 0.78, 0.37, 0.96
 0.01, 0.78, 0.37, 0.96
 0.01, 0.78, 0.37, 0.96
 0.01, 0.78, 0.37, 0.96
 0.01, 0.78, 0.37, 0.96
 0.01, 0.79, 0.37, 0.96
 0.01, 0.79, 0.37, 0.96
 0.01, 0.79, 0.37, 0.96
 0.01, 0.79, 0.37, 0.96
 0.01, 0.79, 0.37, 0.96
 0.01, 0.79, 0.37, 0.96
 0.01, 0.79, 0.37, 0.96
 0.01, 0.79, 0.37, 0.96
 0.01, 0.79, 0.37, 0.96
 0.01, 0.79, 0.37, 0.96
 0.01, 0.79, 0.37, 0.96
 0.01, 0.79, 0.37, 0.96
 0.01, 0.79, 0.37, 0.96
 0.01, 0.79, 0.37, 0.96
 0.01, 0.79, 0.37, 0.96
 0.01, 0.79, 0.38, 0.96
 0.01, 0.79, 0.38, 0.96
 0.01, 0.79, 0.38, 0.96
 0.01, 0.79, 0.38, 0.96
 0.01, 0.79, 0.38, 0.96
 0.01, 0.79, 0.38, 0.96
 0.01, 0.79, 0.38, 0.96
 0.01, 0.79, 0.38, 0.96
 0.01, 0.79, 0.38, 0.96
 0.01, 0.79, 0.38, 0.96
 0.01, 0.79, 0.38, 0.96
 0.01, 0.79, 0.38, 0.96
 0.01, 0.79, 0.38, 0.96
 0.01, 0.79, 0.38, 0.96
 0.01, 0.79, 0.38, 0.96
 0.01, 0.79, 0.38, 0.96
 0.01, 0.79, 0.38, 0.96
 0.01, 0.79, 0.38, 0.96
 0.01, 0.79, 0.38, 0.96
 0.01, 0.79, 0.38, 0.96
 0.01, 0.79, 0.38, 0.96
 0.01, 0.79, 0.38, 0.96
 0.01, 0.79, 0.38, 0.96
 0.01, 0.79, 0.38, 0.96
 0.01, 0.79, 0.38, 0.96
 0.01, 0.79, 0.38, 0.96
 0.01, 0.79, 0.38, 0.96
 0.01, 0.79, 0.38, 0.96
 0.01, 0.79, 0.38, 0.96
 0.01, 0.79, 0.38, 0.96
 0.01, 0.79, 0.38, 0.96
 0.01, 0.79, 0.38, 0.96
 0.01, 0.79, 0.38, 0.96
 0.01, 0.79, 0.38, 0.96
 0.01, 0.79, 0.38, 0.96
 0.01, 0.79, 0.38, 0.96
 0.01, 0.79, 0.38, 0.96
 0.01, 0.79, 0.38, 0.96
 0.01, 0.79, 0.38, 0.96
 0.01, 0.79, 0.38, 0.96
 0.01, 0.79, 0.38, 0.96
 0.01, 0.79, 0.38, 0.96
 0.01, 0.79, 0.38, 0.96
 0.01, 0.79, 0.39, 0.96
 0.01, 0.79, 0.39, 0.96
 0.01, 0.79, 0.39, 0.96
 0.01, 0.79, 0.39, 0.96
 0.01, 0.79, 0.39, 0.96
 0.01, 0.79, 0.39, 0.96
 0.01, 0.79, 0.39, 0.96
 0.01, 0.79, 0.39, 0.96
 0.01, 0.79, 0.39, 0.96
 0.01, 0.79, 0.39, 0.96
 0.01, 0.80, 0.39, 0.96
 0.01, 0.80, 0.39, 0.96
 0.01, 0.80, 0.39, 0.96
 0.01, 0.80, 0.39, 0.96
 0.01, 0.80, 0.39, 0.96
 0.01, 0.80, 0.39, 0.96
 0.01, 0.80, 0.39, 0.96
 0.01, 0.80, 0.39, 0.96
 0.01, 0.80, 0.39, 0.96
 0.01, 0.80, 0.39, 0.96
 0.01, 0.80, 0.39, 0.96
 0.01, 0.80, 0.39, 0.96
 0.01, 0.80, 0.39, 0.96
 0.01, 0.80, 0.39, 0.96
 0.01, 0.80, 0.39, 0.96
 0.01, 0.80, 0.39, 0.96
 0.01, 0.80, 0.39, 0.96
 0.01, 0.80, 0.39, 0.96
 0.01, 0.80, 0.39, 0.96
 0.01, 0.80, 0.39, 0.96
 0.01, 0.80, 0.39, 0.96
 0.01, 0.80, 0.39, 0.96
 0.01, 0.80, 0.39, 0.96
 0.01, 0.80, 0.39, 0.96
 0.01, 0.80, 0.39, 0.96
 0.01, 0.80, 0.39, 0.96
 0.01, 0.80, 0.39, 0.96
 0.01, 0.80, 0.39, 0.96
 0.01, 0.80, 0.39, 0.96
 0.01, 0.80, 0.39, 0.96
 0.01, 0.80, 0.39, 0.96
 0.01, 0.80, 0.39, 0.96
 0.01, 0.80, 0.39, 0.96
 0.01, 0.80, 0.40, 0.96
 0.01, 0.80, 0.40, 0.96
 0.01, 0.80, 0.40, 0.96
 0.01, 0.80, 0.40, 0.96
 0.01, 0.80, 0.40, 0.96
 0.01, 0.80, 0.40, 0.96
 0.01, 0.80, 0.40, 0.96
 0.01, 0.80, 0.40, 0.96
 0.01, 0.80, 0.40, 0.96
 0.01, 0.80, 0.40, 0.96
 0.01, 0.80, 0.40, 0.96
 0.01, 0.80, 0.40, 0.96
 0.01, 0.80, 0.40, 0.96
 0.01, 0.80, 0.40, 0.96
 0.01, 0.80, 0.40, 0.96
 0.01, 0.80, 0.40, 0.96
 0.01, 0.80, 0.40, 0.96
 0.01, 0.80, 0.40, 0.96
 0.01, 0.80, 0.40, 0.96
 0.01, 0.80, 0.40, 0.96
 0.01, 0.80, 0.40, 0.96
 0.01, 0.80, 0.40, 0.96
 0.01, 0.80, 0.40, 0.96
 0.01, 0.80, 0.40, 0.96
 0.01, 0.80, 0.40, 0.96
 0.01, 0.80, 0.40, 0.96
 0.01, 0.80, 0.40, 0.96
 0.01, 0.80, 0.40, 0.96
 0.01, 0.80, 0.40, 0.96
 0.01, 0.80, 0.40, 0.96
 0.01, 0.80, 0.40, 0.96
 0.01, 0.80, 0.40, 0.96
 0.01, 0.80, 0.40, 0.96
 0.01, 0.80, 0.40, 0.96
 0.01, 0.80, 0.40, 0.96
 0.01, 0.80, 0.40, 0.96
 0.01, 0.80, 0.40, 0.96
 0.01, 0.80, 0.40, 0.96
 0.01, 0.80, 0.40, 0.96
 0.01, 0.80, 0.40, 0.96
 0.01, 0.80, 0.40, 0.96
 0.01, 0.80, 0.40, 0.96
 0.01, 0.80, 0.40, 0.96
 0.01, 0.80, 0.41, 0.96
 0.01, 0.80, 0.41, 0.96
 0.01, 0.80, 0.41, 0.96
 0.01, 0.80, 0.41, 0.96
 0.01, 0.80, 0.41, 0.96
 0.01, 0.80, 0.41, 0.96
 0.01, 0.80, 0.41, 0.96
 0.01, 0.80, 0.41, 0.96
 0.01, 0.80, 0.41, 0.96
 0.01, 0.80, 0.41, 0.96
 0.01, 0.80, 0.41, 0.96
 0.01, 0.80, 0.41, 0.96
 0.01, 0.80, 0.41, 0.96
 0.01, 0.80, 0.41, 0.96
 0.01, 0.80, 0.41, 0.96
 0.01, 0.80, 0.41, 0.96
 0.01, 0.80, 0.41, 0.96
 0.01, 0.80, 0.41, 0.96
 0.01, 0.80, 0.41, 0.96
 0.01, 0.80, 0.41, 0.96
 0.01, 0.80, 0.41, 0.96
 0.01, 0.80, 0.41, 0.96
 0.01, 0.80, 0.41, 0.96
 0.01, 0.80, 0.41, 0.96
 0.01, 0.80, 0.41, 0.96
 0.01, 0.80, 0.41, 0.96
 0.01, 0.80, 0.41, 0.96
 0.01, 0.80, 0.41, 0.96
 0.01, 0.80, 0.41, 0.96
 0.01, 0.80, 0.41, 0.96
 0.01, 0.80, 0.41, 0.96
 0.01, 0.80, 0.41, 0.96
 0.01, 0.80, 0.41, 0.96
 0.01, 0.80, 0.41, 0.96
 0.01, 0.80, 0.41, 0.96
 0.01, 0.80, 0.41, 0.96
 0.01, 0.80, 0.41, 0.96
 0.01, 0.80, 0.41, 0.96
 0.01, 0.80, 0.41, 0.96
 0.01, 0.80, 0.41, 0.96
 0.01, 0.80, 0.41, 0.96
 0.01, 0.80, 0.41, 0.96
 0.01, 0.80, 0.41, 0.96
 0.01, 0.80, 0.41, 0.96
 0.01, 0.80, 0.42, 0.96
 0.01, 0.80, 0.42, 0.96
 0.01, 0.80, 0.42, 0.96
 0.01, 0.80, 0.42, 0.96
 0.01, 0.80, 0.42, 0.96
 0.01, 0.80, 0.42, 0.96
 0.01, 0.80, 0.42, 0.96
 0.01, 0.80, 0.42, 0.96
 0.01, 0.80, 0.42, 0.96
 0.01, 0.80, 0.42, 0.96
 0.01, 0.80, 0.42, 0.96
 0.01, 0.80, 0.42, 0.96
 0.01, 0.80, 0.42, 0.96
 0.01, 0.80, 0.42, 0.96
 0.01, 0.80, 0.42, 0.96
 0.01, 0.80, 0.42, 0.96
 0.01, 0.80, 0.42, 0.96
 0.01, 0.80, 0.42, 0.96
 0.01, 0.80, 0.42, 0.96
 0.01, 0.80, 0.42, 0.96
 0.01, 0.80, 0.42, 0.96
 0.01, 0.80, 0.42, 0.96
 0.01, 0.80, 0.42, 0.96
 0.01, 0.80, 0.42, 0.96
 0.01, 0.80, 0.42, 0.96
 0.01, 0.80, 0.42, 0.96
 0.01, 0.80, 0.42, 0.96
 0.01, 0.80, 0.42, 0.96
 0.01, 0.80, 0.42, 0.96
 0.01, 0.80, 0.42, 0.96
 0.01, 0.80, 0.42, 0.96
 0.01, 0.80, 0.42, 0.96
 0.01, 0.80, 0.42, 0.96
 0.01, 0.80, 0.42, 0.96
 0.01, 0.80, 0.42, 0.96
 0.01, 0.80, 0.42, 0.96
 0.01, 0.80, 0.42, 0.96
 0.01, 0.80, 0.42, 0.96
 0.01, 0.80, 0.42, 0.96
 0.01, 0.80, 0.42, 0.96
 0.01, 0.80, 0.42, 0.96
 0.01, 0.80, 0.42, 0.96
 0.01, 0.80, 0.42, 0.96
 0.01, 0.80, 0.42, 0.96
 0.01, 0.80, 0.42, 0.96
 0.01, 0.80, 0.43, 0.96
 0.01, 0.80, 0.43, 0.96
 0.01, 0.80, 0.43, 0.96
 0.01, 0.80, 0.43, 0.96
 0.01, 0.80, 0.43, 0.96
 0.01, 0.80, 0.43, 0.96
 0.01, 0.80, 0.43, 0.96
 0.01, 0.80, 0.43, 0.96
 0.01, 0.80, 0.43, 0.96
 0.01, 0.80, 0.43, 0.96
 0.01, 0.80, 0.43, 0.96
 0.01, 0.80, 0.43, 0.96
 0.01, 0.80, 0.43, 0.96
 0.01, 0.80, 0.43, 0.96
 0.01, 0.80, 0.43, 0.96
 0.01, 0.80, 0.43, 0.96
 0.01, 0.80, 0.43, 0.96
 0.01, 0.80, 0.43, 0.96
 0.01, 0.80, 0.43, 0.96
 0.01, 0.80, 0.43, 0.96
 0.01, 0.80, 0.43, 0.96
 0.01, 0.80, 0.43, 0.96
 0.01, 0.80, 0.43, 0.96
 0.01, 0.80, 0.43, 0.96
 0.01, 0.80, 0.43, 0.96
 0.01, 0.80, 0.43, 0.96
 0.01, 0.80, 0.43, 0.96
 0.01, 0.80, 0.43, 0.96
 0.01, 0.80, 0.43, 0.96
 0.01, 0.80, 0.43, 0.96
 0.01, 0.80, 0.43, 0.96
 0.01, 0.80, 0.43, 0.96
 0.01, 0.80, 0.43, 0.96
 0.01, 0.80, 0.43, 0.96
 0.01, 0.80, 0.43, 0.96
 0.01, 0.80, 0.43, 0.96
 0.01, 0.80, 0.43, 0.96
 0.01, 0.80, 0.43, 0.96
 0.01, 0.80, 0.43, 0.96
 0.01, 0.80, 0.43, 0.96
 0.01, 0.80, 0.43, 0.96
 0.01, 0.80, 0.43, 0.96
 0.01, 0.80, 0.43, 0.96
 0.01, 0.80, 0.43, 0.96
 0.01, 0.80, 0.43, 0.96
 0.01, 0.80, 0.43, 0.96
 0.01, 0.80, 0.44, 0.96
 0.01, 0.80, 0.44, 0.96
 0.01, 0.80, 0.44, 0.96
 0.01, 0.80, 0.44, 0.96
 0.01, 0.80, 0.44, 0.96
 0.01, 0.80, 0.44, 0.96
 0.01, 0.80, 0.44, 0.96
 0.01, 0.80, 0.44, 0.96
 0.01, 0.80, 0.44, 0.96
 0.01, 0.80, 0.44, 0.96
 0.01, 0.80, 0.44, 0.96
 0.01, 0.80, 0.44, 0.96
 0.01, 0.80, 0.44, 0.96
 0.01, 0.80, 0.44, 0.96
 0.01, 0.80, 0.44, 0.96
 0.01, 0.80, 0.44, 0.96
 0.01, 0.80, 0.44, 0.96
 0.01, 0.80, 0.44, 0.96
 0.01, 0.80, 0.44, 0.96
 0.01, 0.80, 0.44, 0.96
 0.01, 0.80, 0.44, 0.96
 0.01, 0.80, 0.44, 0.96
 0.01, 0.80, 0.44, 0.96
 0.01, 0.80, 0.44, 0.96
 0.01, 0.80, 0.44, 0.96
 0.01, 0.80, 0.44, 0.96
 0.01, 0.80, 0.44, 0.96
 0.01, 0.80, 0.44, 0.96
 0.01, 0.80, 0.44, 0.96
 0.01, 0.80, 0.44, 0.96
 0.01, 0.80, 0.44, 0.96
 0.01, 0.80, 0.44, 0.96
 0.01, 0.80, 0.44, 0.96
 0.01, 0.80, 0.44, 0.96
 0.01, 0.80, 0.44, 0.96
 0.01, 0.80, 0.44, 0.96
 0.01, 0.79, 0.44, 0.96
 0.01, 0.79, 0.44, 0.96
 0.01, 0.79, 0.44, 0.96
 0.01, 0.79, 0.44, 0.96
 0.01, 0.79, 0.44, 0.96
 0.01, 0.79, 0.44, 0.96
 0.01, 0.79, 0.44, 0.96
 0.01, 0.79, 0.44, 0.96
 0.01, 0.79, 0.44, 0.96
 0.01, 0.79, 0.44, 0.96
 0.00, 0.79, 0.44, 0.96
 0.00, 0.79, 0.44, 0.96
 0.00, 0.79, 0.44, 0.96
 0.00, 0.79, 0.45, 0.96
 0.00, 0.79, 0.45, 0.96
 0.00, 0.79, 0.45, 0.96
 0.00, 0.79, 0.45, 0.96
 0.00, 0.79, 0.45, 0.96
 0.00, 0.79, 0.45, 0.96
 0.00, 0.79, 0.45, 0.96
 0.00, 0.79, 0.45, 0.96
 0.00, 0.79, 0.45, 0.96
 0.00, 0.79, 0.45, 0.96
 0.00, 0.79, 0.45, 0.96
 0.00, 0.79, 0.45, 0.96
 0.00, 0.79, 0.45, 0.96
 0.00, 0.79, 0.45, 0.96
 0.00, 0.79, 0.45, 0.96
 0.00, 0.79, 0.45, 0.96
 0.00, 0.79, 0.45, 0.96
 0.00, 0.79, 0.45, 0.96
 0.00, 0.79, 0.45, 0.96
 0.00, 0.79, 0.45, 0.96
 0.00, 0.79, 0.45, 0.96
 0.00, 0.79, 0.45, 0.96
 0.00, 0.79, 0.45, 0.96
 0.00, 0.79, 0.45, 0.96
 0.00, 0.79, 0.45, 0.96
 0.00, 0.79, 0.45, 0.96
 0.00, 0.79, 0.45, 0.96
 0.00, 0.79, 0.45, 0.96
 0.00, 0.79, 0.45, 0.96
 0.00, 0.79, 0.45, 0.96
 0.00, 0.79, 0.45, 0.96
 0.00, 0.79, 0.45, 0.96
 0.00, 0.79, 0.45, 0.96
 0.00, 0.79, 0.45, 0.96
 0.00, 0.79, 0.45, 0.96
 0.00, 0.79, 0.45, 0.96
 0.00, 0.79, 0.45, 0.96
 0.00, 0.79, 0.45, 0.96
 0.00, 0.79, 0.45, 0.96
 0.00, 0.78, 0.45, 0.96
 0.00, 0.78, 0.45, 0.96
 0.00, 0.78, 0.45, 0.96
 0.00, 0.78, 0.45, 0.96
 0.00, 0.78, 0.45, 0.96
 0.00, 0.78, 0.45, 0.96
 0.00, 0.78, 0.45, 0.96
 0.00, 0.78, 0.45, 0.96
 0.00, 0.78, 0.45, 0.96
 0.00, 0.78, 0.45, 0.96
 0.00, 0.78, 0.45, 0.96
 0.00, 0.78, 0.45, 0.96
 0.00, 0.78, 0.46, 0.96
 0.00, 0.78, 0.46, 0.96
 0.00, 0.78, 0.46, 0.96
 0.00, 0.78, 0.46, 0.96
 0.00, 0.78, 0.46, 0.96
 0.00, 0.78, 0.46, 0.96
 0.00, 0.78, 0.46, 0.96
 0.00, 0.78, 0.46, 0.96
 0.00, 0.78, 0.46, 0.97
 0.00, 0.78, 0.46, 0.97
 0.00, 0.78, 0.46, 0.97
 0.00, 0.78, 0.46, 0.97
 0.00, 0.78, 0.46, 0.97
 0.00, 0.78, 0.46, 0.97
 0.00, 0.78, 0.46, 0.97
 0.00, 0.78, 0.46, 0.97
 0.00, 0.78, 0.46, 0.97
 0.00, 0.78, 0.46, 0.97
 0.00, 0.78, 0.46, 0.97
 0.00, 0.78, 0.46, 0.97
 0.00, 0.78, 0.46, 0.97
 0.00, 0.78, 0.46, 0.97
 0.00, 0.78, 0.46, 0.97
 0.00, 0.78, 0.46, 0.97
 0.00, 0.78, 0.46, 0.97
 0.00, 0.78, 0.46, 0.97
 0.00, 0.78, 0.46, 0.97
 0.00, 0.77, 0.46, 0.97
 0.00, 0.77, 0.46, 0.97
 0.00, 0.77, 0.46, 0.97
 0.00, 0.77, 0.46, 0.97
 0.00, 0.77, 0.46, 0.97
 0.00, 0.77, 0.46, 0.97
 0.00, 0.77, 0.46, 0.97
 0.00, 0.77, 0.46, 0.97
 0.00, 0.77, 0.46, 0.97
 0.00, 0.77, 0.46, 0.97
 0.00, 0.77, 0.46, 0.97
 0.00, 0.77, 0.46, 0.97
 0.00, 0.77, 0.46, 0.97
 0.00, 0.77, 0.46, 0.97
 0.00, 0.77, 0.46, 0.97
 0.00, 0.77, 0.46, 0.97
 0.00, 0.77, 0.46, 0.97
 0.00, 0.77, 0.46, 0.97
 0.00, 0.77, 0.46, 0.97
 0.00, 0.77, 0.46, 0.97
 0.00, 0.77, 0.46, 0.97
 0.00, 0.77, 0.46, 0.97
 0.00, 0.77, 0.46, 0.97
 0.00, 0.77, 0.46, 0.97
 0.00, 0.77, 0.46, 0.97
 0.00, 0.77, 0.46, 0.97
 0.00, 0.77, 0.46, 0.97
 0.00, 0.77, 0.46, 0.97
 0.00, 0.77, 0.46, 0.97
 0.00, 0.77, 0.46, 0.97
 0.00, 0.77, 0.47, 0.97
 0.00, 0.77, 0.47, 0.97
 0.00, 0.76, 0.47, 0.97
 0.00, 0.76, 0.47, 0.97
 0.00, 0.76, 0.47, 0.97
 0.00, 0.76, 0.47, 0.97
 0.00, 0.76, 0.47, 0.97
 0.00, 0.76, 0.47, 0.97
 0.00, 0.76, 0.47, 0.97
 0.00, 0.76, 0.47, 0.97
 0.00, 0.76, 0.47, 0.97
 0.00, 0.76, 0.47, 0.97
 0.00, 0.76, 0.47, 0.97
 0.00, 0.76, 0.47, 0.97
 0.00, 0.76, 0.47, 0.97
 0.00, 0.76, 0.47, 0.97
 0.00, 0.76, 0.47, 0.97
 0.00, 0.76, 0.47, 0.97
 0.00, 0.76, 0.47, 0.97
 0.00, 0.76, 0.47, 0.97
 0.00, 0.76, 0.47, 0.97
 0.00, 0.76, 0.47, 0.97
 0.00, 0.76, 0.47, 0.97
 0.00, 0.76, 0.47, 0.97
 0.00, 0.76, 0.47, 0.97
 0.00, 0.76, 0.47, 0.97
 0.00, 0.76, 0.47, 0.97
 0.00, 0.76, 0.47, 0.97
 0.00, 0.76, 0.47, 0.97
 0.00, 0.76, 0.47, 0.97
 0.00, 0.75, 0.47, 0.97
 0.00, 0.75, 0.47, 0.97
 0.00, 0.75, 0.47, 0.97
 0.00, 0.75, 0.47, 0.97
 0.00, 0.75, 0.47, 0.97
 0.00, 0.75, 0.47, 0.97
 0.00, 0.75, 0.47, 0.97
 0.00, 0.75, 0.47, 0.97
 0.00, 0.75, 0.47, 0.97
 0.00, 0.75, 0.47, 0.97
 0.00, 0.75, 0.47, 0.97
 0.00, 0.75, 0.47, 0.97
 0.00, 0.75, 0.47, 0.97
 0.00, 0.75, 0.47, 0.97
 0.00, 0.75, 0.47, 0.97
 0.00, 0.75, 0.47, 0.97
 0.00, 0.75, 0.47, 0.97
 0.00, 0.75, 0.47, 0.97
 0.00, 0.75, 0.47, 0.97
 0.00, 0.75, 0.47, 0.97
 0.00, 0.75, 0.47, 0.97
 0.00, 0.75, 0.47, 0.97
 0.00, 0.75, 0.47, 0.97
 0.00, 0.75, 0.47, 0.97
 0.00, 0.75, 0.47, 0.97
 0.00, 0.74, 0.47, 0.97
 0.00, 0.74, 0.47, 0.97
 0.00, 0.74, 0.47, 0.97
 0.00, 0.74, 0.47, 0.97
 0.00, 0.74, 0.47, 0.97
 0.00, 0.74, 0.47, 0.97
 0.00, 0.74, 0.47, 0.97
 0.00, 0.74, 0.47, 0.97
 0.00, 0.74, 0.47, 0.97
 0.00, 0.74, 0.47, 0.97
 0.00, 0.74, 0.48, 0.97
 0.00, 0.74, 0.48, 0.97
 0.00, 0.74, 0.48, 0.97
 0.00, 0.74, 0.48, 0.97
 0.00, 0.74, 0.48, 0.97
 0.00, 0.74, 0.48, 0.97
 0.00, 0.74, 0.48, 0.97
 0.00, 0.74, 0.48, 0.97
 0.00, 0.74, 0.48, 0.97
 0.00, 0.74, 0.48, 0.97
 0.00, 0.74, 0.48, 0.97
 0.00, 0.74, 0.48, 0.97
 0.00, 0.74, 0.48, 0.97
 0.00, 0.73, 0.48, 0.97
 0.00, 0.73, 0.48, 0.97
 0.00, 0.73, 0.48, 0.97
 0.00, 0.73, 0.48, 0.97
 0.00, 0.73, 0.48, 0.97
 0.00, 0.73, 0.48, 0.97
 0.00, 0.73, 0.48, 0.97
 0.00, 0.73, 0.48, 0.97
 0.00, 0.73, 0.48, 0.97
 0.00, 0.73, 0.48, 0.97
 0.00, 0.73, 0.48, 0.97
 0.00, 0.73, 0.48, 0.97
 0.00, 0.73, 0.48, 0.97
 0.00, 0.73, 0.48, 0.97
 0.00, 0.73, 0.48, 0.97
 0.00, 0.73, 0.48, 0.97
 0.00, 0.73, 0.48, 0.97
 0.00, 0.73, 0.48, 0.97
 0.00, 0.73, 0.48, 0.97
 0.00, 0.73, 0.48, 0.97
 0.00, 0.73, 0.48, 0.97
 0.00, 0.72, 0.48, 0.97
 0.00, 0.72, 0.48, 0.97
 0.00, 0.72, 0.48, 0.97
 0.00, 0.72, 0.48, 0.97
 0.00, 0.72, 0.48, 0.97
 0.00, 0.72, 0.48, 0.97
 0.00, 0.72, 0.48, 0.97
 0.00, 0.72, 0.48, 0.97
 0.00, 0.72, 0.48, 0.97
 0.00, 0.72, 0.48, 0.97
 0.00, 0.72, 0.48, 0.97
 0.00, 0.72, 0.48, 0.97
 0.00, 0.72, 0.48, 0.97
 0.00, 0.72, 0.48, 0.97
 0.00, 0.72, 0.48, 0.97
 0.00, 0.72, 0.48, 0.97
 0.00, 0.72, 0.48, 0.97
 0.00, 0.72, 0.48, 0.97
 0.00, 0.72, 0.48, 0.97
 0.00, 0.72, 0.48, 0.97
 0.00, 0.71, 0.48, 0.97
 0.00, 0.71, 0.48, 0.97
 0.00, 0.71, 0.48, 0.97
 0.00, 0.71, 0.48, 0.97
 0.00, 0.71, 0.48, 0.97
 0.00, 0.71, 0.48, 0.97
 0.00, 0.71, 0.48, 0.97
 0.00, 0.71, 0.48, 0.97
 0.00, 0.71, 0.48, 0.97
 0.00, 0.71, 0.48, 0.97
 0.00, 0.71, 0.48, 0.97
 0.00, 0.71, 0.48, 0.97
 0.00, 0.71, 0.48, 0.97
 0.00, 0.71, 0.48, 0.97
 0.00, 0.71, 0.48, 0.97
 0.00, 0.71, 0.48, 0.97
 0.00, 0.71, 0.48, 0.97
 0.00, 0.71, 0.48, 0.97
 0.00, 0.71, 0.48, 0.97
 0.00, 0.71, 0.48, 0.97
 0.00, 0.70, 0.48, 0.97
 0.00, 0.70, 0.48, 0.97
 0.00, 0.70, 0.48, 0.97
 0.00, 0.70, 0.48, 0.97
 0.00, 0.70, 0.48, 0.97
 0.00, 0.70, 0.48, 0.97
 0.00, 0.70, 0.48, 0.97
 0.00, 0.70, 0.48, 0.97
 0.00, 0.70, 0.49, 0.97
 0.00, 0.70, 0.49, 0.97
 0.00, 0.70, 0.49, 0.97
 0.01, 0.70, 0.49, 0.97
 0.01, 0.70, 0.49, 0.97
 0.01, 0.70, 0.49, 0.97
 0.01, 0.70, 0.49, 0.97
 0.01, 0.70, 0.49, 0.97
 0.01, 0.70, 0.49, 0.97
 0.01, 0.70, 0.49, 0.97
 0.01, 0.70, 0.49, 0.97
 0.01, 0.70, 0.49, 0.97
 0.01, 0.70, 0.49, 0.97
 0.01, 0.69, 0.49, 0.97
 0.01, 0.69, 0.49, 0.97
 0.01, 0.69, 0.49, 0.97
 0.01, 0.69, 0.49, 0.97
 0.01, 0.69, 0.49, 0.97
 0.01, 0.69, 0.49, 0.97
 0.01, 0.69, 0.49, 0.97
 0.01, 0.69, 0.49, 0.97
 0.01, 0.69, 0.49, 0.97
 0.01, 0.69, 0.49, 0.97
 0.01, 0.69, 0.49, 0.97
 0.01, 0.69, 0.49, 0.97
 0.01, 0.69, 0.49, 0.97
 0.01, 0.69, 0.49, 0.97
 0.01, 0.69, 0.49, 0.97
 0.01, 0.69, 0.49, 0.97
 0.01, 0.69, 0.49, 0.97
 0.01, 0.69, 0.49, 0.97
 0.01, 0.69, 0.49, 0.97
 0.01, 0.69, 0.49, 0.97
 0.01, 0.69, 0.49, 0.97
 0.01, 0.68, 0.49, 0.97
 0.01, 0.68, 0.49, 0.97
 0.01, 0.68, 0.49, 0.97
 0.01, 0.68, 0.49, 0.97
 0.01, 0.68, 0.49, 0.97
 0.01, 0.68, 0.49, 0.97
 0.01, 0.68, 0.49, 0.97
 0.01, 0.68, 0.49, 0.97
 0.01, 0.68, 0.49, 0.97
 0.01, 0.68, 0.49, 0.97
 0.01, 0.68, 0.49, 0.97
 0.01, 0.68, 0.49, 0.97
 0.01, 0.68, 0.49, 0.97
 0.01, 0.68, 0.49, 0.97
 0.01, 0.68, 0.49, 0.97
 0.01, 0.68, 0.49, 0.97
 0.01, 0.68, 0.49, 0.97
 0.01, 0.68, 0.49, 0.97
 0.01, 0.68, 0.49, 0.97
 0.01, 0.68, 0.49, 0.97
 0.01, 0.68, 0.49, 0.97
 0.01, 0.67, 0.49, 0.97
 0.01, 0.67, 0.49, 0.97
 0.01, 0.67, 0.49, 0.97
 0.01, 0.67, 0.49, 0.97
 0.01, 0.67, 0.49, 0.97
 0.01, 0.67, 0.49, 0.97
 0.01, 0.67, 0.49, 0.97
 0.01, 0.67, 0.49, 0.97
 0.01, 0.67, 0.49, 0.97
 0.01, 0.67, 0.49, 0.97
 0.01, 0.67, 0.49, 0.97
 0.01, 0.67, 0.49, 0.97
 0.01, 0.67, 0.49, 0.97
 0.01, 0.67, 0.49, 0.97
 0.01, 0.67, 0.49, 0.97
 0.01, 0.67, 0.49, 0.97
 0.01, 0.67, 0.49, 0.97
 0.01, 0.67, 0.49, 0.97
 0.01, 0.67, 0.49, 0.97
 0.01, 0.67, 0.49, 0.97
 0.01, 0.67, 0.49, 0.97
 0.02, 0.66, 0.49, 0.97
 0.02, 0.66, 0.49, 0.97
 0.02, 0.66, 0.49, 0.97
 0.02, 0.66, 0.49, 0.97
 0.02, 0.66, 0.49, 0.97
 0.02, 0.66, 0.49, 0.97
 0.02, 0.66, 0.49, 0.97
 0.02, 0.66, 0.49, 0.97
 0.02, 0.66, 0.49, 0.97
 0.02, 0.66, 0.49, 0.97
 0.02, 0.66, 0.49, 0.97
 0.02, 0.66, 0.49, 0.97
 0.02, 0.66, 0.49, 0.97
 0.02, 0.66, 0.49, 0.97
 0.02, 0.66, 0.49, 0.97
 0.02, 0.66, 0.49, 0.97
 0.02, 0.66, 0.49, 0.97
 0.02, 0.66, 0.49, 0.97
 0.02, 0.66, 0.49, 0.97
 0.02, 0.66, 0.49, 0.97
 0.02, 0.66, 0.49, 0.97
 0.02, 0.66, 0.49, 0.97
 0.02, 0.65, 0.49, 0.97
 0.02, 0.65, 0.49, 0.97
 0.02, 0.65, 0.49, 0.97
 0.02, 0.65, 0.49, 0.97
 0.02, 0.65, 0.49, 0.97
 0.02, 0.65, 0.49, 0.97
 0.02, 0.65, 0.49, 0.97
 0.02, 0.65, 0.49, 0.97
 0.02, 0.65, 0.49, 0.97
 0.02, 0.65, 0.49, 0.97
 0.02, 0.65, 0.49, 0.97
 0.02, 0.65, 0.49, 0.97
 0.02, 0.65, 0.49, 0.97
 0.02, 0.65, 0.49, 0.97
 0.02, 0.65, 0.49, 0.97
 0.02, 0.65, 0.49, 0.97
 0.02, 0.65, 0.49, 0.97
 0.02, 0.65, 0.49, 0.97
 0.03, 0.65, 0.49, 0.97
 0.03, 0.65, 0.49, 0.97
 0.03, 0.65, 0.49, 0.97
 0.03, 0.65, 0.49, 0.97
 0.03, 0.64, 0.49, 0.97
 0.03, 0.64, 0.49, 0.97
 0.03, 0.64, 0.49, 0.97
 0.03, 0.64, 0.49, 0.97
 0.03, 0.64, 0.49, 0.97
 0.03, 0.64, 0.49, 0.97
 0.03, 0.64, 0.49, 0.97
 0.03, 0.64, 0.49, 0.97
 0.03, 0.64, 0.49, 0.97
 0.03, 0.64, 0.49, 0.97
 0.03, 0.64, 0.49, 0.97
 0.03, 0.64, 0.50, 0.97
 0.03, 0.64, 0.50, 0.97
 0.03, 0.64, 0.50, 0.97
 0.03, 0.64, 0.50, 0.97
 0.03, 0.64, 0.50, 0.97
 0.03, 0.64, 0.50, 0.97
 0.03, 0.64, 0.50, 0.97
 0.03, 0.64, 0.50, 0.97
 0.03, 0.64, 0.50, 0.97
 0.03, 0.64, 0.50, 0.97
 0.03, 0.64, 0.50, 0.97
 0.03, 0.63, 0.50, 0.97
 0.03, 0.63, 0.50, 0.97
 0.03, 0.63, 0.50, 0.97
 0.03, 0.63, 0.50, 0.97
 0.03, 0.63, 0.50, 0.97
 0.03, 0.63, 0.50, 0.97
 0.03, 0.63, 0.50, 0.97
 0.04, 0.63, 0.50, 0.97
 0.04, 0.63, 0.50, 0.97
 0.04, 0.63, 0.50, 0.97
 0.04, 0.63, 0.50, 0.97
 0.04, 0.63, 0.50, 0.97
 0.04, 0.63, 0.50, 0.97
 0.04, 0.63, 0.50, 0.97
 0.04, 0.63, 0.50, 0.97
 0.04, 0.63, 0.50, 0.97
 0.04, 0.63, 0.50, 0.97
 0.04, 0.63, 0.50, 0.97
 0.04, 0.63, 0.50, 0.97
 0.04, 0.63, 0.50, 0.97
 0.04, 0.63, 0.50, 0.97
 0.04, 0.63, 0.50, 0.97
 0.04, 0.63, 0.50, 0.97
 0.04, 0.62, 0.50, 0.97
 0.04, 0.62, 0.50, 0.97
 0.04, 0.62, 0.50, 0.97
 0.04, 0.62, 0.50, 0.97
 0.04, 0.62, 0.50, 0.97
 0.04, 0.62, 0.50, 0.97
 0.04, 0.62, 0.50, 0.97
 0.04, 0.62, 0.50, 0.97
 0.04, 0.62, 0.50, 0.97
 0.04, 0.62, 0.50, 0.97
 0.04, 0.62, 0.50, 0.97
 0.04, 0.62, 0.50, 0.97
 0.04, 0.62, 0.50, 0.97
 0.05, 0.62, 0.50, 0.97
 0.05, 0.62, 0.50, 0.97
 0.05, 0.62, 0.50, 0.97
 0.05, 0.62, 0.50, 0.97
 0.05, 0.62, 0.50, 0.97
 0.05, 0.62, 0.50, 0.97
 0.05, 0.62, 0.50, 0.97
 0.05, 0.62, 0.50, 0.97
 0.05, 0.62, 0.50, 0.97
 0.05, 0.62, 0.50, 0.97
 0.05, 0.61, 0.50, 0.97
 0.05, 0.61, 0.50, 0.97
 0.05, 0.61, 0.50, 0.97
 0.05, 0.61, 0.50, 0.97
 0.05, 0.61, 0.50, 0.97
 0.05, 0.61, 0.50, 0.97
 0.05, 0.61, 0.50, 0.97
 0.05, 0.61, 0.50, 0.97
 0.05, 0.61, 0.50, 0.97
 0.05, 0.61, 0.50, 0.97
 0.05, 0.61, 0.50, 0.97
 0.05, 0.61, 0.50, 0.97
 0.05, 0.61, 0.50, 0.97
 0.05, 0.61, 0.50, 0.97
 0.05, 0.61, 0.50, 0.97
 0.05, 0.61, 0.50, 0.97
 0.06, 0.61, 0.50, 0.97
 0.06, 0.61, 0.50, 0.97
 0.06, 0.61, 0.50, 0.97
 0.06, 0.61, 0.50, 0.97
 0.06, 0.61, 0.50, 0.97
 0.06, 0.61, 0.50, 0.97
 0.06, 0.61, 0.50, 0.97
 0.06, 0.61, 0.50, 0.97
 0.06, 0.60, 0.50, 0.97
 0.06, 0.60, 0.50, 0.97
 0.06, 0.60, 0.50, 0.97
 0.06, 0.60, 0.50, 0.97
 0.06, 0.60, 0.50, 0.97
 0.06, 0.60, 0.50, 0.97
 0.06, 0.60, 0.50, 0.97
 0.06, 0.60, 0.50, 0.97
 0.06, 0.60, 0.50, 0.97
 0.06, 0.60, 0.50, 0.97
 0.06, 0.60, 0.50, 0.97
 0.06, 0.60, 0.50, 0.97
 0.06, 0.60, 0.50, 0.97
 0.06, 0.60, 0.50, 0.97
 0.06, 0.60, 0.50, 0.97
 0.06, 0.60, 0.50, 0.97
 0.07, 0.60, 0.50, 0.97
 0.07, 0.60, 0.50, 0.97
 0.07, 0.60, 0.50, 0.97
 0.07, 0.60, 0.50, 0.97
 0.07, 0.60, 0.50, 0.97
 0.07, 0.60, 0.50, 0.97
 0.07, 0.60, 0.50, 0.97
 0.07, 0.59, 0.50, 0.97
 0.07, 0.59, 0.50, 0.97
 0.07, 0.59, 0.50, 0.97
 0.07, 0.59, 0.50, 0.97
 0.07, 0.59, 0.50, 0.97
 0.07, 0.59, 0.50, 0.97
 0.07, 0.59, 0.50, 0.97
 0.07, 0.59, 0.50, 0.97
 0.07, 0.59, 0.50, 0.97
 0.07, 0.59, 0.50, 0.97
 0.07, 0.59, 0.50, 0.97
 0.07, 0.59, 0.50, 0.97
 0.07, 0.59, 0.50, 0.97
 0.07, 0.59, 0.50, 0.97
 0.07, 0.59, 0.50, 0.97
 0.08, 0.59, 0.50, 0.97
 0.08, 0.59, 0.50, 0.97
 0.08, 0.59, 0.50, 0.97
 0.08, 0.59, 0.50, 0.97
 0.08, 0.59, 0.50, 0.97
 0.08, 0.59, 0.50, 0.97
 0.08, 0.59, 0.50, 0.97
 0.08, 0.59, 0.50, 0.97
 0.08, 0.59, 0.50, 0.97
 0.08, 0.59, 0.50, 0.97
 0.08, 0.58, 0.50, 0.97
 0.08, 0.58, 0.50, 0.97
 0.08, 0.58, 0.50, 0.97
 0.08, 0.58, 0.50, 0.97
 0.08, 0.58, 0.50, 0.97
 0.08, 0.58, 0.50, 0.97
 0.08, 0.58, 0.50, 0.97
 0.08, 0.58, 0.50, 0.97
 0.08, 0.58, 0.50, 0.97
 0.08, 0.58, 0.50, 0.97
 0.08, 0.58, 0.50, 0.97
 0.08, 0.58, 0.50, 0.97
 0.09, 0.58, 0.50, 0.97
 0.09, 0.58, 0.50, 0.97
 0.09, 0.58, 0.50, 0.97
 0.09, 0.58, 0.50, 0.97
 0.09, 0.58, 0.50, 0.97
 0.09, 0.58, 0.50, 0.97
 0.09, 0.58, 0.50, 0.97
 0.09, 0.58, 0.50, 0.97
 0.09, 0.58, 0.50, 0.97
 0.09, 0.58, 0.50, 0.97
 0.09, 0.58, 0.50, 0.97
 0.09, 0.58, 0.50, 0.97
 0.09, 0.57, 0.50, 0.97
 0.09, 0.57, 0.50, 0.97
 0.09, 0.57, 0.50, 0.97
 0.09, 0.57, 0.50, 0.97
 0.09, 0.57, 0.50, 0.97
 0.09, 0.57, 0.50, 0.97
 0.09, 0.57, 0.50, 0.97
 0.09, 0.57, 0.50, 0.97
 0.09, 0.57, 0.50, 0.97
 0.10, 0.57, 0.50, 0.97
 0.10, 0.57, 0.50, 0.97
 0.10, 0.57, 0.50, 0.97
 0.10, 0.57, 0.50, 0.97
 0.10, 0.57, 0.50, 0.97
 0.10, 0.57, 0.50, 0.97
 0.10, 0.57, 0.50, 0.97
 0.10, 0.57, 0.50, 0.97
 0.10, 0.57, 0.50, 0.97
 0.10, 0.57, 0.50, 0.97
 0.10, 0.57, 0.50, 0.97
 0.10, 0.57, 0.50, 0.97
 0.10, 0.57, 0.50, 0.97
 0.10, 0.57, 0.50, 0.97
 0.10, 0.57, 0.50, 0.97
 0.10, 0.57, 0.50, 0.97
 0.10, 0.57, 0.50, 0.97
 0.10, 0.56, 0.50, 0.97
 0.10, 0.56, 0.50, 0.97
 0.10, 0.56, 0.50, 0.97
 0.11, 0.56, 0.50, 0.97
 0.11, 0.56, 0.50, 0.97
 0.11, 0.56, 0.50, 0.97
 0.11, 0.56, 0.50, 0.97
 0.11, 0.56, 0.50, 0.97
 0.11, 0.56, 0.50, 0.97
 0.11, 0.56, 0.50, 0.97
 0.11, 0.56, 0.50, 0.97
 0.11, 0.56, 0.50, 0.97
 0.11, 0.56, 0.50, 0.97
 0.11, 0.56, 0.50, 0.97
 0.11, 0.56, 0.50, 0.97
 0.11, 0.56, 0.50, 0.97
 0.11, 0.56, 0.50, 0.97
 0.11, 0.56, 0.50, 0.97
 0.11, 0.56, 0.50, 0.97
 0.11, 0.56, 0.50, 0.97
 0.11, 0.56, 0.50, 0.97
 0.11, 0.56, 0.50, 0.97
 0.12, 0.56, 0.50, 0.97
 0.12, 0.56, 0.50, 0.97
 0.12, 0.56, 0.50, 0.97
 0.12, 0.55, 0.50, 0.97
 0.12, 0.55, 0.50, 0.97
 0.12, 0.55, 0.50, 0.97
 0.12, 0.55, 0.50, 0.97
 0.12, 0.55, 0.50, 0.97
 0.12, 0.55, 0.50, 0.97
 0.12, 0.55, 0.50, 0.97
 0.12, 0.55, 0.50, 0.97
 0.12, 0.55, 0.50, 0.97
 0.12, 0.55, 0.50, 0.97
 0.12, 0.55, 0.50, 0.97
 0.12, 0.55, 0.50, 0.97
 0.12, 0.55, 0.50, 0.97
 0.12, 0.55, 0.50, 0.97
 0.12, 0.55, 0.50, 0.97
 0.12, 0.55, 0.50, 0.97
 0.13, 0.55, 0.50, 0.98
 0.13, 0.55, 0.50, 0.98
 0.13, 0.55, 0.50, 0.98
 0.13, 0.55, 0.50, 0.98
 0.13, 0.55, 0.50, 0.98
 0.13, 0.55, 0.50, 0.98
 0.13, 0.55, 0.50, 0.98
 0.13, 0.55, 0.50, 0.98
 0.13, 0.55, 0.50, 0.98
 0.13, 0.55, 0.50, 0.98
 0.13, 0.54, 0.50, 0.98
 0.13, 0.54, 0.50, 0.98
 0.13, 0.54, 0.50, 0.98
 0.13, 0.54, 0.50, 0.98
 0.13, 0.54, 0.50, 0.98
 0.13, 0.54, 0.50, 0.98
 0.13, 0.54, 0.50, 0.98
 0.13, 0.54, 0.50, 0.98
 0.14, 0.54, 0.50, 0.98
 0.14, 0.54, 0.50, 0.98
 0.14, 0.54, 0.50, 0.98
 0.14, 0.54, 0.50, 0.98
 0.14, 0.54, 0.50, 0.98
 0.14, 0.54, 0.50, 0.98
 0.14, 0.54, 0.50, 0.98
 0.14, 0.54, 0.50, 0.98
 0.14, 0.54, 0.50, 0.98
 0.14, 0.54, 0.50, 0.98
 0.14, 0.54, 0.50, 0.98
 0.14, 0.54, 0.50, 0.98
 0.14, 0.54, 0.50, 0.98
 0.14, 0.54, 0.50, 0.98
 0.14, 0.54, 0.50, 0.98
 0.14, 0.54, 0.50, 0.98
 0.14, 0.54, 0.50, 0.98
 0.14, 0.54, 0.50, 0.98
 0.15, 0.54, 0.50, 0.98
 0.15, 0.53, 0.50, 0.98
 0.15, 0.53, 0.50, 0.98
 0.15, 0.53, 0.50, 0.98
 0.15, 0.53, 0.50, 0.98
 0.15, 0.53, 0.50, 0.98
 0.15, 0.53, 0.50, 0.98
 0.15, 0.53, 0.50, 0.98
 0.15, 0.53, 0.50, 0.98
 0.15, 0.53, 0.50, 0.98
 0.15, 0.53, 0.50, 0.98
 0.15, 0.53, 0.50, 0.98
 0.15, 0.53, 0.50, 0.98
 0.15, 0.53, 0.50, 0.98
 0.15, 0.53, 0.50, 0.98
 0.15, 0.53, 0.50, 0.98
 0.15, 0.53, 0.50, 0.98
 0.15, 0.53, 0.50, 0.98
 0.16, 0.53, 0.50, 0.98
 0.16, 0.53, 0.50, 0.98
 0.16, 0.53, 0.50, 0.98
 0.16, 0.53, 0.50, 0.98
 0.16, 0.53, 0.50, 0.98
 0.16, 0.53, 0.50, 0.98
 0.16, 0.53, 0.50, 0.98
 0.16, 0.53, 0.50, 0.98
 0.16, 0.53, 0.50, 0.98
 0.16, 0.53, 0.50, 0.98
 0.16, 0.52, 0.50, 0.98
 0.16, 0.52, 0.50, 0.98
 0.16, 0.52, 0.50, 0.98
 0.16, 0.52, 0.50, 0.98
 0.16, 0.52, 0.50, 0.98
 0.16, 0.52, 0.50, 0.98
 0.16, 0.52, 0.50, 0.98
 0.16, 0.52, 0.50, 0.98
 0.17, 0.52, 0.50, 0.98
 0.17, 0.52, 0.50, 0.98
 0.17, 0.52, 0.50, 0.98
 0.17, 0.52, 0.50, 0.98
 0.17, 0.52, 0.50, 0.98
 0.17, 0.52, 0.50, 0.98
 0.17, 0.52, 0.50, 0.98
 0.17, 0.52, 0.50, 0.98
 0.17, 0.52, 0.50, 0.98
 0.17, 0.52, 0.50, 0.98
 0.17, 0.52, 0.50, 0.98
 0.17, 0.52, 0.50, 0.98
 0.17, 0.52, 0.50, 0.98
 0.17, 0.52, 0.50, 0.98
 0.17, 0.52, 0.50, 0.98
 0.17, 0.52, 0.50, 0.98
 0.17, 0.52, 0.50, 0.98
 0.17, 0.52, 0.50, 0.98
 0.17, 0.52, 0.50, 0.98
 0.18, 0.51, 0.50, 0.98
 0.18, 0.51, 0.50, 0.98
 0.18, 0.51, 0.50, 0.98
 0.18, 0.51, 0.50, 0.98
 0.18, 0.51, 0.50, 0.98
 0.18, 0.51, 0.50, 0.98
 0.18, 0.51, 0.50, 0.98
 0.18, 0.51, 0.50, 0.98
 0.18, 0.51, 0.50, 0.98
 0.18, 0.51, 0.50, 0.98
 0.18, 0.51, 0.50, 0.98
 0.18, 0.51, 0.50, 0.98
 0.18, 0.51, 0.50, 0.98
 0.18, 0.51, 0.50, 0.98
 0.18, 0.51, 0.50, 0.98
 0.18, 0.51, 0.50, 0.98
 0.18, 0.51, 0.50, 0.98
 0.18, 0.51, 0.50, 0.98
 0.19, 0.51, 0.50, 0.98
 0.19, 0.51, 0.50, 0.98
 0.19, 0.51, 0.50, 0.98
 0.19, 0.51, 0.50, 0.98
 0.19, 0.51, 0.50, 0.98
 0.19, 0.51, 0.50, 0.98
 0.19, 0.51, 0.50, 0.98
 0.19, 0.51, 0.50, 0.98
 0.19, 0.51, 0.50, 0.98
 0.19, 0.51, 0.50, 0.98
 0.19, 0.50, 0.50, 0.98
 0.19, 0.50, 0.50, 0.98
 0.19, 0.50, 0.50, 0.98
 0.19, 0.50, 0.50, 0.98
 0.19, 0.50, 0.50, 0.98
 0.19, 0.50, 0.50, 0.98
 0.19, 0.50, 0.50, 0.98
 0.19, 0.50, 0.50, 0.98
 0.19, 0.50, 0.50, 0.98
 0.20, 0.50, 0.50, 0.98
 0.20, 0.50, 0.50, 0.98
 0.20, 0.50, 0.50, 0.98
 0.20, 0.50, 0.50, 0.98
 0.20, 0.50, 0.50, 0.98
 0.20, 0.50, 0.50, 0.98
 0.20, 0.50, 0.50, 0.98
 0.20, 0.50, 0.50, 0.98
 0.20, 0.50, 0.50, 0.98
 0.20, 0.50, 0.50, 0.98
 0.20, 0.50, 0.50, 0.98
 0.20, 0.50, 0.50, 0.98
 0.20, 0.50, 0.50, 0.98
 0.20, 0.50, 0.50, 0.98
 0.20, 0.50, 0.50, 0.98
 0.20, 0.50, 0.50, 0.98
 0.20, 0.50, 0.50, 0.98
 0.20, 0.50, 0.50, 0.98
 0.20, 0.50, 0.50, 0.98
 0.21, 0.50, 0.50, 0.98
 0.21, 0.49, 0.50, 0.98
 0.21, 0.49, 0.50, 0.98
 0.21, 0.49, 0.50, 0.98
 0.21, 0.49, 0.50, 0.98
 0.21, 0.49, 0.50, 0.98
 0.21, 0.49, 0.50, 0.98
 0.21, 0.49, 0.50, 0.98
 0.21, 0.49, 0.50, 0.98
 0.21, 0.49, 0.50, 0.98
 0.21, 0.49, 0.50, 0.98
 0.21, 0.49, 0.50, 0.98
 0.21, 0.49, 0.50, 0.98
 0.21, 0.49, 0.50, 0.98
 0.21, 0.49, 0.50, 0.98
 0.21, 0.49, 0.50, 0.98
 0.21, 0.49, 0.50, 0.98
 0.21, 0.49, 0.50, 0.98
 0.21, 0.49, 0.50, 0.98
 0.22, 0.49, 0.50, 0.98
 0.22, 0.49, 0.50, 0.98
 0.22, 0.49, 0.50, 0.98
 0.22, 0.49, 0.50, 0.98
 0.22, 0.49, 0.50, 0.98
 0.22, 0.49, 0.50, 0.98
 0.22, 0.49, 0.50, 0.98
 0.22, 0.49, 0.50, 0.98
 0.22, 0.49, 0.50, 0.98
 0.22, 0.49, 0.50, 0.98
 0.22, 0.49, 0.50, 0.98
 0.22, 0.48, 0.50, 0.98
 0.22, 0.48, 0.50, 0.98
 0.22, 0.48, 0.50, 0.98
 0.22, 0.48, 0.50, 0.98
 0.22, 0.48, 0.50, 0.98
 0.22, 0.48, 0.50, 0.98
 0.22, 0.48, 0.50, 0.98
 0.22, 0.48, 0.50, 0.98
 0.22, 0.48, 0.50, 0.98
 0.23, 0.48, 0.50, 0.98
 0.23, 0.48, 0.50, 0.98
 0.23, 0.48, 0.50, 0.98
 0.23, 0.48, 0.50, 0.98
 0.23, 0.48, 0.50, 0.98
 0.23, 0.48, 0.50, 0.98
 0.23, 0.48, 0.50, 0.98
 0.23, 0.48, 0.50, 0.98
 0.23, 0.48, 0.50, 0.98
 0.23, 0.48, 0.50, 0.98
 0.23, 0.48, 0.50, 0.98
 0.23, 0.48, 0.50, 0.98
 0.23, 0.48, 0.50, 0.98
 0.23, 0.48, 0.50, 0.98
 0.23, 0.48, 0.50, 0.98
 0.23, 0.48, 0.50, 0.98
 0.23, 0.48, 0.50, 0.98
 0.23, 0.48, 0.50, 0.98
 0.23, 0.48, 0.50, 0.98
 0.23, 0.48, 0.50, 0.98
 0.24, 0.48, 0.50, 0.98
 0.24, 0.47, 0.50, 0.98
 0.24, 0.47, 0.50, 0.98
 0.24, 0.47, 0.50, 0.98
 0.24, 0.47, 0.50, 0.98
 0.24, 0.47, 0.50, 0.98
 0.24, 0.47, 0.50, 0.98
 0.24, 0.47, 0.50, 0.98
 0.24, 0.47, 0.50, 0.98
 0.24, 0.47, 0.50, 0.98
 0.24, 0.47, 0.50, 0.98
 0.24, 0.47, 0.50, 0.98
 0.24, 0.47, 0.50, 0.98
 0.24, 0.47, 0.50, 0.98
 0.24, 0.47, 0.50, 0.98
 0.24, 0.47, 0.50, 0.98
 0.24, 0.47, 0.50, 0.98
 0.24, 0.47, 0.50, 0.98
 0.24, 0.47, 0.50, 0.98
 0.24, 0.47, 0.50, 0.98
 0.25, 0.47, 0.50, 0.98
 0.25, 0.47, 0.50, 0.98
 0.25, 0.47, 0.50, 0.98
 0.25, 0.47, 0.50, 0.98
 0.25, 0.47, 0.50, 0.98
 0.25, 0.47, 0.50, 0.98
 0.25, 0.47, 0.50, 0.98
 0.25, 0.47, 0.50, 0.98
 0.25, 0.47, 0.50, 0.98
 0.25, 0.47, 0.50, 0.98
 0.25, 0.47, 0.50, 0.98
 0.25, 0.47, 0.50, 0.98
 0.25, 0.46, 0.50, 0.98
 0.25, 0.46, 0.50, 0.98
 0.25, 0.46, 0.50, 0.98
 0.25, 0.46, 0.50, 0.98
 0.25, 0.46, 0.50, 0.98
 0.25, 0.46, 0.50, 0.98
 0.25, 0.46, 0.50, 0.98
 0.25, 0.46, 0.50, 0.98
 0.26, 0.46, 0.50, 0.98
 0.26, 0.46, 0.50, 0.98
 0.26, 0.46, 0.50, 0.98
 0.26, 0.46, 0.50, 0.98
 0.26, 0.46, 0.50, 0.98
 0.26, 0.46, 0.50, 0.98
 0.26, 0.46, 0.50, 0.98
 0.26, 0.46, 0.50, 0.98
 0.26, 0.46, 0.50, 0.98
 0.26, 0.46, 0.50, 0.98
 0.26, 0.46, 0.50, 0.98
 0.26, 0.46, 0.50, 0.98
 0.26, 0.46, 0.50, 0.98
 0.26, 0.46, 0.50, 0.98
 0.26, 0.46, 0.50, 0.98
 0.26, 0.46, 0.50, 0.98
 0.26, 0.46, 0.50, 0.98
 0.26, 0.46, 0.50, 0.98
 0.26, 0.46, 0.50, 0.98
 0.26, 0.46, 0.50, 0.98
 0.26, 0.46, 0.50, 0.98
 0.27, 0.46, 0.50, 0.98
 0.27, 0.46, 0.50, 0.98
 0.27, 0.45, 0.50, 0.98
 0.27, 0.45, 0.50, 0.98
 0.27, 0.45, 0.50, 0.98
 0.27, 0.45, 0.50, 0.98
 0.27, 0.45, 0.50, 0.98
 0.27, 0.45, 0.50, 0.98
 0.27, 0.45, 0.50, 0.98
 0.27, 0.45, 0.50, 0.98
 0.27, 0.45, 0.50, 0.98
 0.27, 0.45, 0.50, 0.98
 0.27, 0.45, 0.50, 0.98
 0.27, 0.45, 0.50, 0.98
 0.27, 0.45, 0.50, 0.98
 0.27, 0.45, 0.50, 0.98
 0.27, 0.45, 0.50, 0.98
 0.27, 0.45, 0.50, 0.98
 0.27, 0.45, 0.50, 0.98
 0.27, 0.45, 0.50, 0.98
 0.27, 0.45, 0.50, 0.98
 0.28, 0.45, 0.50, 0.98
 0.28, 0.45, 0.50, 0.98
 0.28, 0.45, 0.50, 0.98
 0.28, 0.45, 0.50, 0.98
 0.28, 0.45, 0.50, 0.98
 0.28, 0.45, 0.50, 0.98
 0.28, 0.45, 0.50, 0.98
 0.28, 0.45, 0.50, 0.98
 0.28, 0.45, 0.50, 0.98
 0.28, 0.45, 0.50, 0.98
 0.28, 0.45, 0.50, 0.98
 0.28, 0.45, 0.50, 0.98
 0.28, 0.45, 0.50, 0.98
 0.28, 0.44, 0.50, 0.98
 0.28, 0.44, 0.50, 0.98
 0.28, 0.44, 0.50, 0.98
 0.28, 0.44, 0.50, 0.98
 0.28, 0.44, 0.50, 0.98
 0.28, 0.44, 0.50, 0.98
 0.28, 0.44, 0.50, 0.98
 0.28, 0.44, 0.50, 0.98
 0.29, 0.44, 0.50, 0.98
 0.29, 0.44, 0.50, 0.98
 0.29, 0.44, 0.50, 0.98
 0.29, 0.44, 0.50, 0.98
 0.29, 0.44, 0.50, 0.98
 0.29, 0.44, 0.50, 0.98
 0.29, 0.44, 0.50, 0.98
 0.29, 0.44, 0.50, 0.98
 0.29, 0.44, 0.50, 0.98
 0.29, 0.44, 0.50, 0.98
 0.29, 0.44, 0.50, 0.98
 0.29, 0.44, 0.50, 0.98
 0.29, 0.44, 0.50, 0.98
 0.29, 0.44, 0.50, 0.98
 0.29, 0.44, 0.50, 0.98
 0.29, 0.44, 0.50, 0.98
 0.29, 0.44, 0.50, 0.98
 0.29, 0.44, 0.50, 0.98
 0.29, 0.44, 0.50, 0.98
 0.29, 0.44, 0.50, 0.98
 0.29, 0.44, 0.50, 0.98
 0.29, 0.44, 0.50, 0.98
 0.29, 0.44, 0.50, 0.98
 0.30, 0.44, 0.50, 0.98
 0.30, 0.43, 0.50, 0.98
 0.30, 0.43, 0.50, 0.98
 0.30, 0.43, 0.50, 0.98
 0.30, 0.43, 0.50, 0.98
 0.30, 0.43, 0.50, 0.98
 0.30, 0.43, 0.50, 0.98
 0.30, 0.43, 0.50, 0.98
 0.30, 0.43, 0.50, 0.98
 0.30, 0.43, 0.50, 0.98
 0.30, 0.43, 0.50, 0.98
 0.30, 0.43, 0.50, 0.98
 0.30, 0.43, 0.50, 0.98
 0.30, 0.43, 0.50, 0.98
 0.30, 0.43, 0.50, 0.98
 0.30, 0.43, 0.50, 0.98
 0.30, 0.43, 0.50, 0.98
 0.30, 0.43, 0.50, 0.98
 0.30, 0.43, 0.50, 0.98
 0.30, 0.43, 0.50, 0.98
 0.30, 0.43, 0.50, 0.98
 0.30, 0.43, 0.50, 0.98
 0.30, 0.43, 0.50, 0.98
 0.30, 0.43, 0.50, 0.98
 0.30, 0.43, 0.50, 0.98
 0.30, 0.43, 0.50, 0.98
 0.30, 0.43, 0.50, 0.98
 0.31, 0.43, 0.50, 0.98
 0.31, 0.43, 0.50, 0.98
 0.31, 0.43, 0.50, 0.98
 0.31, 0.43, 0.50, 0.98
 0.31, 0.43, 0.50, 0.98
 0.31, 0.43, 0.50, 0.98
 0.31, 0.43, 0.50, 0.98
 0.31, 0.43, 0.50, 0.98
 0.31, 0.42, 0.50, 0.98
 0.31, 0.42, 0.50, 0.98
 0.31, 0.42, 0.50, 0.98
 0.31, 0.42, 0.50, 0.98
 0.31, 0.42, 0.50, 0.98
 0.31, 0.42, 0.50, 0.98
 0.31, 0.42, 0.50, 0.98
 0.31, 0.42, 0.50, 0.98
 0.31, 0.42, 0.50, 0.98
 0.31, 0.42, 0.50, 0.98
 0.31, 0.42, 0.50, 0.98
 0.31, 0.42, 0.50, 0.98
 0.31, 0.42, 0.50, 0.98
 0.31, 0.42, 0.50, 0.98
 0.31, 0.42, 0.50, 0.98
 0.31, 0.42, 0.50, 0.98
 0.31, 0.42, 0.50, 0.98
 0.31, 0.42, 0.50, 0.98
 0.31, 0.42, 0.50, 0.98
 0.31, 0.42, 0.50, 0.98
 0.31, 0.42, 0.50, 0.98
 0.31, 0.42, 0.50, 0.98
 0.31, 0.42, 0.50, 0.98
 0.31, 0.42, 0.50, 0.98
 0.32, 0.42, 0.50, 0.98
 0.32, 0.42, 0.50, 0.98
 0.32, 0.42, 0.50, 0.98
 0.32, 0.42, 0.50, 0.98
 0.32, 0.42, 0.50, 0.98
 0.32, 0.42, 0.50, 0.98
 0.32, 0.42, 0.50, 0.98
 0.32, 0.42, 0.50, 0.98
 0.32, 0.42, 0.50, 0.98
 0.32, 0.42, 0.50, 0.98
 0.32, 0.41, 0.50, 0.98
 0.32, 0.41, 0.50, 0.98
 0.32, 0.41, 0.50, 0.98
 0.32, 0.41, 0.50, 0.98
 0.32, 0.41, 0.50, 0.98
 0.32, 0.41, 0.50, 0.98
 0.32, 0.41, 0.50, 0.98
 0.32, 0.41, 0.50, 0.98
 0.32, 0.41, 0.50, 0.98
 0.32, 0.41, 0.50, 0.98
 0.32, 0.41, 0.50, 0.98
 0.32, 0.41, 0.50, 0.98
 0.32, 0.41, 0.50, 0.98
 0.32, 0.41, 0.50, 0.98
 0.32, 0.41, 0.50, 0.98
 0.32, 0.41, 0.50, 0.98
 0.32, 0.41, 0.50, 0.98
 0.32, 0.41, 0.50, 0.98
 0.32, 0.41, 0.50, 0.98
 0.32, 0.41, 0.50, 0.98
 0.32, 0.41, 0.50, 0.98
 0.32, 0.41, 0.50, 0.98
 0.32, 0.41, 0.50, 0.98
 0.32, 0.41, 0.50, 0.98
 0.32, 0.41, 0.50, 0.98
 0.32, 0.41, 0.50, 0.98
 0.32, 0.41, 0.50, 0.98
 0.32, 0.41, 0.50, 0.98
 0.32, 0.41, 0.50, 0.98
 0.32, 0.41, 0.50, 0.98
 0.32, 0.41, 0.50, 0.98
 0.32, 0.41, 0.50, 0.98
 0.32, 0.41, 0.50, 0.98
 0.32, 0.41, 0.50, 0.98
 0.32, 0.41, 0.50, 0.98
 0.33, 0.40, 0.50, 0.98
 0.33, 0.40, 0.50, 0.98
 0.33, 0.40, 0.50, 0.98
 0.33, 0.40, 0.50, 0.98
 0.33, 0.40, 0.50, 0.98
 0.33, 0.40, 0.50, 0.98
 0.33, 0.40, 0.50, 0.98
 0.33, 0.40, 0.50, 0.98
 0.33, 0.40, 0.50, 0.98
 0.33, 0.40, 0.50, 0.98
 0.33, 0.40, 0.50, 0.98
 0.33, 0.40, 0.50, 0.98
 0.33, 0.40, 0.50, 0.98
 0.33, 0.40, 0.50, 0.98
 0.33, 0.40, 0.50, 0.98
 0.33, 0.40, 0.50, 0.98
 0.33, 0.40, 0.50, 0.98
 0.33, 0.40, 0.50, 0.98
 0.33, 0.40, 0.50, 0.98
 0.33, 0.40, 0.50, 0.98
 0.33, 0.40, 0.50, 0.98
 0.33, 0.40, 0.50, 0.98
 0.33, 0.40, 0.50, 0.98
 0.33, 0.40, 0.50, 0.98
 0.33, 0.40, 0.50, 0.98
 0.33, 0.40, 0.50, 0.98
 0.33, 0.40, 0.50, 0.98
 0.33, 0.40, 0.50, 0.98
 0.33, 0.40, 0.50, 0.98
 0.33, 0.40, 0.50, 0.98
 0.33, 0.40, 0.50, 0.98
 0.33, 0.40, 0.50, 0.98
 0.33, 0.40, 0.50, 0.98
 0.33, 0.40, 0.50, 0.98
 0.33, 0.40, 0.50, 0.98
 0.33, 0.39, 0.50, 0.98
 0.33, 0.39, 0.50, 0.98
 0.33, 0.39, 0.50, 0.98
 0.33, 0.39, 0.50, 0.98
 0.33, 0.39, 0.50, 0.98
 0.33, 0.39, 0.50, 0.98
 0.33, 0.39, 0.50, 0.98
 0.33, 0.39, 0.50, 0.98
 0.33, 0.39, 0.50, 0.98
 0.33, 0.39, 0.50, 0.98
 0.33, 0.39, 0.50, 0.98
 0.33, 0.39, 0.50, 0.98
 0.33, 0.39, 0.50, 0.98
 0.33, 0.39, 0.50, 0.98
 0.33, 0.39, 0.50, 0.98
 0.33, 0.39, 0.50, 0.98
 0.33, 0.39, 0.50, 0.98
 0.33, 0.39, 0.50, 0.98
 0.33, 0.39, 0.50, 0.98
 0.33, 0.39, 0.50, 0.98
 0.33, 0.39, 0.50, 0.98
 0.33, 0.39, 0.50, 0.98
 0.33, 0.39, 0.50, 0.98
 0.33, 0.39, 0.50, 0.98
 0.33, 0.39, 0.50, 0.98
 0.33, 0.39, 0.50, 0.98
 0.33, 0.39, 0.50, 0.98
 0.33, 0.39, 0.50, 0.98
 0.33, 0.39, 0.50, 0.98
 0.33, 0.39, 0.50, 0.98
 0.33, 0.39, 0.50, 0.98
 0.33, 0.39, 0.50, 0.98
 0.33, 0.39, 0.50, 0.98
 0.33, 0.39, 0.50, 0.98
 0.33, 0.39, 0.50, 0.98
 0.33, 0.39, 0.50, 0.98
 0.33, 0.39, 0.50, 0.98
 0.33, 0.38, 0.50, 0.98
 0.33, 0.38, 0.50, 0.98
 0.33, 0.38, 0.50, 0.98
 0.33, 0.38, 0.50, 0.98
 0.33, 0.38, 0.50, 0.98
 0.33, 0.38, 0.50, 0.98
 0.33, 0.38, 0.50, 0.98
 0.33, 0.38, 0.50, 0.98
 0.33, 0.38, 0.50, 0.98
 0.33, 0.38, 0.50, 0.98
 0.33, 0.38, 0.50, 0.98
 0.33, 0.38, 0.50, 0.98
 0.33, 0.38, 0.50, 0.98
 0.33, 0.38, 0.50, 0.98
 0.33, 0.38, 0.50, 0.98
 0.33, 0.38, 0.50, 0.98
 0.33, 0.38, 0.50, 0.98
 0.33, 0.38, 0.50, 0.98
 0.33, 0.38, 0.50, 0.98
 0.33, 0.38, 0.50, 0.98
 0.33, 0.38, 0.50, 0.98
 0.33, 0.38, 0.50, 0.98
 0.33, 0.38, 0.50, 0.98
 0.33, 0.38, 0.50, 0.98
 0.33, 0.38, 0.50, 0.98
 0.33, 0.38, 0.50, 0.98
 0.33, 0.38, 0.50, 0.98
 0.33, 0.38, 0.50, 0.98
 0.33, 0.38, 0.50, 0.98
 0.33, 0.38, 0.50, 0.98
 0.33, 0.38, 0.50, 0.98
 0.33, 0.38, 0.50, 0.98
 0.33, 0.38, 0.50, 0.98
 0.33, 0.38, 0.50, 0.98
 0.33, 0.38, 0.50, 0.98
 0.33, 0.38, 0.50, 0.98
 0.33, 0.38, 0.50, 0.98
 0.33, 0.38, 0.50, 0.98
 0.33, 0.37, 0.50, 0.98
 0.33, 0.37, 0.50, 0.98
 0.33, 0.37, 0.50, 0.98
 0.33, 0.37, 0.50, 0.98
 0.33, 0.37, 0.50, 0.98
 0.33, 0.37, 0.50, 0.98
 0.33, 0.37, 0.50, 0.98
 0.33, 0.37, 0.50, 0.98
 0.33, 0.37, 0.50, 0.98
 0.33, 0.37, 0.50, 0.98
 0.33, 0.37, 0.50, 0.98
 0.33, 0.37, 0.50, 0.98
 0.33, 0.37, 0.50, 0.98
 0.33, 0.37, 0.50, 0.98
 0.33, 0.37, 0.50, 0.98
 0.33, 0.37, 0.50, 0.98
 0.33, 0.37, 0.50, 0.98
 0.33, 0.37, 0.50, 0.98
 0.33, 0.37, 0.50, 0.98
 0.33, 0.37, 0.50, 0.98
 0.33, 0.37, 0.50, 0.98
 0.33, 0.37, 0.50, 0.98
 0.33, 0.37, 0.50, 0.98
 0.33, 0.37, 0.50, 0.98
 0.33, 0.37, 0.50, 0.98
 0.33, 0.37, 0.50, 0.98
 0.33, 0.37, 0.50, 0.98
 0.33, 0.37, 0.50, 0.98
 0.33, 0.37, 0.50, 0.98
 0.33, 0.37, 0.50, 0.98
 0.33, 0.37, 0.50, 0.98
 0.33, 0.37, 0.50, 0.98
 0.33, 0.37, 0.50, 0.98
 0.33, 0.37, 0.50, 0.98
 0.33, 0.37, 0.50, 0.98
 0.33, 0.37, 0.50, 0.98
 0.33, 0.37, 0.50, 0.98
 0.33, 0.37, 0.50, 0.98
 0.33, 0.37, 0.50, 0.98
 0.33, 0.36, 0.50, 0.98
 0.33, 0.36, 0.50, 0.98
 0.33, 0.36, 0.50, 0.98
 0.33, 0.36, 0.50, 0.98
 0.33, 0.36, 0.50, 0.98
 0.33, 0.36, 0.50, 0.98
 0.33, 0.36, 0.50, 0.98
 0.33, 0.36, 0.50, 0.98
 0.33, 0.36, 0.50, 0.98
 0.33, 0.36, 0.50, 0.98
 0.33, 0.36, 0.50, 0.98
 0.33, 0.36, 0.50, 0.98
 0.33, 0.36, 0.50, 0.98
 0.33, 0.36, 0.50, 0.98
 0.32, 0.36, 0.50, 0.98
 0.32, 0.36, 0.50, 0.98
 0.32, 0.36, 0.50, 0.98
 0.32, 0.36, 0.50, 0.98
 0.32, 0.36, 0.50, 0.98
 0.32, 0.36, 0.50, 0.98
 0.32, 0.36, 0.50, 0.98
 0.32, 0.36, 0.50, 0.98
 0.32, 0.36, 0.50, 0.98
 0.32, 0.36, 0.50, 0.98
 0.32, 0.36, 0.50, 0.98
 0.32, 0.36, 0.50, 0.98
 0.32, 0.36, 0.50, 0.98
 0.32, 0.36, 0.50, 0.98
 0.32, 0.36, 0.50, 0.98
 0.32, 0.36, 0.50, 0.98
 0.32, 0.36, 0.50, 0.98
 0.32, 0.36, 0.50, 0.98
 0.32, 0.36, 0.50, 0.98
 0.32, 0.36, 0.50, 0.98
 0.32, 0.36, 0.50, 0.98
 0.32, 0.36, 0.50, 0.98
 0.32, 0.36, 0.50, 0.98
 0.32, 0.36, 0.50, 0.98
 0.32, 0.36, 0.50, 0.98
 0.32, 0.35, 0.50, 0.98
 0.32, 0.35, 0.50, 0.98
 0.32, 0.35, 0.50, 0.98
 0.32, 0.35, 0.50, 0.98
 0.32, 0.35, 0.50, 0.98
 0.32, 0.35, 0.50, 0.98
 0.32, 0.35, 0.50, 0.98
 0.32, 0.35, 0.50, 0.98
 0.32, 0.35, 0.50, 0.98
 0.32, 0.35, 0.50, 0.98
 0.32, 0.35, 0.50, 0.98
 0.32, 0.35, 0.50, 0.98
 0.32, 0.35, 0.50, 0.98
 0.32, 0.35, 0.50, 0.98
 0.32, 0.35, 0.50, 0.98
 0.32, 0.35, 0.50, 0.98
 0.32, 0.35, 0.50, 0.98
 0.32, 0.35, 0.50, 0.98
 0.32, 0.35, 0.50, 0.98
 0.32, 0.35, 0.50, 0.98
 0.32, 0.35, 0.50, 0.98
 0.32, 0.35, 0.50, 0.98
 0.32, 0.35, 0.50, 0.98
 0.32, 0.35, 0.50, 0.98
 0.32, 0.35, 0.50, 0.98
 0.32, 0.35, 0.50, 0.98
 0.32, 0.35, 0.50, 0.98
 0.32, 0.35, 0.50, 0.98
 0.32, 0.35, 0.50, 0.98
 0.32, 0.35, 0.50, 0.98
 0.31, 0.35, 0.50, 0.98
 0.31, 0.35, 0.50, 0.98
 0.31, 0.35, 0.50, 0.98
 0.31, 0.35, 0.50, 0.98
 0.31, 0.35, 0.50, 0.98
 0.31, 0.35, 0.50, 0.98
 0.31, 0.35, 0.50, 0.98
 0.31, 0.35, 0.50, 0.98
 0.31, 0.35, 0.50, 0.98
 0.31, 0.35, 0.50, 0.98
 0.31, 0.35, 0.50, 0.98
 0.31, 0.34, 0.50, 0.98
 0.31, 0.34, 0.50, 0.98
 0.31, 0.34, 0.50, 0.98
 0.31, 0.34, 0.50, 0.98
 0.31, 0.34, 0.50, 0.98
 0.31, 0.34, 0.50, 0.98
 0.31, 0.34, 0.50, 0.98
 0.31, 0.34, 0.50, 0.98
 0.31, 0.34, 0.50, 0.98
 0.31, 0.34, 0.50, 0.98
 0.31, 0.34, 0.50, 0.98
 0.31, 0.34, 0.50, 0.98
 0.31, 0.34, 0.50, 0.98
 0.31, 0.34, 0.50, 0.98
 0.31, 0.34, 0.50, 0.98
 0.31, 0.34, 0.50, 0.98
 0.31, 0.34, 0.50, 0.98
 0.31, 0.34, 0.50, 0.98
 0.31, 0.34, 0.50, 0.98
 0.31, 0.34, 0.50, 0.98
 0.31, 0.34, 0.50, 0.98
 0.31, 0.34, 0.50, 0.98
 0.31, 0.34, 0.50, 0.98
 0.31, 0.34, 0.50, 0.98
 0.31, 0.34, 0.50, 0.98
 0.31, 0.34, 0.50, 0.98
 0.31, 0.34, 0.50, 0.98
 0.31, 0.34, 0.50, 0.98
 0.31, 0.34, 0.50, 0.98
 0.31, 0.34, 0.50, 0.98
 0.31, 0.34, 0.50, 0.98
 0.31, 0.34, 0.50, 0.98
 0.31, 0.34, 0.50, 0.98
 0.31, 0.34, 0.50, 0.98
 0.31, 0.34, 0.50, 0.98
 0.31, 0.34, 0.50, 0.98
 0.31, 0.34, 0.50, 0.98
 0.31, 0.34, 0.50, 0.98
 0.30, 0.34, 0.50, 0.98
 0.30, 0.34, 0.50, 0.98
 0.30, 0.34, 0.50, 0.98
 0.30, 0.34, 0.50, 0.98
 0.30, 0.33, 0.50, 0.98
 0.30, 0.33, 0.50, 0.98
 0.30, 0.33, 0.50, 0.98
 0.30, 0.33, 0.50, 0.98
 0.30, 0.33, 0.50, 0.98
 0.30, 0.33, 0.50, 0.98
 0.30, 0.33, 0.50, 0.98
 0.30, 0.33, 0.50, 0.98
 0.30, 0.33, 0.50, 0.98
 0.30, 0.33, 0.50, 0.98
 0.30, 0.33, 0.50, 0.98
 0.30, 0.33, 0.50, 0.98
 0.30, 0.33, 0.50, 0.98
 0.30, 0.33, 0.50, 0.98
 0.30, 0.33, 0.50, 0.98
 0.30, 0.33, 0.50, 0.98
 0.30, 0.33, 0.50, 0.98
 0.30, 0.33, 0.50, 0.98
 0.30, 0.33, 0.50, 0.98
 0.30, 0.33, 0.50, 0.98
 0.30, 0.33, 0.50, 0.98
 0.30, 0.33, 0.50, 0.98
 0.30, 0.33, 0.50, 0.98
 0.30, 0.33, 0.50, 0.98
 0.30, 0.33, 0.50, 0.98
 0.30, 0.33, 0.50, 0.98
 0.30, 0.33, 0.50, 0.98
 0.30, 0.33, 0.50, 0.98
 0.30, 0.33, 0.50, 0.98
 0.30, 0.33, 0.50, 0.98
 0.30, 0.33, 0.50, 0.98
 0.30, 0.33, 0.50, 0.98
 0.30, 0.33, 0.50, 0.98
 0.30, 0.33, 0.50, 0.98
 0.30, 0.33, 0.50, 0.98
 0.30, 0.33, 0.50, 0.98
 0.30, 0.33, 0.50, 0.98
 0.30, 0.33, 0.50, 0.98
 0.30, 0.33, 0.50, 0.98
 0.30, 0.33, 0.50, 0.98
 0.30, 0.33, 0.50, 0.98
 0.30, 0.33, 0.50, 0.98
 0.30, 0.33, 0.50, 0.98
 0.30, 0.33, 0.50, 0.98
 0.30, 0.32, 0.50, 0.98
 0.30, 0.32, 0.50, 0.98
 0.30, 0.32, 0.50, 0.98
 0.29, 0.32, 0.50, 0.98
 0.29, 0.32, 0.50, 0.98
 0.29, 0.32, 0.50, 0.98
 0.29, 0.32, 0.50, 0.98
 0.29, 0.32, 0.50, 0.98
 0.29, 0.32, 0.50, 0.98
 0.29, 0.32, 0.50, 0.98
 0.29, 0.32, 0.50, 0.98
 0.29, 0.32, 0.50, 0.98
 0.29, 0.32, 0.50, 0.98
 0.29, 0.32, 0.50, 0.98
 0.29, 0.32, 0.50, 0.98
 0.29, 0.32, 0.50, 0.98
 0.29, 0.32, 0.50, 0.98
 0.29, 0.32, 0.50, 0.98
 0.29, 0.32, 0.50, 0.98
 0.29, 0.32, 0.50, 0.98
 0.29, 0.32, 0.50, 0.98
 0.29, 0.32, 0.50, 0.98
 0.29, 0.32, 0.50, 0.98
 0.29, 0.32, 0.50, 0.98
 0.29, 0.32, 0.50, 0.98
 0.29, 0.32, 0.50, 0.98
 0.29, 0.32, 0.50, 0.98
 0.29, 0.32, 0.50, 0.98
 0.29, 0.32, 0.50, 0.98
 0.29, 0.32, 0.50, 0.98
 0.29, 0.32, 0.50, 0.98
 0.29, 0.32, 0.50, 0.98
 0.29, 0.32, 0.50, 0.98
 0.29, 0.32, 0.50, 0.98
 0.29, 0.32, 0.50, 0.98
 0.29, 0.32, 0.50, 0.98
 0.29, 0.32, 0.50, 0.98
 0.29, 0.32, 0.50, 0.98
 0.29, 0.32, 0.50, 0.98
 0.29, 0.32, 0.50, 0.98
 0.29, 0.32, 0.50, 0.98
 0.29, 0.32, 0.50, 0.98
 0.29, 0.32, 0.50, 0.98
 0.29, 0.32, 0.50, 0.98
 0.29, 0.32, 0.50, 0.98
 0.29, 0.31, 0.50, 0.98
 0.29, 0.31, 0.50, 0.98
 0.29, 0.31, 0.50, 0.98
 0.29, 0.31, 0.50, 0.98
 0.29, 0.31, 0.50, 0.98
 0.29, 0.31, 0.50, 0.98
 0.29, 0.31, 0.50, 0.98
 0.29, 0.31, 0.50, 0.98
 0.29, 0.31, 0.50, 0.98
 0.29, 0.31, 0.50, 0.98
 0.28, 0.31, 0.50, 0.98
 0.28, 0.31, 0.50, 0.98
 0.28, 0.31, 0.50, 0.98
 0.28, 0.31, 0.50, 0.98
 0.28, 0.31, 0.50, 0.98
 0.28, 0.31, 0.50, 0.98
 0.28, 0.31, 0.50, 0.98
 0.28, 0.31, 0.50, 0.98
 0.28, 0.31, 0.50, 0.98
 0.28, 0.31, 0.50, 0.98
 0.28, 0.31, 0.50, 0.98
 0.28, 0.31, 0.50, 0.98
 0.28, 0.31, 0.50, 0.98
 0.28, 0.31, 0.50, 0.98
 0.28, 0.31, 0.50, 0.98
 0.28, 0.31, 0.50, 0.98
 0.28, 0.31, 0.50, 0.98
 0.28, 0.31, 0.50, 0.98
 0.28, 0.31, 0.50, 0.98
 0.28, 0.31, 0.50, 0.98
 0.28, 0.31, 0.50, 0.98
 0.28, 0.31, 0.50, 0.98
 0.28, 0.31, 0.50, 0.98
 0.28, 0.31, 0.50, 0.98
 0.28, 0.31, 0.50, 0.98
 0.28, 0.31, 0.50, 0.99
 0.28, 0.31, 0.50, 0.99
 0.28, 0.31, 0.50, 0.99
 0.28, 0.31, 0.50, 0.99
 0.28, 0.31, 0.50, 0.99
 0.28, 0.31, 0.50, 0.99
 0.28, 0.31, 0.50, 0.99
 0.28, 0.31, 0.50, 0.99
 0.28, 0.31, 0.50, 0.99
 0.28, 0.31, 0.50, 0.99
 0.28, 0.31, 0.50, 0.99
 0.28, 0.30, 0.50, 0.99
 0.28, 0.30, 0.50, 0.99
 0.28, 0.30, 0.50, 0.99
 0.28, 0.30, 0.50, 0.99
 0.28, 0.30, 0.50, 0.99
 0.28, 0.30, 0.50, 0.99
 0.28, 0.30, 0.50, 0.99
 0.28, 0.30, 0.50, 0.99
 0.28, 0.30, 0.50, 0.99
 0.28, 0.30, 0.50, 0.99
 0.28, 0.30, 0.50, 0.99
 0.28, 0.30, 0.50, 0.99
 0.28, 0.30, 0.50, 0.99
 0.28, 0.30, 0.50, 0.99
 0.28, 0.30, 0.50, 0.99
 0.28, 0.30, 0.50, 0.99
 0.28, 0.30, 0.50, 0.99
 0.28, 0.30, 0.50, 0.99
 0.28, 0.30, 0.50, 0.99
 0.27, 0.30, 0.50, 0.99
 0.27, 0.30, 0.50, 0.99
 0.27, 0.30, 0.50, 0.99
 0.27, 0.30, 0.50, 0.99
 0.27, 0.30, 0.50, 0.99
 0.27, 0.30, 0.50, 0.99
 0.27, 0.30, 0.50, 0.99
 0.27, 0.30, 0.50, 0.99
 0.27, 0.30, 0.50, 0.99
 0.27, 0.30, 0.50, 0.99
 0.27, 0.30, 0.50, 0.99
 0.27, 0.30, 0.50, 0.99
 0.27, 0.30, 0.50, 0.99
 0.27, 0.30, 0.50, 0.99
 0.27, 0.30, 0.50, 0.99
 0.27, 0.30, 0.50, 0.99
 0.27, 0.30, 0.50, 0.99
 0.27, 0.30, 0.50, 0.99
 0.27, 0.30, 0.50, 0.99
 0.27, 0.30, 0.50, 0.99
 0.27, 0.30, 0.50, 0.99
 0.27, 0.30, 0.50, 0.99
 0.27, 0.30, 0.50, 0.99
 0.27, 0.30, 0.50, 0.99
 0.27, 0.30, 0.50, 0.99
 0.27, 0.30, 0.50, 0.99
 0.27, 0.30, 0.50, 0.99
 0.27, 0.30, 0.50, 0.99
 0.27, 0.30, 0.50, 0.99
 0.27, 0.29, 0.50, 0.99
 0.27, 0.29, 0.50, 0.99
 0.27, 0.29, 0.50, 0.99
 0.27, 0.29, 0.50, 0.99
 0.27, 0.29, 0.50, 0.99
 0.27, 0.29, 0.50, 0.99
 0.27, 0.29, 0.50, 0.99
 0.27, 0.29, 0.50, 0.99
 0.27, 0.29, 0.50, 0.99
 0.27, 0.29, 0.50, 0.99
 0.27, 0.29, 0.50, 0.99
 0.27, 0.29, 0.50, 0.99
 0.27, 0.29, 0.50, 0.99
 0.27, 0.29, 0.50, 0.99
 0.27, 0.29, 0.50, 0.99
 0.27, 0.29, 0.50, 0.99
 0.27, 0.29, 0.50, 0.99
 0.27, 0.29, 0.50, 0.99
 0.27, 0.29, 0.50, 0.99
 0.27, 0.29, 0.50, 0.99
 0.27, 0.29, 0.50, 0.99
 0.27, 0.29, 0.50, 0.99
 0.27, 0.29, 0.50, 0.99
 0.27, 0.29, 0.50, 0.99
 0.27, 0.29, 0.50, 0.99
 0.27, 0.29, 0.50, 0.99
 0.27, 0.29, 0.50, 0.99
 0.26, 0.29, 0.50, 0.99
 0.26, 0.29, 0.50, 0.99
 0.26, 0.29, 0.50, 0.99
 0.26, 0.29, 0.50, 0.99
 0.26, 0.29, 0.50, 0.99
 0.26, 0.29, 0.50, 0.99
 0.26, 0.29, 0.50, 0.99
 0.26, 0.29, 0.50, 0.99
 0.26, 0.29, 0.50, 0.99
 0.26, 0.29, 0.50, 0.99
 0.26, 0.29, 0.50, 0.99
 0.26, 0.29, 0.50, 0.99
 0.26, 0.29, 0.50, 0.99
 0.26, 0.29, 0.50, 0.99
 0.26, 0.29, 0.50, 0.99
 0.26, 0.29, 0.50, 0.99
 0.26, 0.29, 0.50, 0.99
 0.26, 0.29, 0.50, 0.99
 0.26, 0.29, 0.50, 0.99
 0.26, 0.29, 0.50, 0.99
 0.26, 0.29, 0.50, 0.99
 0.26, 0.29, 0.50, 0.99
 0.26, 0.28, 0.50, 0.99
 0.26, 0.28, 0.50, 0.99
 0.26, 0.28, 0.50, 0.99
 0.26, 0.28, 0.50, 0.99
 0.26, 0.28, 0.50, 0.99
 0.26, 0.28, 0.50, 0.99
 0.26, 0.28, 0.50, 0.99
 0.26, 0.28, 0.50, 0.99
 0.26, 0.28, 0.50, 0.99
 0.26, 0.28, 0.50, 0.99
 0.26, 0.28, 0.50, 0.99
 0.26, 0.28, 0.50, 0.99
 0.26, 0.28, 0.50, 0.99
 0.26, 0.28, 0.50, 0.99
 0.26, 0.28, 0.50, 0.99
 0.26, 0.28, 0.50, 0.99
 0.26, 0.28, 0.50, 0.99
 0.26, 0.28, 0.50, 0.99
 0.26, 0.28, 0.50, 0.99
 0.26, 0.28, 0.50, 0.99
 0.26, 0.28, 0.50, 0.99
 0.26, 0.28, 0.50, 0.99
 0.26, 0.28, 0.50, 0.99
 0.26, 0.28, 0.50, 0.99
 0.26, 0.28, 0.50, 0.99
 0.26, 0.28, 0.50, 0.99
 0.26, 0.28, 0.50, 0.99
 0.26, 0.28, 0.50, 0.99
 0.26, 0.28, 0.50, 0.99
 0.26, 0.28, 0.50, 0.99
 0.26, 0.28, 0.50, 0.99
 0.26, 0.28, 0.50, 0.99
 0.26, 0.28, 0.50, 0.99
 0.26, 0.28, 0.50, 0.99
 0.26, 0.28, 0.50, 0.99
 0.26, 0.28, 0.50, 0.99
 0.26, 0.28, 0.50, 0.99
 0.25, 0.28, 0.50, 0.99
 0.25, 0.28, 0.50, 0.99
 0.25, 0.28, 0.50, 0.99
 0.25, 0.28, 0.50, 0.99
 0.25, 0.28, 0.50, 0.99
 0.25, 0.28, 0.50, 0.99
 0.25, 0.28, 0.50, 0.99
 0.25, 0.28, 0.50, 0.99
 0.25, 0.28, 0.50, 0.99
 0.25, 0.28, 0.50, 0.99
 0.25, 0.28, 0.50, 0.99
 0.25, 0.28, 0.50, 0.99
 0.25, 0.28, 0.50, 0.99
 0.25, 0.28, 0.50, 0.99
 0.25, 0.27, 0.50, 0.99
 0.25, 0.27, 0.50, 0.99
 0.25, 0.27, 0.50, 0.99
 0.25, 0.27, 0.50, 0.99
 0.25, 0.27, 0.50, 0.99
 0.25, 0.27, 0.50, 0.99
 0.25, 0.27, 0.50, 0.99
 0.25, 0.27, 0.50, 0.99
 0.25, 0.27, 0.50, 0.99
 0.25, 0.27, 0.50, 0.99
 0.25, 0.27, 0.50, 0.99
 0.25, 0.27, 0.50, 0.99
 0.25, 0.27, 0.50, 0.99
 0.25, 0.27, 0.50, 0.99
 0.25, 0.27, 0.50, 0.99
 0.25, 0.27, 0.50, 0.99
 0.25, 0.27, 0.50, 0.99
 0.25, 0.27, 0.50, 0.99
 0.25, 0.27, 0.50, 0.99
 0.25, 0.27, 0.50, 0.99
 0.25, 0.27, 0.50, 0.99
 0.25, 0.27, 0.50, 0.99
 0.25, 0.27, 0.50, 0.99
 0.25, 0.27, 0.50, 0.99
 0.25, 0.27, 0.50, 0.99
 0.25, 0.27, 0.50, 0.99
 0.25, 0.27, 0.50, 0.99
 0.25, 0.27, 0.50, 0.99
 0.25, 0.27, 0.50, 0.99
 0.25, 0.27, 0.50, 0.99
 0.25, 0.27, 0.50, 0.99
 0.25, 0.27, 0.50, 0.99
 0.25, 0.27, 0.50, 0.99
 0.25, 0.27, 0.50, 0.99
 0.25, 0.27, 0.50, 0.99
 0.25, 0.27, 0.50, 0.99
 0.25, 0.27, 0.50, 0.99
 0.25, 0.27, 0.50, 0.99
 0.25, 0.27, 0.50, 0.99
 0.25, 0.27, 0.50, 0.99
 0.25, 0.27, 0.50, 0.99
 0.25, 0.27, 0.50, 0.99
 0.25, 0.27, 0.50, 0.99
 0.25, 0.27, 0.50, 0.99
 0.25, 0.27, 0.50, 0.99
 0.25, 0.27, 0.50, 0.99
 0.25, 0.27, 0.50, 0.99
 0.24, 0.27, 0.50, 0.99
 0.24, 0.27, 0.50, 0.99
 0.24, 0.27, 0.50, 0.99
 0.24, 0.27, 0.50, 0.99
 0.24, 0.27, 0.50, 0.99
 0.24, 0.27, 0.50, 0.99
 0.24, 0.26, 0.50, 0.99
 0.24, 0.26, 0.50, 0.99
 0.24, 0.26, 0.50, 0.99
 0.24, 0.26, 0.50, 0.99
 0.24, 0.26, 0.50, 0.99
 0.24, 0.26, 0.50, 0.99
 0.24, 0.26, 0.50, 0.99
 0.24, 0.26, 0.50, 0.99
 0.24, 0.26, 0.50, 0.99
 0.24, 0.26, 0.50, 0.99
 0.24, 0.26, 0.50, 0.99
 0.24, 0.26, 0.50, 0.99
 0.24, 0.26, 0.50, 0.99
 0.24, 0.26, 0.50, 0.99
 0.24, 0.26, 0.50, 0.99
 0.24, 0.26, 0.50, 0.99
 0.24, 0.26, 0.50, 0.99
 0.24, 0.26, 0.50, 0.99
 0.24, 0.26, 0.50, 0.99
 0.24, 0.26, 0.50, 0.99
 0.24, 0.26, 0.50, 0.99
 0.24, 0.26, 0.50, 0.99
 0.24, 0.26, 0.50, 0.99
 0.24, 0.26, 0.50, 0.99
 0.24, 0.26, 0.50, 0.99
 0.24, 0.26, 0.50, 0.99
 0.24, 0.26, 0.50, 0.99
 0.24, 0.26, 0.50, 0.99
 0.24, 0.26, 0.50, 0.99
 0.24, 0.26, 0.50, 0.99
 0.24, 0.26, 0.50, 0.99
 0.24, 0.26, 0.50, 0.99
 0.24, 0.26, 0.50, 0.99
 0.24, 0.26, 0.50, 0.99
 0.24, 0.26, 0.50, 0.99
 0.24, 0.26, 0.50, 0.99
 0.24, 0.26, 0.50, 0.99
 0.24, 0.26, 0.50, 0.99
 0.24, 0.26, 0.50, 0.99
 0.24, 0.26, 0.50, 0.99
 0.24, 0.26, 0.50, 0.99
 0.24, 0.26, 0.50, 0.99
 0.24, 0.26, 0.50, 0.99
 0.24, 0.26, 0.50, 0.99
 0.24, 0.26, 0.50, 0.99
 0.24, 0.26, 0.50, 0.99
 0.24, 0.26, 0.50, 0.99
 0.24, 0.26, 0.50, 0.99
 0.24, 0.26, 0.50, 0.99
 0.24, 0.26, 0.50, 0.99
 0.24, 0.26, 0.50, 0.99
 0.24, 0.26, 0.50, 0.99
 0.24, 0.26, 0.50, 0.99
 0.24, 0.26, 0.50, 0.99
 0.24, 0.26, 0.50, 0.99
 0.24, 0.25, 0.50, 0.99
 0.24, 0.25, 0.50, 0.99
 0.23, 0.25, 0.50, 0.99
 0.23, 0.25, 0.50, 0.99
 0.23, 0.25, 0.50, 0.99
 0.23, 0.25, 0.50, 0.99
 0.23, 0.25, 0.50, 0.99
 0.23, 0.25, 0.50, 0.99
 0.23, 0.25, 0.50, 0.99
 0.23, 0.25, 0.50, 0.99
 0.23, 0.25, 0.50, 0.99
 0.23, 0.25, 0.50, 0.99
 0.23, 0.25, 0.50, 0.99
 0.23, 0.25, 0.50, 0.99
 0.23, 0.25, 0.50, 0.99
 0.23, 0.25, 0.50, 0.99
 0.23, 0.25, 0.50, 0.99
 0.23, 0.25, 0.50, 0.99
 0.23, 0.25, 0.50, 0.99
 0.23, 0.25, 0.50, 0.99
 0.23, 0.25, 0.50, 0.99
 0.23, 0.25, 0.50, 0.99
 0.23, 0.25, 0.50, 0.99
 0.23, 0.25, 0.50, 0.99
 0.23, 0.25, 0.50, 0.99
 0.23, 0.25, 0.50, 0.99
 0.23, 0.25, 0.50, 0.99
 0.23, 0.25, 0.50, 0.99
 0.23, 0.25, 0.50, 0.99
 0.23, 0.25, 0.50, 0.99
 0.23, 0.25, 0.50, 0.99
 0.23, 0.25, 0.50, 0.99
 0.23, 0.25, 0.50, 0.99
 0.23, 0.25, 0.50, 0.99
 0.23, 0.25, 0.50, 0.99
 0.23, 0.25, 0.50, 0.99
 0.23, 0.25, 0.50, 0.99
 0.23, 0.25, 0.50, 0.99
 0.23, 0.25, 0.50, 0.99
 0.23, 0.25, 0.50, 0.99
 0.23, 0.25, 0.50, 0.99
 0.23, 0.25, 0.50, 0.99
 0.23, 0.25, 0.50, 0.99
 0.23, 0.25, 0.50, 0.99
 0.23, 0.25, 0.50, 0.99
 0.23, 0.25, 0.50, 0.99
 0.23, 0.25, 0.50, 0.99
 0.23, 0.25, 0.50, 0.99
 0.23, 0.25, 0.50, 0.99
 0.23, 0.25, 0.50, 0.99
 0.23, 0.25, 0.50, 0.99
 0.23, 0.25, 0.50, 0.99
 0.23, 0.25, 0.50, 0.99
 0.23, 0.25, 0.50, 0.99
 0.23, 0.25, 0.50, 0.99
 0.23, 0.25, 0.50, 0.99
 0.23, 0.25, 0.50, 0.99
 0.23, 0.25, 0.50, 0.99
 0.23, 0.24, 0.50, 0.99
 0.23, 0.24, 0.50, 0.99
 0.23, 0.24, 0.50, 0.99
 0.23, 0.24, 0.50, 0.99
 0.23, 0.24, 0.50, 0.99
 0.23, 0.24, 0.50, 0.99
 0.23, 0.24, 0.50, 0.99
 0.23, 0.24, 0.50, 0.99
 0.23, 0.24, 0.50, 0.99
 0.23, 0.24, 0.50, 0.99
 0.23, 0.24, 0.50, 0.99
 0.22, 0.24, 0.50, 0.99
 0.22, 0.24, 0.50, 0.99
 0.22, 0.24, 0.50, 0.99
 0.22, 0.24, 0.50, 0.99
 0.22, 0.24, 0.50, 0.99
 0.22, 0.24, 0.50, 0.99
 0.22, 0.24, 0.50, 0.99
 0.22, 0.24, 0.50, 0.99
 0.22, 0.24, 0.50, 0.99
 0.22, 0.24, 0.50, 0.99
 0.22, 0.24, 0.50, 0.99
 0.22, 0.24, 0.50, 0.99
 0.22, 0.24, 0.50, 0.99
 0.22, 0.24, 0.50, 0.99
 0.22, 0.24, 0.50, 0.99
 0.22, 0.24, 0.50, 0.99
 0.22, 0.24, 0.50, 0.99
 0.22, 0.24, 0.50, 0.99
 0.22, 0.24, 0.50, 0.99
 0.22, 0.24, 0.50, 0.99
 0.22, 0.24, 0.50, 0.99
 0.22, 0.24, 0.50, 0.99
 0.22, 0.24, 0.50, 0.99
 0.22, 0.24, 0.50, 0.99
 0.22, 0.24, 0.50, 0.99
 0.22, 0.24, 0.50, 0.99
 0.22, 0.24, 0.50, 0.99
 0.22, 0.24, 0.50, 0.99
 0.22, 0.24, 0.50, 0.99
 0.22, 0.24, 0.50, 0.99
 0.22, 0.24, 0.50, 0.99
 0.22, 0.24, 0.50, 0.99
 0.22, 0.24, 0.50, 0.99
 0.22, 0.24, 0.50, 0.99
 0.22, 0.24, 0.50, 0.99
 0.22, 0.24, 0.50, 0.99
 0.22, 0.24, 0.50, 0.99
 0.22, 0.24, 0.50, 0.99
 0.22, 0.24, 0.50, 0.99
 0.22, 0.24, 0.50, 0.99
 0.22, 0.24, 0.50, 0.99
 0.22, 0.24, 0.50, 0.99
 0.22, 0.24, 0.50, 0.99
 0.22, 0.24, 0.50, 0.99
 0.22, 0.24, 0.50, 0.99
 0.22, 0.24, 0.50, 0.99
 0.22, 0.24, 0.50, 0.99
 0.22, 0.24, 0.50, 0.99
 0.22, 0.23, 0.50, 0.99
 0.22, 0.23, 0.50, 0.99
 0.22, 0.23, 0.50, 0.99
 0.22, 0.23, 0.50, 0.99
 0.22, 0.23, 0.50, 0.99
 0.22, 0.23, 0.50, 0.99
 0.22, 0.23, 0.50, 0.99
 0.22, 0.23, 0.50, 0.99
 0.22, 0.23, 0.50, 0.99
 0.22, 0.23, 0.50, 0.99
 0.22, 0.23, 0.50, 0.99
 0.22, 0.23, 0.50, 0.99
 0.22, 0.23, 0.50, 0.99
 0.22, 0.23, 0.50, 0.99
 0.22, 0.23, 0.50, 0.99
 0.22, 0.23, 0.50, 0.99
 0.22, 0.23, 0.50, 0.99
 0.22, 0.23, 0.50, 0.99
 0.22, 0.23, 0.50, 0.99
 0.22, 0.23, 0.50, 0.99
 0.22, 0.23, 0.50, 0.99
 0.21, 0.23, 0.50, 0.99
 0.21, 0.23, 0.50, 0.99
 0.21, 0.23, 0.50, 0.99
 0.21, 0.23, 0.50, 0.99
 0.21, 0.23, 0.50, 0.99
 0.21, 0.23, 0.50, 0.99
 0.21, 0.23, 0.50, 0.99
 0.21, 0.23, 0.50, 0.99
 0.21, 0.23, 0.50, 0.99
 0.21, 0.23, 0.50, 0.99
 0.21, 0.23, 0.50, 0.99
 0.21, 0.23, 0.50, 0.99
 0.21, 0.23, 0.50, 0.99
 0.21, 0.23, 0.50, 0.99
 0.21, 0.23, 0.50, 0.99
 0.21, 0.23, 0.50, 0.99
 0.21, 0.23, 0.50, 0.99
 0.21, 0.23, 0.50, 0.99
 0.21, 0.23, 0.50, 0.99
 0.21, 0.23, 0.50, 0.99
 0.21, 0.23, 0.50, 0.99
 0.21, 0.23, 0.50, 0.99
 0.21, 0.23, 0.50, 0.99
 0.21, 0.23, 0.50, 0.99
 0.21, 0.23, 0.50, 0.99
 0.21, 0.23, 0.50, 0.99
 0.21, 0.23, 0.50, 0.99
 0.21, 0.23, 0.50, 0.99
 0.21, 0.23, 0.50, 0.99
 0.21, 0.23, 0.50, 0.99
 0.21, 0.23, 0.50, 0.99
 0.21, 0.23, 0.50, 0.99
 0.21, 0.23, 0.50, 0.99
 0.21, 0.23, 0.50, 0.99
 0.21, 0.23, 0.50, 0.99
 0.21, 0.23, 0.50, 0.99
 0.21, 0.23, 0.50, 0.99
 0.21, 0.23, 0.50, 0.99
 0.21, 0.23, 0.50, 0.99
 0.21, 0.23, 0.50, 0.99
 0.21, 0.23, 0.50, 0.99
 0.21, 0.23, 0.50, 0.99
 0.21, 0.22, 0.50, 0.99
 0.21, 0.22, 0.50, 0.99
 0.21, 0.22, 0.50, 0.99
 0.21, 0.22, 0.50, 0.99
 0.21, 0.22, 0.50, 0.99
 0.21, 0.22, 0.50, 0.99
 0.21, 0.22, 0.50, 0.99
 0.21, 0.22, 0.50, 0.99
 0.21, 0.22, 0.50, 0.99
 0.21, 0.22, 0.50, 0.99
 0.21, 0.22, 0.50, 0.99
 0.21, 0.22, 0.50, 0.99
 0.21, 0.22, 0.50, 0.99
 0.21, 0.22, 0.50, 0.99
 0.21, 0.22, 0.50, 0.99
 0.21, 0.22, 0.50, 0.99
 0.21, 0.22, 0.50, 0.99
 0.21, 0.22, 0.50, 0.99
 0.21, 0.22, 0.50, 0.99
 0.21, 0.22, 0.50, 0.99
 0.21, 0.22, 0.50, 0.99
 0.21, 0.22, 0.50, 0.99
 0.21, 0.22, 0.50, 0.99
 0.21, 0.22, 0.50, 0.99
 0.21, 0.22, 0.50, 0.99
 0.21, 0.22, 0.50, 0.99
 0.21, 0.22, 0.50, 0.99
 0.21, 0.22, 0.50, 0.99
 0.21, 0.22, 0.50, 0.99
 0.21, 0.22, 0.50, 0.99
 0.21, 0.22, 0.50, 0.99
 0.21, 0.22, 0.50, 0.99
 0.21, 0.22, 0.50, 0.99
 0.20, 0.22, 0.50, 0.99
 0.20, 0.22, 0.50, 0.99
 0.20, 0.22, 0.50, 0.99
 0.20, 0.22, 0.50, 0.99
 0.20, 0.22, 0.50, 0.99
 0.20, 0.22, 0.50, 0.99
 0.20, 0.22, 0.50, 0.99
 0.20, 0.22, 0.50, 0.99
 0.20, 0.22, 0.50, 0.99
 0.20, 0.22, 0.50, 0.99
 0.20, 0.22, 0.50, 0.99
 0.20, 0.22, 0.50, 0.99
 0.20, 0.22, 0.50, 0.99
 0.20, 0.22, 0.50, 0.99
 0.20, 0.22, 0.50, 0.99
 0.20, 0.22, 0.50, 0.99
 0.20, 0.22, 0.50, 0.99
 0.20, 0.22, 0.50, 0.99
 0.20, 0.22, 0.50, 0.99
 0.20, 0.22, 0.50, 0.99
 0.20, 0.22, 0.50, 0.99
 0.20, 0.22, 0.50, 0.99
 0.20, 0.22, 0.50, 0.99
 0.20, 0.22, 0.50, 0.99
 0.20, 0.22, 0.50, 0.99
 0.20, 0.22, 0.50, 0.99
 0.20, 0.22, 0.50, 0.99
 0.20, 0.22, 0.50, 0.99
 0.20, 0.22, 0.50, 0.99
 0.20, 0.22, 0.50, 0.99
 0.20, 0.22, 0.50, 0.99
 0.20, 0.22, 0.50, 0.99
 0.20, 0.21, 0.50, 0.99
 0.20, 0.21, 0.50, 0.99
 0.20, 0.21, 0.50, 0.99
 0.20, 0.21, 0.50, 0.99
 0.20, 0.21, 0.50, 0.99
 0.20, 0.21, 0.50, 0.99
 0.20, 0.21, 0.50, 0.99
 0.20, 0.21, 0.50, 0.99
 0.20, 0.21, 0.50, 0.99
 0.20, 0.21, 0.50, 0.99
 0.20, 0.21, 0.50, 0.99
 0.20, 0.21, 0.50, 0.99
 0.20, 0.21, 0.50, 0.99
 0.20, 0.21, 0.50, 0.99
 0.20, 0.21, 0.50, 0.99
 0.20, 0.21, 0.50, 0.99
 0.20, 0.21, 0.50, 0.99
 0.20, 0.21, 0.50, 0.99
 0.20, 0.21, 0.50, 0.99
 0.20, 0.21, 0.50, 0.99
 0.20, 0.21, 0.50, 0.99
 0.20, 0.21, 0.50, 0.99
 0.20, 0.21, 0.50, 0.99
 0.20, 0.21, 0.50, 0.99
 0.20, 0.21, 0.50, 0.99
 0.20, 0.21, 0.50, 0.99
 0.20, 0.21, 0.50, 0.99
 0.20, 0.21, 0.50, 0.99
 0.20, 0.21, 0.50, 0.99
 0.20, 0.21, 0.50, 0.99
 0.20, 0.21, 0.50, 0.99
 0.20, 0.21, 0.50, 0.99
 0.20, 0.21, 0.50, 0.99
 0.20, 0.21, 0.50, 0.99
 0.20, 0.21, 0.50, 0.99
 0.20, 0.21, 0.50, 0.99
 0.20, 0.21, 0.50, 0.99
 0.20, 0.21, 0.50, 0.99
 0.20, 0.21, 0.50, 0.99
 0.20, 0.21, 0.50, 0.99
 0.20, 0.21, 0.50, 0.99
 0.20, 0.21, 0.50, 0.99
 0.20, 0.21, 0.50, 0.99
 0.20, 0.21, 0.50, 0.99
 0.20, 0.21, 0.50, 0.99
 0.20, 0.21, 0.50, 0.99
 0.20, 0.21, 0.50, 0.99
 0.20, 0.21, 0.50, 0.99
 0.20, 0.21, 0.50, 0.99
 0.20, 0.21, 0.50, 0.99
 0.20, 0.21, 0.50, 0.99
 0.20, 0.21, 0.50, 0.99
 0.20, 0.21, 0.50, 0.99
 0.20, 0.21, 0.50, 0.99
 0.20, 0.21, 0.50, 0.99
 0.20, 0.21, 0.50, 0.99
 0.20, 0.21, 0.50, 0.99
 0.20, 0.21, 0.50, 0.99
 0.20, 0.21, 0.50, 0.99
 0.20, 0.21, 0.50, 0.99
 0.20, 0.21, 0.50, 0.99
 0.20, 0.21, 0.50, 0.99
 0.20, 0.21, 0.50, 0.99
 0.20, 0.21, 0.50, 0.99
 0.20, 0.21, 0.50, 0.99
 0.20, 0.21, 0.50, 0.99
 0.20, 0.21, 0.50, 0.99
 0.20, 0.21, 0.50, 0.99
 0.20, 0.20, 0.50, 0.99
 0.20, 0.20, 0.50, 0.99
 0.20, 0.20, 0.50, 0.99
 0.20, 0.20, 0.50, 0.99
 0.20, 0.20, 0.50, 0.99
 0.20, 0.20, 0.50, 0.99
 0.20, 0.20, 0.50, 0.99
 0.20, 0.20, 0.50, 0.99
 0.20, 0.20, 0.50, 0.99
 0.20, 0.20, 0.50, 0.99
 0.20, 0.20, 0.50, 0.99
 0.20, 0.20, 0.50, 0.99
 0.20, 0.20, 0.50, 0.99
 0.20, 0.20, 0.50, 0.99
 0.20, 0.20, 0.50, 0.99
 0.20, 0.20, 0.50, 0.99
 0.20, 0.20, 0.50, 0.99
 0.20, 0.20, 0.50, 0.99
 0.20, 0.20, 0.50, 0.99
 0.20, 0.20, 0.50, 0.99
 0.20, 0.20, 0.50, 0.99
 0.20, 0.20, 0.50, 0.99
 0.20, 0.20, 0.50, 0.99
 0.20, 0.20, 0.50, 0.99
 0.20, 0.20, 0.50, 0.99
 0.20, 0.20, 0.50, 0.99
 0.20, 0.20, 0.50, 0.99
 0.20, 0.20, 0.50, 0.99
 0.20, 0.20, 0.50, 0.99
 0.20, 0.20, 0.50, 0.99
 0.20, 0.20, 0.50, 0.99
 0.20, 0.20, 0.50, 0.99
 0.20, 0.20, 0.50, 0.99
 0.20, 0.20, 0.50, 0.99
 0.20, 0.20, 0.50, 0.99
 0.20, 0.20, 0.50, 0.99
 0.20, 0.20, 0.50, 0.99
 0.20, 0.20, 0.50, 0.99
 0.20, 0.20, 0.50, 0.99
 0.20, 0.20, 0.50, 0.99
 0.20, 0.20, 0.50, 0.99
 0.20, 0.20, 0.50, 0.99
 0.20, 0.20, 0.50, 0.99
 0.20, 0.20, 0.50, 0.99
 0.20, 0.20, 0.50, 0.99
 0.20, 0.20, 0.50, 0.99
 0.20, 0.20, 0.50, 0.99
 0.20, 0.20, 0.50, 0.99
 0.20, 0.20, 0.50, 0.99
 0.20, 0.20, 0.50, 0.99
 0.20, 0.20, 0.50, 0.99
 0.20, 0.20, 0.50, 0.99
 0.20, 0.20, 0.50, 0.99
 0.20, 0.20, 0.50, 0.99
 0.20, 0.20, 0.50, 0.99
 0.20, 0.20, 0.50, 0.99
 0.20, 0.20, 0.50, 0.99
 0.20, 0.20, 0.50, 0.99
 0.20, 0.20, 0.50, 0.99
 0.20, 0.20, 0.50, 0.99
 0.20, 0.20, 0.50, 0.99
 0.20, 0.20, 0.50, 0.99
 0.20, 0.20, 0.50, 0.99
 0.20, 0.20, 0.50, 0.99
 0.20, 0.20, 0.50, 0.99
 0.20, 0.20, 0.50, 0.99
 0.20, 0.20, 0.50, 0.99
 0.20, 0.20, 0.50, 0.99
 0.20, 0.20, 0.50, 0.99
 0.20, 0.20, 0.50, 0.99
 0.20, 0.20, 0.50, 0.99
 0.20, 0.20, 0.50, 0.99
 0.20, 0.19, 0.50, 0.99
 0.20, 0.19, 0.50, 0.99
 0.20, 0.19, 0.50, 0.99
 0.20, 0.19, 0.50, 0.99
 0.20, 0.19, 0.50, 0.99
 0.20, 0.19, 0.50, 0.99
 0.20, 0.19, 0.50, 0.99
 0.20, 0.19, 0.50, 0.99
 0.20, 0.19, 0.50, 0.99
 0.20, 0.19, 0.50, 0.99
 0.20, 0.19, 0.50, 0.99
 0.20, 0.19, 0.50, 0.99
 0.20, 0.19, 0.50, 0.99
 0.20, 0.19, 0.50, 0.99
 0.20, 0.19, 0.50, 0.99
 0.20, 0.19, 0.50, 0.99
 0.20, 0.19, 0.50, 0.99
 0.20, 0.19, 0.50, 0.99
 0.20, 0.19, 0.50, 0.99
 0.20, 0.19, 0.50, 0.99
 0.20, 0.19, 0.50, 0.99
 0.20, 0.19, 0.50, 0.99
 0.20, 0.19, 0.50, 0.99
 0.20, 0.19, 0.50, 0.99
 0.20, 0.19, 0.50, 0.99
 0.20, 0.19, 0.50, 0.99
 0.20, 0.19, 0.50, 0.99
 0.20, 0.19, 0.50, 0.99
 0.20, 0.19, 0.50, 0.99
 0.20, 0.19, 0.50, 0.99
 0.20, 0.19, 0.50, 0.99
 0.20, 0.19, 0.50, 0.99
 0.20, 0.19, 0.50, 0.99
 0.20, 0.19, 0.50, 0.99
 0.20, 0.19, 0.50, 0.99
 0.20, 0.19, 0.50, 0.99
 0.20, 0.19, 0.50, 0.99
 0.20, 0.19, 0.50, 0.99
 0.20, 0.19, 0.50, 0.99
 0.20, 0.19, 0.50, 0.99
 0.20, 0.19, 0.50, 0.99
 0.20, 0.19, 0.50, 0.99
 0.20, 0.19, 0.50, 0.99
 0.20, 0.19, 0.50, 0.99
 0.20, 0.19, 0.50, 0.99
 0.20, 0.19, 0.50, 0.99
 0.20, 0.19, 0.50, 0.99
 0.20, 0.19, 0.50, 0.99
 0.20, 0.19, 0.50, 0.99
 0.20, 0.19, 0.50, 0.99
 0.20, 0.19, 0.50, 0.99
 0.20, 0.19, 0.50, 0.99
 0.20, 0.19, 0.50, 0.99
 0.20, 0.19, 0.50, 0.99
 0.20, 0.19, 0.50, 0.99
 0.20, 0.19, 0.50, 0.99
 0.20, 0.19, 0.50, 0.99
 0.20, 0.19, 0.50, 0.99
 0.20, 0.19, 0.50, 0.99
 0.20, 0.19, 0.50, 0.99
 0.20, 0.19, 0.50, 0.99
 0.20, 0.19, 0.50, 0.99
 0.20, 0.19, 0.50, 0.99
 0.20, 0.19, 0.50, 0.99
 0.20, 0.19, 0.50, 0.99
 0.20, 0.19, 0.50, 0.99
 0.20, 0.19, 0.50, 0.99
 0.20, 0.19, 0.50, 0.99
 0.20, 0.19, 0.50, 0.99
 0.20, 0.19, 0.50, 0.99
 0.20, 0.19, 0.50, 0.99
 0.20, 0.19, 0.50, 0.99
 0.20, 0.19, 0.50, 0.99
 0.20, 0.19, 0.50, 0.99
 0.20, 0.19, 0.50, 0.99
 0.20, 0.18, 0.50, 0.99
 0.20, 0.18, 0.50, 0.99
 0.20, 0.18, 0.50, 0.99
 0.20, 0.18, 0.50, 0.99
 0.20, 0.18, 0.50, 0.99
 0.20, 0.18, 0.50, 0.99
 0.20, 0.18, 0.50, 0.99
 0.20, 0.18, 0.50, 0.99
 0.20, 0.18, 0.50, 0.99
 0.20, 0.18, 0.50, 0.99
 0.20, 0.18, 0.50, 0.99
 0.20, 0.18, 0.50, 0.99
 0.20, 0.18, 0.50, 0.99
 0.20, 0.18, 0.50, 0.99
 0.20, 0.18, 0.50, 0.99
 0.20, 0.18, 0.50, 0.99
 0.20, 0.18, 0.50, 0.99
 0.20, 0.18, 0.50, 0.99
 0.20, 0.18, 0.50, 0.99
 0.20, 0.18, 0.50, 0.99
 0.20, 0.18, 0.50, 0.99
 0.20, 0.18, 0.50, 0.99
 0.20, 0.18, 0.50, 0.99
 0.20, 0.18, 0.50, 0.99
 0.20, 0.18, 0.50, 0.99
 0.20, 0.18, 0.50, 0.99
 0.20, 0.18, 0.50, 0.99
 0.20, 0.18, 0.50, 0.99
 0.20, 0.18, 0.50, 0.99
 0.20, 0.18, 0.50, 0.99
 0.20, 0.18, 0.50, 0.99
 0.20, 0.18, 0.50, 0.99
 0.20, 0.18, 0.50, 0.99
 0.20, 0.18, 0.50, 0.99
 0.20, 0.18, 0.50, 0.99
 0.20, 0.18, 0.50, 0.99
 0.20, 0.18, 0.50, 0.99
 0.20, 0.18, 0.50, 0.99
 0.20, 0.18, 0.50, 0.99
 0.20, 0.18, 0.50, 0.99
 0.20, 0.18, 0.50, 0.99
 0.20, 0.18, 0.50, 0.99
 0.20, 0.18, 0.50, 0.99
 0.20, 0.18, 0.50, 0.99
 0.20, 0.18, 0.50, 0.99
 0.20, 0.18, 0.50, 0.99
 0.20, 0.18, 0.50, 0.99
 0.20, 0.18, 0.50, 0.99
 0.20, 0.18, 0.50, 0.99
 0.20, 0.18, 0.50, 0.99
 0.20, 0.18, 0.50, 0.99
 0.21, 0.18, 0.50, 0.99
 0.21, 0.18, 0.50, 0.99
 0.21, 0.18, 0.50, 0.99
 0.21, 0.18, 0.50, 0.99
 0.21, 0.18, 0.50, 0.99
 0.21, 0.18, 0.50, 0.99
 0.21, 0.18, 0.50, 0.99
 0.21, 0.18, 0.50, 0.99
 0.21, 0.18, 0.50, 0.99
 0.21, 0.18, 0.50, 0.99
 0.21, 0.18, 0.50, 0.99
 0.21, 0.18, 0.50, 0.99
 0.21, 0.18, 0.50, 0.99
 0.21, 0.18, 0.50, 0.99
 0.21, 0.18, 0.50, 0.99
 0.21, 0.18, 0.50, 0.99
 0.21, 0.18, 0.50, 0.99
 0.21, 0.18, 0.50, 0.99
 0.21, 0.18, 0.50, 0.99
 0.21, 0.18, 0.50, 0.99
 0.21, 0.18, 0.50, 0.99
 0.21, 0.18, 0.50, 0.99
 0.21, 0.18, 0.51, 0.99
 0.21, 0.18, 0.51, 0.99
 0.21, 0.18, 0.51, 0.99
 0.21, 0.18, 0.51, 0.99
 0.21, 0.18, 0.51, 0.99
 0.21, 0.18, 0.51, 0.99
 0.21, 0.18, 0.51, 0.99
 0.21, 0.17, 0.51, 0.99
 0.21, 0.17, 0.51, 0.99
 0.21, 0.17, 0.51, 0.99
 0.21, 0.17, 0.51, 0.99
 0.21, 0.17, 0.51, 0.99
 0.21, 0.17, 0.51, 0.99
 0.21, 0.17, 0.51, 0.99
 0.21, 0.17, 0.51, 0.99
 0.21, 0.17, 0.51, 0.99
 0.21, 0.17, 0.51, 0.99
 0.21, 0.17, 0.51, 0.99
 0.21, 0.17, 0.51, 0.99
 0.21, 0.17, 0.51, 0.99
 0.21, 0.17, 0.51, 0.99
 0.21, 0.17, 0.51, 0.99
 0.21, 0.17, 0.51, 0.99
 0.21, 0.17, 0.51, 0.99
 0.21, 0.17, 0.51, 0.99
 0.21, 0.17, 0.51, 0.99
 0.21, 0.17, 0.51, 0.99
 0.21, 0.17, 0.51, 0.99
 0.21, 0.17, 0.51, 0.99
 0.21, 0.17, 0.51, 0.99
 0.21, 0.17, 0.51, 0.99
 0.21, 0.17, 0.51, 0.99
 0.21, 0.17, 0.51, 0.99
 0.21, 0.17, 0.51, 0.99
 0.21, 0.17, 0.51, 0.99
 0.21, 0.17, 0.51, 0.99
 0.21, 0.17, 0.51, 0.99
 0.21, 0.17, 0.51, 0.99
 0.21, 0.17, 0.51, 0.99
 0.21, 0.17, 0.51, 0.99
 0.21, 0.17, 0.51, 0.99
 0.21, 0.17, 0.51, 0.99
 0.21, 0.17, 0.51, 0.99
 0.21, 0.17, 0.51, 0.99
 0.21, 0.17, 0.51, 0.99
 0.21, 0.17, 0.51, 0.99
 0.21, 0.17, 0.51, 0.99
 0.21, 0.17, 0.51, 0.99
 0.21, 0.17, 0.51, 0.99
 0.21, 0.17, 0.51, 0.99
 0.21, 0.17, 0.51, 0.99
 0.21, 0.17, 0.51, 0.99
 0.21, 0.17, 0.51, 0.99
 0.21, 0.17, 0.51, 0.99
 0.21, 0.17, 0.51, 0.99
 0.21, 0.17, 0.51, 0.99
 0.21, 0.17, 0.51, 0.99
 0.21, 0.17, 0.51, 0.99
 0.21, 0.17, 0.51, 0.99
 0.21, 0.17, 0.51, 0.99
 0.21, 0.17, 0.51, 0.99
 0.21, 0.17, 0.51, 0.99
 0.21, 0.17, 0.51, 0.99
 0.21, 0.17, 0.51, 0.99
 0.21, 0.17, 0.51, 0.99
 0.21, 0.17, 0.51, 0.99
 0.21, 0.17, 0.51, 0.99
 0.21, 0.17, 0.51, 0.99
 0.21, 0.17, 0.51, 0.99
 0.21, 0.17, 0.51, 0.99
 0.21, 0.17, 0.51, 0.99
 0.21, 0.17, 0.51, 0.99
 0.21, 0.17, 0.51, 0.99
 0.21, 0.17, 0.51, 0.99
 0.21, 0.17, 0.51, 0.99
 0.21, 0.17, 0.51, 0.99
 0.21, 0.17, 0.51, 0.99
 0.21, 0.17, 0.51, 0.99
 0.21, 0.17, 0.51, 0.99
 0.21, 0.17, 0.51, 0.99
 0.21, 0.17, 0.51, 0.99
 0.21, 0.17, 0.51, 0.99
 0.21, 0.17, 0.51, 0.99
 0.21, 0.17, 0.51, 0.99
 0.21, 0.17, 0.51, 0.99
 0.21, 0.17, 0.51, 0.99
 0.21, 0.17, 0.51, 0.99
 0.22, 0.17, 0.51, 0.99
 0.22, 0.17, 0.51, 0.99
 0.22, 0.17, 0.51, 0.99
 0.22, 0.17, 0.51, 0.99
 0.22, 0.16, 0.51, 0.99
 0.22, 0.16, 0.51, 0.99
 0.22, 0.16, 0.51, 0.99
 0.22, 0.16, 0.51, 0.99
 0.22, 0.16, 0.51, 0.99
 0.22, 0.16, 0.51, 0.99
 0.22, 0.16, 0.51, 0.99
 0.22, 0.16, 0.51, 0.99
 0.22, 0.16, 0.51, 0.99
 0.22, 0.16, 0.51, 0.99
 0.22, 0.16, 0.51, 0.99
 0.22, 0.16, 0.51, 0.99
 0.22, 0.16, 0.51, 0.99
 0.22, 0.16, 0.51, 0.99
 0.22, 0.16, 0.51, 0.99
 0.22, 0.16, 0.51, 0.99
 0.22, 0.16, 0.51, 0.99
 0.22, 0.16, 0.51, 0.99
 0.22, 0.16, 0.51, 0.99
 0.22, 0.16, 0.51, 0.99
 0.22, 0.16, 0.51, 0.99
 0.22, 0.16, 0.51, 0.99
 0.22, 0.16, 0.51, 0.99
 0.22, 0.16, 0.51, 0.99
 0.22, 0.16, 0.51, 0.99
 0.22, 0.16, 0.51, 0.99
 0.22, 0.16, 0.51, 0.99
 0.22, 0.16, 0.51, 0.99
 0.22, 0.16, 0.51, 0.99
 0.22, 0.16, 0.51, 0.99
 0.22, 0.16, 0.51, 0.99
 0.22, 0.16, 0.51, 0.99
 0.22, 0.16, 0.51, 0.99
 0.22, 0.16, 0.51, 0.99
 0.22, 0.16, 0.51, 0.99
 0.22, 0.16, 0.51, 0.99
 0.22, 0.16, 0.51, 0.99
 0.22, 0.16, 0.51, 0.99
 0.22, 0.16, 0.51, 0.99
 0.22, 0.16, 0.51, 0.99
 0.22, 0.16, 0.51, 0.99
 0.22, 0.16, 0.51, 0.99
 0.22, 0.16, 0.51, 0.99
 0.22, 0.16, 0.51, 0.99
 0.22, 0.16, 0.51, 0.99
 0.22, 0.16, 0.51, 0.99
 0.22, 0.16, 0.51, 0.99
 0.22, 0.16, 0.51, 0.99
 0.22, 0.16, 0.51, 0.99
 0.22, 0.16, 0.51, 0.99
 0.22, 0.16, 0.51, 0.99
 0.22, 0.16, 0.51, 0.99
 0.22, 0.16, 0.51, 0.99
 0.22, 0.16, 0.51, 0.99
 0.22, 0.16, 0.51, 0.99
 0.22, 0.16, 0.51, 0.99
 0.22, 0.16, 0.51, 0.99
 0.22, 0.16, 0.51, 0.99
 0.22, 0.16, 0.51, 0.99
 0.22, 0.16, 0.51, 0.99
 0.22, 0.16, 0.51, 0.99
 0.22, 0.16, 0.51, 0.99
 0.22, 0.16, 0.51, 0.99
 0.22, 0.16, 0.51, 0.99
 0.22, 0.16, 0.51, 0.99
 0.22, 0.16, 0.51, 0.99
 0.22, 0.16, 0.51, 0.99
 0.22, 0.16, 0.51, 0.99
 0.22, 0.16, 0.51, 0.99
 0.22, 0.16, 0.51, 0.99
 0.22, 0.16, 0.51, 0.99
 0.22, 0.16, 0.51, 0.99
 0.22, 0.16, 0.51, 0.99
 0.22, 0.16, 0.51, 0.99
 0.22, 0.16, 0.51, 0.99
 0.22, 0.16, 0.51, 0.99
 0.22, 0.16, 0.51, 0.99
 0.22, 0.16, 0.51, 0.99
 0.22, 0.16, 0.51, 0.99
 0.22, 0.16, 0.51, 0.99
 0.22, 0.16, 0.51, 0.99
 0.22, 0.16, 0.51, 0.99
 0.22, 0.16, 0.51, 0.99
 0.22, 0.16, 0.51, 0.99
 0.22, 0.16, 0.51, 0.99
 0.22, 0.16, 0.51, 0.99
 0.22, 0.16, 0.51, 0.99
 0.22, 0.16, 0.51, 0.99
 0.22, 0.16, 0.51, 0.99
 0.22, 0.16, 0.51, 0.99
 0.22, 0.15, 0.51, 0.99
 0.22, 0.15, 0.51, 0.99
 0.22, 0.15, 0.51, 0.99
 0.22, 0.15, 0.51, 0.99
 0.22, 0.15, 0.51, 0.99
 0.22, 0.15, 0.51, 0.99
 0.22, 0.15, 0.51, 0.99
 0.22, 0.15, 0.51, 0.99
 0.22, 0.15, 0.51, 0.99
 0.23, 0.15, 0.51, 0.99
 0.23, 0.15, 0.51, 0.99
 0.23, 0.15, 0.51, 0.99
 0.23, 0.15, 0.51, 0.99
 0.23, 0.15, 0.51, 0.99
 0.23, 0.15, 0.51, 0.99
 0.23, 0.15, 0.51, 0.99
 0.23, 0.15, 0.51, 0.99
 0.23, 0.15, 0.51, 0.99
 0.23, 0.15, 0.51, 0.99
 0.23, 0.15, 0.51, 0.99
 0.23, 0.15, 0.51, 0.99
 0.23, 0.15, 0.51, 0.99
 0.23, 0.15, 0.51, 0.99
 0.23, 0.15, 0.51, 0.99
 0.23, 0.15, 0.51, 0.99
 0.23, 0.15, 0.51, 0.99
 0.23, 0.15, 0.51, 0.99
 0.23, 0.15, 0.51, 0.99
 0.23, 0.15, 0.51, 0.99
 0.23, 0.15, 0.51, 0.99
 0.23, 0.15, 0.51, 0.99
 0.23, 0.15, 0.51, 0.99
 0.23, 0.15, 0.51, 0.99
 0.23, 0.15, 0.51, 0.99
 0.23, 0.15, 0.51, 0.99
 0.23, 0.15, 0.51, 0.99
 0.23, 0.15, 0.51, 0.99
 0.23, 0.15, 0.51, 0.99
 0.23, 0.15, 0.51, 0.99
 0.23, 0.15, 0.51, 0.99
 0.23, 0.15, 0.51, 0.99
 0.23, 0.15, 0.51, 0.99
 0.23, 0.15, 0.51, 0.99
 0.23, 0.15, 0.51, 0.99
 0.23, 0.15, 0.51, 0.99
 0.23, 0.15, 0.51, 0.99
 0.23, 0.15, 0.51, 0.99
 0.23, 0.15, 0.51, 0.99
 0.23, 0.15, 0.51, 0.99
 0.23, 0.15, 0.51, 0.99
 0.23, 0.15, 0.51, 0.99
 0.23, 0.15, 0.51, 0.99
 0.23, 0.15, 0.51, 0.99
 0.23, 0.15, 0.51, 0.99
 0.23, 0.15, 0.51, 0.99
 0.23, 0.15, 0.51, 0.99
 0.23, 0.15, 0.51, 0.99
 0.23, 0.15, 0.51, 0.99
 0.23, 0.15, 0.51, 0.99
 0.23, 0.15, 0.51, 0.99
 0.23, 0.15, 0.51, 0.99
 0.23, 0.15, 0.51, 0.99
 0.23, 0.15, 0.51, 0.99
 0.23, 0.15, 0.51, 0.99
 0.23, 0.15, 0.51, 0.99
 0.23, 0.15, 0.51, 0.99
 0.23, 0.15, 0.51, 0.99
 0.23, 0.15, 0.51, 0.99
 0.23, 0.15, 0.51, 0.99
 0.23, 0.15, 0.51, 0.99
 0.23, 0.15, 0.51, 0.99
 0.23, 0.15, 0.51, 0.99
 0.23, 0.15, 0.51, 0.99
 0.23, 0.15, 0.51, 0.99
 0.23, 0.15, 0.51, 0.99
 0.23, 0.15, 0.51, 0.99
 0.23, 0.15, 0.51, 0.99
 0.23, 0.15, 0.51, 0.99
 0.23, 0.15, 0.51, 0.99
 0.23, 0.15, 0.51, 0.99
 0.23, 0.15, 0.51, 0.99
 0.23, 0.15, 0.51, 0.99
 0.23, 0.15, 0.51, 0.99
 0.23, 0.15, 0.51, 0.99
 0.23, 0.15, 0.51, 0.99
 0.23, 0.15, 0.51, 0.99
 0.23, 0.15, 0.51, 0.99
 0.23, 0.15, 0.51, 0.99
 0.23, 0.15, 0.51, 0.99
 0.23, 0.15, 0.51, 0.99
 0.23, 0.15, 0.51, 0.99
 0.23, 0.15, 0.51, 0.99
 0.23, 0.15, 0.51, 0.99
 0.23, 0.15, 0.51, 0.99
 0.23, 0.15, 0.51, 0.99
 0.23, 0.14, 0.51, 0.99
 0.23, 0.14, 0.51, 0.99
 0.23, 0.14, 0.51, 0.99
 0.23, 0.14, 0.51, 0.99
 0.23, 0.14, 0.51, 0.99
 0.23, 0.14, 0.51, 0.99
 0.23, 0.14, 0.51, 0.99
 0.23, 0.14, 0.51, 0.99
 0.23, 0.14, 0.51, 0.99
 0.23, 0.14, 0.51, 0.99
 0.23, 0.14, 0.51, 0.99
 0.23, 0.14, 0.51, 0.99
 0.23, 0.14, 0.51, 0.99
 0.23, 0.14, 0.51, 0.99
 0.23, 0.14, 0.51, 0.99
 0.23, 0.14, 0.51, 0.99
 0.23, 0.14, 0.51, 0.99
 0.23, 0.14, 0.51, 0.99
 0.23, 0.14, 0.51, 0.99
 0.23, 0.14, 0.51, 0.99
 0.23, 0.14, 0.51, 0.99
 0.23, 0.14, 0.51, 0.99
 0.23, 0.14, 0.51, 0.99
 0.23, 0.14, 0.51, 0.99
 0.23, 0.14, 0.51, 0.99
 0.23, 0.14, 0.51, 0.99
 0.23, 0.14, 0.51, 0.99
 0.23, 0.14, 0.51, 0.99
 0.23, 0.14, 0.51, 0.99
 0.23, 0.14, 0.51, 0.99
 0.23, 0.14, 0.51, 0.99
 0.23, 0.14, 0.51, 0.99
 0.23, 0.14, 0.51, 0.99
 0.23, 0.14, 0.51, 0.99
 0.23, 0.14, 0.51, 0.99
 0.23, 0.14, 0.51, 0.99
 0.24, 0.14, 0.51, 0.99
 0.24, 0.14, 0.51, 0.99
 0.24, 0.14, 0.51, 0.99
 0.24, 0.14, 0.51, 0.99
 0.24, 0.14, 0.51, 0.99
 0.24, 0.14, 0.51, 0.99
 0.24, 0.14, 0.51, 0.99
 0.24, 0.14, 0.51, 0.99
 0.24, 0.14, 0.51, 0.99
 0.24, 0.14, 0.51, 0.99
 0.24, 0.14, 0.51, 0.99
 0.24, 0.14, 0.51, 0.99
 0.24, 0.14, 0.51, 0.99
 0.24, 0.14, 0.51, 0.99
 0.24, 0.14, 0.51, 0.99
 0.24, 0.14, 0.51, 0.99
 0.24, 0.14, 0.51, 0.99
 0.24, 0.14, 0.51, 0.99
 0.24, 0.14, 0.51, 0.99
 0.24, 0.14, 0.51, 0.99
 0.24, 0.14, 0.51, 0.99
 0.24, 0.14, 0.51, 0.99
 0.24, 0.14, 0.51, 0.99
 0.24, 0.14, 0.51, 0.99
 0.24, 0.14, 0.51, 0.99
 0.24, 0.14, 0.51, 0.99
 0.24, 0.14, 0.51, 0.99
 0.24, 0.14, 0.51, 0.99
 0.24, 0.14, 0.51, 0.99
 0.24, 0.14, 0.51, 0.99
 0.24, 0.14, 0.51, 0.99
 0.24, 0.14, 0.51, 0.99
 0.24, 0.14, 0.51, 0.99
 0.24, 0.14, 0.51, 0.99
 0.24, 0.14, 0.51, 0.99
 0.24, 0.14, 0.51, 0.99
 0.24, 0.14, 0.51, 0.99
 0.24, 0.14, 0.51, 0.99
 0.24, 0.14, 0.51, 0.99
 0.24, 0.14, 0.51, 0.99
 0.24, 0.14, 0.51, 0.99
 0.24, 0.14, 0.51, 0.99
 0.24, 0.14, 0.51, 0.99
 0.24, 0.14, 0.51, 0.99
 0.24, 0.14, 0.51, 0.99
 0.24, 0.14, 0.52, 0.99
 0.24, 0.14, 0.52, 0.99
 0.24, 0.14, 0.52, 0.99
 0.24, 0.14, 0.52, 0.99
 0.24, 0.14, 0.52, 0.99
 0.24, 0.14, 0.52, 0.99
 0.24, 0.14, 0.52, 0.99
 0.24, 0.14, 0.52, 0.99
 0.24, 0.14, 0.52, 0.99
 0.24, 0.14, 0.52, 0.99
 0.24, 0.14, 0.52, 0.99
 0.24, 0.14, 0.52, 0.99
 0.24, 0.14, 0.52, 0.99
 0.24, 0.14, 0.52, 0.99
 0.24, 0.14, 0.52, 0.99
 0.24, 0.14, 0.52, 0.99
 0.24, 0.14, 0.52, 0.99
 0.24, 0.14, 0.52, 0.99
 0.24, 0.14, 0.52, 0.99
 0.24, 0.14, 0.52, 0.99
 0.24, 0.14, 0.52, 0.99
 0.24, 0.14, 0.52, 0.99
 0.24, 0.13, 0.52, 0.99
 0.24, 0.13, 0.52, 0.99
 0.24, 0.13, 0.52, 0.99
 0.24, 0.13, 0.52, 0.99
 0.24, 0.13, 0.52, 0.99
 0.24, 0.13, 0.52, 0.99
 0.24, 0.13, 0.52, 0.99
 0.24, 0.13, 0.52, 0.99
 0.24, 0.13, 0.52, 0.99
 0.24, 0.13, 0.52, 0.99
 0.24, 0.13, 0.52, 0.99
 0.24, 0.13, 0.52, 0.99
 0.24, 0.13, 0.52, 0.99
 0.24, 0.13, 0.52, 0.99
 0.24, 0.13, 0.52, 0.99
 0.24, 0.13, 0.52, 0.99
 0.24, 0.13, 0.52, 0.99
 0.24, 0.13, 0.52, 0.99
 0.24, 0.13, 0.52, 0.99
 0.24, 0.13, 0.52, 0.99
 0.24, 0.13, 0.52, 0.99
 0.24, 0.13, 0.52, 0.99
 0.24, 0.13, 0.52, 0.99
 0.24, 0.13, 0.52, 0.99
 0.24, 0.13, 0.52, 0.99
 0.24, 0.13, 0.52, 0.99
 0.24, 0.13, 0.52, 0.99
 0.24, 0.13, 0.52, 0.99
 0.24, 0.13, 0.52, 0.99
 0.24, 0.13, 0.52, 0.99
 0.24, 0.13, 0.52, 0.99
 0.24, 0.13, 0.52, 0.99
 0.24, 0.13, 0.52, 0.99
 0.24, 0.13, 0.52, 0.99
 0.24, 0.13, 0.52, 0.99
 0.24, 0.13, 0.52, 0.99
 0.24, 0.13, 0.52, 0.99
 0.24, 0.13, 0.52, 0.99
 0.24, 0.13, 0.52, 0.99
 0.24, 0.13, 0.52, 0.99
 0.24, 0.13, 0.52, 0.99
 0.24, 0.13, 0.52, 0.99
 0.24, 0.13, 0.52, 0.99
 0.24, 0.13, 0.52, 0.99
 0.24, 0.13, 0.52, 0.99
 0.24, 0.13, 0.52, 0.99
 0.24, 0.13, 0.52, 0.99
 0.24, 0.13, 0.52, 0.99
 0.24, 0.13, 0.52, 0.99
 0.24, 0.13, 0.52, 0.99
 0.24, 0.13, 0.52, 0.99
 0.24, 0.13, 0.52, 0.99
 0.24, 0.13, 0.52, 0.99
 0.24, 0.13, 0.52, 0.99
 0.24, 0.13, 0.52, 0.99
 0.24, 0.13, 0.52, 0.99
 0.24, 0.13, 0.52, 0.99
 0.24, 0.13, 0.52, 0.99
 0.24, 0.13, 0.52, 0.99
 0.24, 0.13, 0.52, 0.99
 0.24, 0.13, 0.52, 0.99
 0.24, 0.13, 0.52, 0.99
 0.24, 0.13, 0.52, 0.99
 0.24, 0.13, 0.52, 0.99
 0.24, 0.13, 0.52, 0.99
 0.24, 0.13, 0.52, 0.99
 0.24, 0.13, 0.52, 0.99
 0.24, 0.13, 0.52, 0.99
 0.24, 0.13, 0.52, 0.99
 0.24, 0.13, 0.52, 0.99
 0.24, 0.13, 0.52, 0.99
 0.24, 0.13, 0.52, 0.99
 0.24, 0.13, 0.52, 0.99
 0.24, 0.13, 0.52, 0.99
 0.24, 0.13, 0.52, 0.99
 0.24, 0.13, 0.52, 0.99
 0.24, 0.13, 0.52, 0.99
 0.24, 0.13, 0.52, 0.99
 0.24, 0.13, 0.52, 0.99
 0.24, 0.13, 0.52, 0.99
 0.24, 0.13, 0.52, 0.99
 0.24, 0.13, 0.52, 0.99
 0.24, 0.13, 0.52, 0.99
 0.24, 0.13, 0.52, 0.99
 0.24, 0.13, 0.52, 0.99
 0.24, 0.13, 0.52, 0.99
 0.24, 0.13, 0.52, 0.99
 0.24, 0.13, 0.52, 0.99
 0.24, 0.13, 0.52, 0.99
 0.24, 0.13, 0.52, 0.99
 0.24, 0.13, 0.52, 0.99
 0.24, 0.13, 0.52, 0.99
 0.24, 0.13, 0.52, 0.99
 0.24, 0.13, 0.52, 0.99
 0.24, 0.13, 0.52, 0.99
 0.24, 0.13, 0.52, 0.99
 0.24, 0.13, 0.52, 0.99
 0.24, 0.13, 0.52, 0.99
 0.24, 0.13, 0.52, 0.99
 0.24, 0.13, 0.52, 0.99
 0.24, 0.13, 0.52, 0.99
 0.24, 0.13, 0.52, 0.99
 0.24, 0.13, 0.52, 0.99
 0.24, 0.13, 0.52, 0.99
 0.24, 0.13, 0.52, 0.99
 0.24, 0.13, 0.52, 0.99
 0.24, 0.13, 0.52, 0.99
 0.24, 0.13, 0.52, 0.99
 0.24, 0.13, 0.52, 0.99
 0.24, 0.13, 0.52, 0.99
 0.24, 0.12, 0.52, 0.99
 0.24, 0.12, 0.52, 0.99
 0.24, 0.12, 0.52, 0.99
 0.24, 0.12, 0.52, 0.99
 0.24, 0.12, 0.52, 0.99
 0.24, 0.12, 0.52, 0.99
 0.24, 0.12, 0.52, 0.99
 0.24, 0.12, 0.52, 0.99
 0.24, 0.12, 0.52, 0.99
 0.24, 0.12, 0.52, 0.99
 0.24, 0.12, 0.52, 0.99
 0.24, 0.12, 0.52, 0.99
 0.24, 0.12, 0.52, 0.99
 0.24, 0.12, 0.52, 0.99
 0.24, 0.12, 0.52, 0.99
 0.24, 0.12, 0.52, 0.99
 0.24, 0.12, 0.52, 0.99
 0.24, 0.12, 0.52, 0.99
 0.24, 0.12, 0.52, 0.99
 0.24, 0.12, 0.52, 0.99
 0.24, 0.12, 0.52, 0.99
 0.24, 0.12, 0.52, 0.99
 0.24, 0.12, 0.52, 0.99
 0.24, 0.12, 0.52, 0.99
 0.24, 0.12, 0.52, 0.99
 0.24, 0.12, 0.52, 0.99
 0.24, 0.12, 0.52, 0.99
 0.24, 0.12, 0.52, 0.99
 0.24, 0.12, 0.52, 0.99
 0.24, 0.12, 0.52, 0.99
 0.24, 0.12, 0.52, 0.99
 0.24, 0.12, 0.52, 0.99
 0.24, 0.12, 0.52, 0.99
 0.24, 0.12, 0.52, 0.99
 0.24, 0.12, 0.52, 0.99
 0.24, 0.12, 0.52, 0.99
 0.24, 0.12, 0.52, 0.99
 0.24, 0.12, 0.52, 0.99
 0.24, 0.12, 0.52, 0.99
 0.24, 0.12, 0.52, 0.99
 0.24, 0.12, 0.52, 0.99
 0.24, 0.12, 0.52, 0.99
 0.24, 0.12, 0.52, 0.99
 0.24, 0.12, 0.52, 0.99
 0.24, 0.12, 0.52, 0.99
 0.24, 0.12, 0.52, 0.99
 0.24, 0.12, 0.52, 0.99
 0.24, 0.12, 0.52, 0.99
 0.24, 0.12, 0.52, 0.99
 0.24, 0.12, 0.52, 0.99
 0.24, 0.12, 0.52, 0.99
 0.24, 0.12, 0.52, 0.99
 0.24, 0.12, 0.52, 0.99
 0.24, 0.12, 0.52, 0.99
 0.24, 0.12, 0.52, 0.99
 0.24, 0.12, 0.52, 0.99
 0.24, 0.12, 0.52, 0.99
 0.24, 0.12, 0.52, 0.99
 0.24, 0.12, 0.52, 0.99
 0.24, 0.12, 0.52, 0.99
 0.24, 0.12, 0.52, 0.99
 0.24, 0.12, 0.52, 0.99
 0.24, 0.12, 0.52, 0.99
 0.24, 0.12, 0.52, 0.99
 0.24, 0.12, 0.52, 0.99
 0.24, 0.12, 0.52, 0.99
 0.24, 0.12, 0.52, 0.99
 0.24, 0.12, 0.52, 0.99
 0.24, 0.12, 0.52, 0.99
 0.24, 0.12, 0.52, 0.99
 0.24, 0.12, 0.52, 0.99
 0.24, 0.12, 0.52, 0.99
 0.24, 0.12, 0.52, 0.99
 0.24, 0.12, 0.52, 0.99
 0.24, 0.12, 0.52, 0.99
 0.24, 0.12, 0.52, 0.99
 0.24, 0.12, 0.52, 0.99
 0.24, 0.12, 0.52, 0.99
 0.24, 0.12, 0.52, 0.99
 0.24, 0.12, 0.52, 0.99
 0.24, 0.12, 0.52, 0.99
 0.24, 0.12, 0.52, 0.99
 0.25, 0.12, 0.52, 0.99
 0.25, 0.12, 0.52, 0.99
 0.25, 0.12, 0.52, 0.99
 0.25, 0.12, 0.52, 0.99
 0.25, 0.12, 0.52, 0.99
 0.25, 0.12, 0.52, 0.99
 0.25, 0.12, 0.52, 0.99
 0.25, 0.12, 0.52, 0.99
 0.25, 0.12, 0.52, 0.99
 0.25, 0.12, 0.52, 0.99
 0.25, 0.12, 0.52, 0.99
 0.25, 0.12, 0.52, 0.99
 0.25, 0.12, 0.52, 0.99
 0.25, 0.12, 0.52, 0.99
 0.25, 0.12, 0.52, 0.99
 0.25, 0.12, 0.52, 0.99
 0.25, 0.12, 0.52, 0.99
 0.25, 0.12, 0.53, 0.99
 0.25, 0.12, 0.53, 0.99
 0.25, 0.12, 0.53, 0.99
 0.25, 0.12, 0.53, 0.99
 0.25, 0.12, 0.53, 0.99
 0.25, 0.12, 0.53, 0.99
 0.25, 0.12, 0.53, 0.99
 0.25, 0.12, 0.53, 0.99
 0.25, 0.12, 0.53, 0.99
 0.25, 0.12, 0.53, 0.99
 0.25, 0.12, 0.53, 0.99
 0.25, 0.12, 0.53, 0.99
 0.25, 0.12, 0.53, 0.99
 0.25, 0.12, 0.53, 0.99
 0.25, 0.12, 0.53, 0.99
 0.25, 0.12, 0.53, 0.99
 0.25, 0.12, 0.53, 0.99
 0.25, 0.12, 0.53, 0.99
 0.25, 0.12, 0.53, 0.99
 0.25, 0.12, 0.53, 0.99
 0.25, 0.11, 0.53, 0.99
 0.25, 0.11, 0.53, 0.99
 0.25, 0.11, 0.53, 0.99
 0.25, 0.11, 0.53, 0.99
 0.25, 0.11, 0.53, 0.99
 0.25, 0.11, 0.53, 0.99
 0.25, 0.11, 0.53, 0.99
 0.25, 0.11, 0.53, 0.99
 0.25, 0.11, 0.53, 0.99
 0.25, 0.11, 0.53, 0.99
 0.25, 0.11, 0.53, 0.99
 0.25, 0.11, 0.53, 0.99
 0.25, 0.11, 0.53, 0.99
 0.25, 0.11, 0.53, 0.99
 0.25, 0.11, 0.53, 0.99
 0.25, 0.11, 0.53, 0.99
 0.25, 0.11, 0.53, 0.99
 0.25, 0.11, 0.53, 0.99
 0.25, 0.11, 0.53, 0.99
 0.25, 0.11, 0.53, 0.99
 0.25, 0.11, 0.53, 0.99
 0.25, 0.11, 0.53, 0.99
 0.25, 0.11, 0.53, 0.99
 0.25, 0.11, 0.53, 0.99
 0.25, 0.11, 0.53, 0.99
 0.25, 0.11, 0.53, 0.99
 0.25, 0.11, 0.53, 0.99
 0.25, 0.11, 0.53, 0.99
 0.25, 0.11, 0.53, 0.99
 0.25, 0.11, 0.53, 0.99
 0.25, 0.11, 0.53, 0.99
 0.25, 0.11, 0.53, 0.99
 0.25, 0.11, 0.53, 0.99
 0.25, 0.11, 0.53, 0.99
 0.25, 0.11, 0.53, 0.99
 0.25, 0.11, 0.53, 0.99
 0.25, 0.11, 0.53, 0.99
 0.25, 0.11, 0.53, 0.99
 0.25, 0.11, 0.53, 0.99
 0.25, 0.11, 0.53, 0.99
 0.25, 0.11, 0.53, 0.99
 0.25, 0.11, 0.53, 0.99
 0.25, 0.11, 0.53, 0.99
 0.25, 0.11, 0.53, 0.99
 0.25, 0.11, 0.53, 0.99
 0.25, 0.11, 0.53, 0.99
 0.25, 0.11, 0.53, 0.99
 0.25, 0.11, 0.53, 0.99
 0.25, 0.11, 0.53, 0.99
 0.25, 0.11, 0.53, 0.99
 0.25, 0.11, 0.53, 0.99
 0.25, 0.11, 0.53, 0.99
 0.25, 0.11, 0.53, 0.99
 0.25, 0.11, 0.53, 0.99
 0.25, 0.11, 0.53, 0.99
 0.25, 0.11, 0.53, 0.99
 0.25, 0.11, 0.53, 0.99
 0.25, 0.11, 0.53, 0.99
 0.25, 0.11, 0.53, 0.99
 0.25, 0.11, 0.53, 0.99
 0.25, 0.11, 0.53, 0.99
 0.25, 0.11, 0.53, 0.99
 0.25, 0.11, 0.53, 0.99
 0.25, 0.11, 0.53, 0.99
 0.25, 0.11, 0.53, 0.99
 0.25, 0.11, 0.53, 0.99
 0.25, 0.11, 0.53, 0.99
 0.25, 0.11, 0.53, 0.99
 0.25, 0.11, 0.53, 0.99
 0.25, 0.11, 0.53, 0.99
 0.25, 0.11, 0.53, 0.99
 0.25, 0.11, 0.53, 0.99
 0.25, 0.11, 0.53, 0.99
 0.25, 0.11, 0.53, 0.99
 0.25, 0.11, 0.53, 0.99
 0.25, 0.11, 0.53, 0.99
 0.25, 0.11, 0.53, 0.99
 0.25, 0.11, 0.53, 0.99
 0.25, 0.11, 0.53, 0.99
 0.25, 0.11, 0.53, 0.99
 0.25, 0.11, 0.53, 0.99
 0.25, 0.11, 0.53, 0.99
 0.25, 0.11, 0.53, 0.99
 0.25, 0.11, 0.53, 0.99
 0.25, 0.11, 0.53, 0.99
 0.25, 0.11, 0.53, 0.99
 0.25, 0.11, 0.53, 0.99
 0.25, 0.11, 0.53, 0.99
 0.25, 0.11, 0.53, 0.99
 0.25, 0.11, 0.53, 0.99
 0.25, 0.11, 0.53, 0.99
 0.25, 0.11, 0.53, 0.99
 0.25, 0.11, 0.53, 0.99
 0.25, 0.11, 0.53, 0.99
 0.25, 0.11, 0.53, 0.99
 0.25, 0.11, 0.53, 0.99
 0.25, 0.11, 0.53, 0.99
 0.25, 0.11, 0.53, 0.99
 0.25, 0.11, 0.53, 0.99
 0.25, 0.11, 0.53, 0.99
 0.25, 0.11, 0.53, 0.99
 0.25, 0.11, 0.53, 0.99
 0.25, 0.11, 0.53, 0.99
 0.25, 0.11, 0.53, 0.99
 0.25, 0.11, 0.53, 0.99
 0.25, 0.11, 0.53, 0.99
 0.25, 0.11, 0.53, 0.99
 0.25, 0.11, 0.53, 0.99
 0.25, 0.11, 0.53, 0.99
 0.25, 0.11, 0.53, 0.99
 0.25, 0.11, 0.53, 0.99
 0.25, 0.11, 0.53, 0.99
 0.25, 0.11, 0.53, 0.99
 0.25, 0.11, 0.53, 0.99
 0.25, 0.11, 0.53, 0.99
 0.25, 0.11, 0.53, 0.99
 0.25, 0.11, 0.53, 0.99
 0.25, 0.11, 0.53, 0.99
 0.25, 0.11, 0.53, 0.99
 0.25, 0.11, 0.53, 0.99
 0.25, 0.11, 0.53, 0.99
 0.25, 0.11, 0.53, 0.99
 0.25, 0.11, 0.53, 0.99
 0.25, 0.11, 0.53, 0.99
 0.25, 0.11, 0.53, 0.99
 0.25, 0.11, 0.53, 0.99
 0.25, 0.11, 0.53, 0.99
 0.25, 0.11, 0.53, 0.99
 0.25, 0.11, 0.53, 0.99
 0.25, 0.11, 0.53, 0.99
 0.25, 0.11, 0.53, 0.99
 0.25, 0.10, 0.53, 0.99
 0.25, 0.10, 0.53, 0.99
 0.25, 0.10, 0.53, 0.99
 0.25, 0.10, 0.53, 0.99
 0.25, 0.10, 0.53, 0.99
 0.25, 0.10, 0.53, 0.99
 0.25, 0.10, 0.53, 0.99
 0.25, 0.10, 0.53, 0.99
 0.25, 0.10, 0.53, 0.99
 0.25, 0.10, 0.53, 0.99
 0.25, 0.10, 0.53, 0.99
 0.25, 0.10, 0.53, 0.99
 0.25, 0.10, 0.53, 0.99
 0.25, 0.10, 0.53, 0.99
 0.25, 0.10, 0.53, 0.99
 0.25, 0.10, 0.53, 0.99
 0.25, 0.10, 0.53, 0.99
 0.25, 0.10, 0.53, 0.99
 0.25, 0.10, 0.53, 0.99
 0.25, 0.10, 0.53, 0.99
 0.25, 0.10, 0.53, 0.99
 0.25, 0.10, 0.53, 0.99
 0.25, 0.10, 0.53, 0.99
 0.25, 0.10, 0.53, 0.99
 0.25, 0.10, 0.53, 0.99
 0.25, 0.10, 0.53, 0.99
 0.25, 0.10, 0.53, 0.99
 0.25, 0.10, 0.53, 0.99
 0.25, 0.10, 0.53, 0.99
 0.25, 0.10, 0.53, 0.99
 0.25, 0.10, 0.53, 0.99
 0.25, 0.10, 0.53, 0.99
 0.25, 0.10, 0.53, 0.99
 0.25, 0.10, 0.53, 0.99
 0.25, 0.10, 0.53, 0.99
 0.25, 0.10, 0.54, 0.99
 0.25, 0.10, 0.54, 0.99
 0.25, 0.10, 0.54, 0.99
 0.25, 0.10, 0.54, 0.99
 0.25, 0.10, 0.54, 0.99
 0.25, 0.10, 0.54, 0.99
 0.25, 0.10, 0.54, 0.99
 0.25, 0.10, 0.54, 0.99
 0.25, 0.10, 0.54, 0.99
 0.25, 0.10, 0.54, 0.99
 0.25, 0.10, 0.54, 0.99
 0.25, 0.10, 0.54, 0.99
 0.25, 0.10, 0.54, 0.99
 0.25, 0.10, 0.54, 0.99
 0.25, 0.10, 0.54, 0.99
 0.25, 0.10, 0.54, 0.99
 0.25, 0.10, 0.54, 0.99
 0.25, 0.10, 0.54, 0.99
 0.25, 0.10, 0.54, 0.99
 0.25, 0.10, 0.54, 0.99
 0.25, 0.10, 0.54, 0.99
 0.25, 0.10, 0.54, 0.99
 0.25, 0.10, 0.54, 0.99
 0.25, 0.10, 0.54, 0.99
 0.25, 0.10, 0.54, 0.99
 0.25, 0.10, 0.54, 0.99
 0.25, 0.10, 0.54, 0.99
 0.25, 0.10, 0.54, 0.99
 0.25, 0.10, 0.54, 0.99
 0.25, 0.10, 0.54, 0.99
 0.25, 0.10, 0.54, 0.99
 0.25, 0.10, 0.54, 0.99
 0.25, 0.10, 0.54, 0.99
 0.25, 0.10, 0.54, 0.99
 0.25, 0.10, 0.54, 0.99
 0.25, 0.10, 0.54, 0.99
 0.25, 0.10, 0.54, 0.99
 0.25, 0.10, 0.54, 0.99
 0.25, 0.10, 0.54, 0.99
 0.25, 0.10, 0.54, 0.99
 0.25, 0.10, 0.54, 0.99
 0.25, 0.10, 0.54, 0.99
 0.25, 0.10, 0.54, 0.99
 0.25, 0.10, 0.54, 0.99
 0.25, 0.10, 0.54, 0.99
 0.25, 0.10, 0.54, 0.99
 0.25, 0.10, 0.54, 0.99
 0.25, 0.10, 0.54, 0.99
 0.25, 0.10, 0.54, 0.99
 0.25, 0.10, 0.54, 0.99
 0.25, 0.10, 0.54, 0.99
 0.25, 0.10, 0.54, 0.99
 0.25, 0.10, 0.54, 0.99
 0.25, 0.10, 0.54, 0.99
 0.25, 0.10, 0.54, 0.99
 0.25, 0.10, 0.54, 0.99
 0.25, 0.10, 0.54, 0.99
 0.25, 0.10, 0.54, 0.99
 0.25, 0.10, 0.54, 0.99
 0.25, 0.10, 0.54, 0.99
 0.25, 0.10, 0.54, 0.99
 0.25, 0.10, 0.54, 0.99
 0.25, 0.10, 0.54, 0.99
 0.25, 0.10, 0.54, 0.99
 0.25, 0.10, 0.54, 0.99
 0.25, 0.10, 0.54, 0.99
 0.25, 0.10, 0.54, 0.99
 0.25, 0.10, 0.54, 0.99
 0.25, 0.10, 0.54, 0.99
 0.25, 0.10, 0.54, 0.99
 0.25, 0.10, 0.54, 0.99
 0.25, 0.10, 0.54, 0.99
 0.25, 0.10, 0.54, 0.99
 0.25, 0.10, 0.54, 0.99
 0.25, 0.10, 0.54, 0.99
 0.25, 0.10, 0.54, 0.99
 0.25, 0.10, 0.54, 0.99
 0.25, 0.10, 0.54, 0.99
 0.25, 0.10, 0.54, 0.99
 0.25, 0.10, 0.54, 0.99
 0.25, 0.10, 0.54, 0.99
 0.25, 0.10, 0.54, 0.99
 0.25, 0.10, 0.54, 0.99
 0.25, 0.10, 0.54, 0.99
 0.25, 0.10, 0.54, 0.99
 0.25, 0.10, 0.54, 0.99
 0.25, 0.10, 0.54, 0.99
 0.25, 0.10, 0.54, 0.99
 0.25, 0.10, 0.54, 0.99
 0.25, 0.10, 0.54, 0.99
 0.25, 0.10, 0.54, 0.99
 0.25, 0.10, 0.54, 0.99
 0.25, 0.10, 0.54, 0.99
 0.25, 0.10, 0.54, 0.99
 0.25, 0.10, 0.54, 0.99
 0.25, 0.10, 0.54, 0.99
 0.25, 0.10, 0.54, 0.99
 0.25, 0.10, 0.54, 0.99
 0.25, 0.10, 0.54, 0.99
 0.25, 0.10, 0.54, 0.99
 0.25, 0.10, 0.54, 0.99
 0.25, 0.10, 0.54, 0.99
 0.25, 0.10, 0.54, 0.99
 0.25, 0.10, 0.54, 0.99
 0.25, 0.10, 0.54, 0.99
 0.25, 0.10, 0.54, 0.99
 0.25, 0.10, 0.54, 0.99
 0.25, 0.10, 0.54, 0.99
 0.25, 0.09, 0.54, 0.99
 0.25, 0.09, 0.54, 0.99
 0.25, 0.09, 0.54, 0.99
 0.25, 0.09, 0.54, 0.99
 0.25, 0.09, 0.54, 0.99
 0.25, 0.09, 0.54, 0.99
 0.25, 0.09, 0.54, 0.99
 0.25, 0.09, 0.54, 0.99
 0.25, 0.09, 0.54, 0.99
 0.25, 0.09, 0.54, 0.99
 0.25, 0.09, 0.54, 0.99
 0.25, 0.09, 0.54, 0.99
 0.25, 0.09, 0.54, 0.99
 0.25, 0.09, 0.54, 0.99
 0.25, 0.09, 0.54, 0.99
 0.25, 0.09, 0.54, 0.99
 0.25, 0.09, 0.54, 0.99
 0.25, 0.09, 0.54, 0.99
 0.25, 0.09, 0.54, 0.99
 0.25, 0.09, 0.54, 0.99
 0.25, 0.09, 0.54, 0.99
 0.25, 0.09, 0.54, 0.99
 0.25, 0.09, 0.54, 0.99
 0.25, 0.09, 0.54, 0.99
 0.25, 0.09, 0.54, 0.99
 0.25, 0.09, 0.54, 0.99
 0.25, 0.09, 0.54, 0.99
 0.25, 0.09, 0.54, 0.99
 0.25, 0.09, 0.54, 0.99
 0.25, 0.09, 0.54, 0.99
 0.25, 0.09, 0.54, 0.99
 0.25, 0.09, 0.54, 0.99
 0.25, 0.09, 0.54, 0.99
 0.25, 0.09, 0.54, 0.99
 0.25, 0.09, 0.54, 0.99
 0.25, 0.09, 0.54, 0.99
 0.25, 0.09, 0.54, 0.99
 0.25, 0.09, 0.54, 0.99
 0.25, 0.09, 0.54, 0.99
 0.25, 0.09, 0.54, 0.99
 0.25, 0.09, 0.54, 0.99
 0.25, 0.09, 0.54, 0.99
 0.25, 0.09, 0.54, 0.99
 0.25, 0.09, 0.54, 0.99
 0.25, 0.09, 0.54, 0.99
 0.25, 0.09, 0.54, 0.99
 0.25, 0.09, 0.54, 0.99
 0.25, 0.09, 0.54, 0.99
 0.25, 0.09, 0.54, 0.99
 0.25, 0.09, 0.54, 0.99
 0.25, 0.09, 0.54, 0.99
 0.25, 0.09, 0.54, 0.99
 0.25, 0.09, 0.54, 0.99
 0.25, 0.09, 0.55, 0.99
 0.25, 0.09, 0.55, 0.99
 0.25, 0.09, 0.55, 0.99
 0.25, 0.09, 0.55, 0.99
 0.25, 0.09, 0.55, 0.99
 0.25, 0.09, 0.55, 0.99
 0.25, 0.09, 0.55, 0.99
 0.25, 0.09, 0.55, 0.99
 0.25, 0.09, 0.55, 0.99
 0.25, 0.09, 0.55, 0.99
 0.25, 0.09, 0.55, 0.99
 0.25, 0.09, 0.55, 0.99
 0.25, 0.09, 0.55, 0.99
 0.25, 0.09, 0.55, 0.99
 0.25, 0.09, 0.55, 0.99
 0.25, 0.09, 0.55, 0.99
 0.25, 0.09, 0.55, 0.99
 0.25, 0.09, 0.55, 0.99
 0.25, 0.09, 0.55, 0.99
 0.25, 0.09, 0.55, 0.99
 0.25, 0.09, 0.55, 0.99
 0.25, 0.09, 0.55, 0.99
 0.25, 0.09, 0.55, 0.99
 0.25, 0.09, 0.55, 0.99
 0.25, 0.09, 0.55, 0.99
 0.25, 0.09, 0.55, 0.99
 0.25, 0.09, 0.55, 0.99
 0.25, 0.09, 0.55, 0.99
 0.25, 0.09, 0.55, 0.99
 0.25, 0.09, 0.55, 0.99
 0.25, 0.09, 0.55, 0.99
 0.25, 0.09, 0.55, 0.99
 0.25, 0.09, 0.55, 0.99
 0.25, 0.09, 0.55, 0.99
 0.25, 0.09, 0.55, 0.99
 0.25, 0.09, 0.55, 0.99
 0.25, 0.09, 0.55, 0.99
 0.25, 0.09, 0.55, 0.99
 0.25, 0.09, 0.55, 0.99
 0.25, 0.09, 0.55, 0.99
 0.25, 0.09, 0.55, 0.99
 0.25, 0.09, 0.55, 0.99
 0.25, 0.09, 0.55, 0.99
 0.25, 0.09, 0.55, 0.99
 0.25, 0.09, 0.55, 0.99
 0.25, 0.09, 0.55, 0.99
 0.25, 0.09, 0.55, 0.99
 0.25, 0.09, 0.55, 0.99
 0.25, 0.09, 0.55, 0.99
 0.25, 0.09, 0.55, 0.99
 0.25, 0.09, 0.55, 0.99
 0.25, 0.09, 0.55, 1.00
 0.25, 0.09, 0.55, 1.00
 0.25, 0.09, 0.55, 1.00
 0.25, 0.09, 0.55, 1.00
 0.25, 0.09, 0.55, 1.00
 0.25, 0.09, 0.55, 1.00
 0.25, 0.09, 0.55, 1.00
 0.25, 0.09, 0.55, 1.00
 0.25, 0.09, 0.55, 1.00
 0.25, 0.09, 0.55, 1.00
 0.25, 0.09, 0.55, 1.00
 0.25, 0.09, 0.55, 1.00
 0.25, 0.09, 0.55, 1.00
 0.25, 0.09, 0.55, 1.00
 0.25, 0.09, 0.55, 1.00
 0.25, 0.09, 0.55, 1.00
 0.25, 0.09, 0.55, 1.00
 0.25, 0.09, 0.55, 1.00
 0.25, 0.09, 0.55, 1.00
 0.25, 0.09, 0.55, 1.00
 0.25, 0.09, 0.55, 1.00
 0.25, 0.09, 0.55, 1.00
 0.25, 0.09, 0.55, 1.00
 0.25, 0.09, 0.55, 1.00
 0.25, 0.09, 0.55, 1.00
 0.25, 0.09, 0.55, 1.00
 0.25, 0.09, 0.55, 1.00
 0.25, 0.09, 0.55, 1.00
 0.25, 0.09, 0.55, 1.00
 0.25, 0.09, 0.55, 1.00
 0.25, 0.09, 0.55, 1.00
 0.25, 0.09, 0.55, 1.00
 0.25, 0.09, 0.55, 1.00
 0.25, 0.09, 0.55, 1.00
 0.25, 0.09, 0.55, 1.00
 0.25, 0.09, 0.55, 1.00
 0.25, 0.09, 0.55, 1.00
 0.25, 0.09, 0.55, 1.00
 0.25, 0.09, 0.55, 1.00
 0.25, 0.09, 0.55, 1.00
 0.25, 0.09, 0.55, 1.00
 0.25, 0.09, 0.55, 1.00
 0.25, 0.09, 0.55, 1.00
 0.25, 0.09, 0.55, 1.00
 0.25, 0.09, 0.55, 1.00
 0.25, 0.09, 0.55, 1.00
 0.25, 0.09, 0.55, 1.00
 0.25, 0.09, 0.55, 1.00
 0.25, 0.09, 0.55, 1.00
 0.25, 0.09, 0.55, 1.00
 0.25, 0.09, 0.55, 1.00
 0.25, 0.09, 0.55, 1.00
 0.25, 0.09, 0.55, 1.00
 0.25, 0.09, 0.55, 1.00
 0.25, 0.09, 0.55, 1.00
 0.25, 0.08, 0.55, 1.00
 0.25, 0.08, 0.55, 1.00
 0.25, 0.08, 0.55, 1.00
 0.25, 0.08, 0.55, 1.00
 0.25, 0.08, 0.55, 1.00
 0.25, 0.08, 0.55, 1.00
 0.25, 0.08, 0.55, 1.00
 0.25, 0.08, 0.55, 1.00
 0.25, 0.08, 0.55, 1.00
 0.25, 0.08, 0.55, 1.00
 0.25, 0.08, 0.55, 1.00
 0.25, 0.08, 0.55, 1.00
 0.25, 0.08, 0.55, 1.00
 0.25, 0.08, 0.55, 1.00
 0.25, 0.08, 0.55, 1.00
 0.25, 0.08, 0.55, 1.00
 0.25, 0.08, 0.55, 1.00
 0.25, 0.08, 0.55, 1.00
 0.25, 0.08, 0.55, 1.00
 0.25, 0.08, 0.55, 1.00
 0.25, 0.08, 0.55, 1.00
 0.25, 0.08, 0.55, 1.00
 0.25, 0.08, 0.55, 1.00
 0.25, 0.08, 0.55, 1.00
 0.25, 0.08, 0.55, 1.00
 0.25, 0.08, 0.55, 1.00
 0.25, 0.08, 0.55, 1.00
 0.25, 0.08, 0.55, 1.00
 0.25, 0.08, 0.55, 1.00
 0.25, 0.08, 0.55, 1.00
 0.25, 0.08, 0.55, 1.00
 0.25, 0.08, 0.55, 1.00
 0.25, 0.08, 0.55, 1.00
 0.25, 0.08, 0.55, 1.00
 0.25, 0.08, 0.55, 1.00
 0.25, 0.08, 0.55, 1.00
 0.25, 0.08, 0.55, 1.00
 0.25, 0.08, 0.55, 1.00
 0.25, 0.08, 0.55, 1.00
 0.25, 0.08, 0.55, 1.00
 0.25, 0.08, 0.55, 1.00
 0.25, 0.08, 0.55, 1.00
 0.25, 0.08, 0.56, 1.00
 0.25, 0.08, 0.56, 1.00
 0.25, 0.08, 0.56, 1.00
 0.25, 0.08, 0.56, 1.00
 0.25, 0.08, 0.56, 1.00
 0.25, 0.08, 0.56, 1.00
 0.25, 0.08, 0.56, 1.00
 0.25, 0.08, 0.56, 1.00
 0.25, 0.08, 0.56, 1.00
 0.25, 0.08, 0.56, 1.00
 0.25, 0.08, 0.56, 1.00
 0.25, 0.08, 0.56, 1.00
 0.25, 0.08, 0.56, 1.00
 0.25, 0.08, 0.56, 1.00
 0.25, 0.08, 0.56, 1.00
 0.25, 0.08, 0.56, 1.00
 0.25, 0.08, 0.56, 1.00
 0.25, 0.08, 0.56, 1.00
 0.25, 0.08, 0.56, 1.00
 0.25, 0.08, 0.56, 1.00
 0.25, 0.08, 0.56, 1.00
 0.25, 0.08, 0.56, 1.00
 0.25, 0.08, 0.56, 1.00
 0.25, 0.08, 0.56, 1.00
 0.25, 0.08, 0.56, 1.00
 0.25, 0.08, 0.56, 1.00
 0.25, 0.08, 0.56, 1.00
 0.25, 0.08, 0.56, 1.00
 0.25, 0.08, 0.56, 1.00
 0.25, 0.08, 0.56, 1.00
 0.25, 0.08, 0.56, 1.00
 0.25, 0.08, 0.56, 1.00
 0.25, 0.08, 0.56, 1.00
 0.25, 0.08, 0.56, 1.00
 0.25, 0.08, 0.56, 1.00
 0.25, 0.08, 0.56, 1.00
 0.25, 0.08, 0.56, 1.00
 0.25, 0.08, 0.56, 1.00
 0.25, 0.08, 0.56, 1.00
 0.25, 0.08, 0.56, 1.00
 0.25, 0.08, 0.56, 1.00
 0.25, 0.08, 0.56, 1.00
 0.25, 0.08, 0.56, 1.00
 0.25, 0.08, 0.56, 1.00
 0.25, 0.08, 0.56, 1.00
 0.25, 0.08, 0.56, 1.00
 0.25, 0.08, 0.56, 1.00
 0.25, 0.08, 0.56, 1.00
 0.25, 0.08, 0.56, 1.00
 0.25, 0.08, 0.56, 1.00
 0.25, 0.08, 0.56, 1.00
 0.25, 0.08, 0.56, 1.00
 0.25, 0.08, 0.56, 1.00
 0.25, 0.08, 0.56, 1.00
 0.25, 0.08, 0.56, 1.00
 0.25, 0.08, 0.56, 1.00
 0.25, 0.08, 0.56, 1.00
 0.25, 0.08, 0.56, 1.00
 0.25, 0.08, 0.56, 1.00
 0.25, 0.08, 0.56, 1.00
 0.25, 0.08, 0.56, 1.00
 0.25, 0.08, 0.56, 1.00
 0.25, 0.08, 0.56, 1.00
 0.25, 0.08, 0.56, 1.00
 0.25, 0.08, 0.56, 1.00
 0.25, 0.08, 0.56, 1.00
 0.25, 0.08, 0.56, 1.00
 0.25, 0.08, 0.56, 1.00
 0.25, 0.08, 0.56, 1.00
 0.25, 0.08, 0.56, 1.00
 0.25, 0.08, 0.56, 1.00
 0.25, 0.08, 0.56, 1.00
 0.25, 0.08, 0.56, 1.00
 0.25, 0.08, 0.56, 1.00
 0.25, 0.08, 0.56, 1.00
 0.25, 0.08, 0.56, 1.00
 0.25, 0.08, 0.56, 1.00
 0.25, 0.08, 0.56, 1.00
 0.25, 0.08, 0.56, 1.00
 0.25, 0.08, 0.56, 1.00
 0.25, 0.08, 0.56, 1.00
 0.25, 0.08, 0.56, 1.00
 0.25, 0.08, 0.56, 1.00
 0.25, 0.08, 0.56, 1.00
 0.25, 0.08, 0.56, 1.00
 0.25, 0.08, 0.56, 1.00
 0.25, 0.08, 0.56, 1.00
 0.25, 0.08, 0.56, 1.00
 0.25, 0.08, 0.56, 1.00
 0.25, 0.08, 0.56, 1.00
 0.25, 0.08, 0.56, 1.00
 0.25, 0.08, 0.56, 1.00
 0.25, 0.08, 0.56, 1.00
 0.25, 0.08, 0.56, 1.00
 0.25, 0.08, 0.56, 1.00
 0.25, 0.08, 0.56, 1.00
 0.25, 0.08, 0.56, 1.00
 0.25, 0.08, 0.56, 1.00
 0.25, 0.08, 0.56, 1.00
 0.25, 0.08, 0.56, 1.00
 0.25, 0.08, 0.56, 1.00
 0.25, 0.08, 0.56, 1.00
 0.25, 0.08, 0.56, 1.00
 0.25, 0.08, 0.56, 1.00
 0.25, 0.08, 0.56, 1.00
 0.25, 0.08, 0.56, 1.00
 0.25, 0.08, 0.56, 1.00
 0.25, 0.08, 0.56, 1.00
 0.25, 0.08, 0.56, 1.00
 0.25, 0.08, 0.56, 1.00
 0.25, 0.08, 0.56, 1.00
 0.25, 0.08, 0.56, 1.00
 0.25, 0.08, 0.56, 1.00
 0.25, 0.08, 0.56, 1.00
 0.25, 0.08, 0.56, 1.00
 0.25, 0.08, 0.56, 1.00
 0.25, 0.08, 0.56, 1.00
 0.25, 0.08, 0.56, 1.00
 0.25, 0.08, 0.56, 1.00
 0.25, 0.08, 0.56, 1.00
 0.25, 0.08, 0.56, 1.00
 0.26, 0.08, 0.56, 1.00
 0.26, 0.08, 0.56, 1.00
 0.26, 0.08, 0.56, 1.00
 0.26, 0.08, 0.56, 1.00
 0.26, 0.08, 0.56, 1.00
 0.26, 0.08, 0.56, 1.00
 0.26, 0.08, 0.56, 1.00
 0.26, 0.08, 0.56, 1.00
 0.26, 0.08, 0.56, 1.00
 0.26, 0.08, 0.56, 1.00
 0.26, 0.08, 0.56, 1.00
 0.26, 0.08, 0.56, 1.00
 0.26, 0.08, 0.56, 1.00
 0.26, 0.08, 0.56, 1.00
 0.26, 0.08, 0.56, 1.00
 0.26, 0.08, 0.57, 1.00
 0.26, 0.08, 0.57, 1.00
 0.26, 0.07, 0.57, 1.00
 0.26, 0.07, 0.57, 1.00
 0.26, 0.07, 0.57, 1.00
 0.26, 0.07, 0.57, 1.00
 0.26, 0.07, 0.57, 1.00
 0.26, 0.07, 0.57, 1.00
 0.26, 0.07, 0.57, 1.00
 0.26, 0.07, 0.57, 1.00
 0.26, 0.07, 0.57, 1.00
 0.26, 0.07, 0.57, 1.00
 0.26, 0.07, 0.57, 1.00
 0.26, 0.07, 0.57, 1.00
 0.26, 0.07, 0.57, 1.00
 0.26, 0.07, 0.57, 1.00
 0.26, 0.07, 0.57, 1.00
 0.26, 0.07, 0.57, 1.00
 0.26, 0.07, 0.57, 1.00
 0.26, 0.07, 0.57, 1.00
 0.26, 0.07, 0.57, 1.00
 0.26, 0.07, 0.57, 1.00
 0.26, 0.07, 0.57, 1.00
 0.26, 0.07, 0.57, 1.00
 0.26, 0.07, 0.57, 1.00
 0.26, 0.07, 0.57, 1.00
 0.26, 0.07, 0.57, 1.00
 0.26, 0.07, 0.57, 1.00
 0.26, 0.07, 0.57, 1.00
 0.26, 0.07, 0.57, 1.00
 0.26, 0.07, 0.57, 1.00
 0.26, 0.07, 0.57, 1.00
 0.26, 0.07, 0.57, 1.00
 0.26, 0.07, 0.57, 1.00
 0.26, 0.07, 0.57, 1.00
 0.26, 0.07, 0.57, 1.00
 0.26, 0.07, 0.57, 1.00
 0.26, 0.07, 0.57, 1.00
 0.26, 0.07, 0.57, 1.00
 0.26, 0.07, 0.57, 1.00
 0.26, 0.07, 0.57, 1.00
 0.26, 0.07, 0.57, 1.00
 0.26, 0.07, 0.57, 1.00
 0.26, 0.07, 0.57, 1.00
 0.26, 0.07, 0.57, 1.00
 0.26, 0.07, 0.57, 1.00
 0.26, 0.07, 0.57, 1.00
 0.26, 0.07, 0.57, 1.00
 0.26, 0.07, 0.57, 1.00
 0.26, 0.07, 0.57, 1.00
 0.26, 0.07, 0.57, 1.00
 0.26, 0.07, 0.57, 1.00
 0.26, 0.07, 0.57, 1.00
 0.26, 0.07, 0.57, 1.00
 0.26, 0.07, 0.57, 1.00
 0.26, 0.07, 0.57, 1.00
 0.26, 0.07, 0.57, 1.00
 0.26, 0.07, 0.57, 1.00
 0.26, 0.07, 0.57, 1.00
 0.26, 0.07, 0.57, 1.00
 0.26, 0.07, 0.57, 1.00
 0.26, 0.07, 0.57, 1.00
 0.26, 0.07, 0.57, 1.00
 0.26, 0.07, 0.57, 1.00
 0.26, 0.07, 0.57, 1.00
 0.26, 0.07, 0.57, 1.00
 0.26, 0.07, 0.57, 1.00
 0.26, 0.07, 0.57, 1.00
 0.26, 0.07, 0.57, 1.00
 0.26, 0.07, 0.57, 1.00
 0.26, 0.07, 0.57, 1.00
 0.26, 0.07, 0.57, 1.00
 0.26, 0.07, 0.57, 1.00
 0.26, 0.07, 0.57, 1.00
 0.26, 0.07, 0.57, 1.00
 0.26, 0.07, 0.57, 1.00
 0.26, 0.07, 0.57, 1.00
 0.26, 0.07, 0.57, 1.00
 0.26, 0.07, 0.57, 1.00
 0.26, 0.07, 0.57, 1.00
 0.26, 0.07, 0.57, 1.00
 0.26, 0.07, 0.57, 1.00
 0.26, 0.07, 0.57, 1.00
 0.26, 0.07, 0.57, 1.00
 0.26, 0.07, 0.57, 1.00
 0.26, 0.07, 0.57, 1.00
 0.26, 0.07, 0.57, 1.00
 0.26, 0.07, 0.57, 1.00
 0.26, 0.07, 0.57, 1.00
 0.26, 0.07, 0.57, 1.00
 0.26, 0.07, 0.57, 1.00
 0.26, 0.07, 0.57, 1.00
 0.26, 0.07, 0.57, 1.00
 0.26, 0.07, 0.57, 1.00
 0.26, 0.07, 0.57, 1.00
 0.26, 0.07, 0.57, 1.00
 0.26, 0.07, 0.57, 1.00
 0.26, 0.07, 0.57, 1.00
 0.26, 0.07, 0.57, 1.00
 0.26, 0.07, 0.57, 1.00
 0.26, 0.07, 0.57, 1.00
 0.26, 0.07, 0.57, 1.00
 0.26, 0.07, 0.57, 1.00
 0.26, 0.07, 0.57, 1.00
 0.26, 0.07, 0.57, 1.00
 0.26, 0.07, 0.57, 1.00
 0.26, 0.07, 0.57, 1.00
 0.26, 0.07, 0.57, 1.00
 0.26, 0.07, 0.57, 1.00
 0.26, 0.07, 0.57, 1.00
 0.26, 0.07, 0.57, 1.00
 0.26, 0.07, 0.57, 1.00
 0.26, 0.07, 0.57, 1.00
 0.26, 0.07, 0.57, 1.00
 0.26, 0.07, 0.57, 1.00
 0.26, 0.07, 0.57, 1.00
 0.26, 0.07, 0.57, 1.00
 0.26, 0.07, 0.57, 1.00
 0.26, 0.07, 0.57, 1.00
 0.26, 0.07, 0.57, 1.00
 0.26, 0.07, 0.57, 1.00
 0.26, 0.07, 0.57, 1.00
 0.26, 0.07, 0.57, 1.00
 0.26, 0.07, 0.57, 1.00
 0.26, 0.07, 0.57, 1.00
 0.26, 0.07, 0.57, 1.00
 0.26, 0.07, 0.57, 1.00
 0.26, 0.07, 0.57, 1.00
 0.26, 0.07, 0.57, 1.00
 0.26, 0.07, 0.57, 1.00
 0.26, 0.07, 0.57, 1.00
 0.26, 0.07, 0.58, 1.00
 0.26, 0.07, 0.58, 1.00
 0.26, 0.07, 0.58, 1.00
 0.26, 0.07, 0.58, 1.00
 0.26, 0.07, 0.58, 1.00
 0.26, 0.07, 0.58, 1.00
 0.26, 0.07, 0.58, 1.00
 0.26, 0.07, 0.58, 1.00
 0.26, 0.07, 0.58, 1.00
 0.26, 0.07, 0.58, 1.00
 0.26, 0.07, 0.58, 1.00
 0.26, 0.07, 0.58, 1.00
 0.26, 0.07, 0.58, 1.00
 0.26, 0.07, 0.58, 1.00
 0.26, 0.07, 0.58, 1.00
 0.26, 0.07, 0.58, 1.00
 0.26, 0.07, 0.58, 1.00
 0.26, 0.07, 0.58, 1.00
 0.26, 0.07, 0.58, 1.00
 0.26, 0.07, 0.58, 1.00
 0.26, 0.07, 0.58, 1.00
 0.26, 0.07, 0.58, 1.00
 0.26, 0.07, 0.58, 1.00
 0.26, 0.07, 0.58, 1.00
 0.26, 0.07, 0.58, 1.00
 0.26, 0.07, 0.58, 1.00
 0.26, 0.07, 0.58, 1.00
 0.26, 0.07, 0.58, 1.00
 0.26, 0.07, 0.58, 1.00
 0.26, 0.07, 0.58, 1.00
 0.26, 0.07, 0.58, 1.00
 0.26, 0.07, 0.58, 1.00
 0.26, 0.07, 0.58, 1.00
 0.26, 0.07, 0.58, 1.00
 0.26, 0.07, 0.58, 1.00
 0.26, 0.07, 0.58, 1.00
 0.26, 0.07, 0.58, 1.00
 0.26, 0.07, 0.58, 1.00
 0.26, 0.07, 0.58, 1.00
 0.26, 0.07, 0.58, 1.00
 0.26, 0.07, 0.58, 1.00
 0.26, 0.07, 0.58, 1.00
 0.26, 0.07, 0.58, 1.00
 0.26, 0.07, 0.58, 1.00
 0.26, 0.07, 0.58, 1.00
 0.26, 0.07, 0.58, 1.00
 0.26, 0.07, 0.58, 1.00
 0.26, 0.07, 0.58, 1.00
 0.26, 0.07, 0.58, 1.00
 0.26, 0.07, 0.58, 1.00
 0.26, 0.07, 0.58, 1.00
 0.26, 0.07, 0.58, 1.00
 0.26, 0.07, 0.58, 1.00
 0.26, 0.07, 0.58, 1.00
 0.26, 0.07, 0.58, 1.00
 0.26, 0.07, 0.58, 1.00
 0.26, 0.07, 0.58, 1.00
 0.26, 0.07, 0.58, 1.00
 0.26, 0.07, 0.58, 1.00
 0.26, 0.07, 0.58, 1.00
 0.26, 0.07, 0.58, 1.00
 0.26, 0.07, 0.58, 1.00
 0.26, 0.07, 0.58, 1.00
 0.26, 0.07, 0.58, 1.00
 0.26, 0.07, 0.58, 1.00
 0.26, 0.07, 0.58, 1.00
 0.26, 0.07, 0.58, 1.00
 0.26, 0.07, 0.58, 1.00
 0.26, 0.07, 0.58, 1.00
 0.26, 0.07, 0.58, 1.00
 0.26, 0.07, 0.58, 1.00
 0.27, 0.07, 0.58, 1.00
 0.27, 0.07, 0.58, 1.00
 0.27, 0.07, 0.58, 1.00
 0.27, 0.07, 0.58, 1.00
 0.27, 0.07, 0.58, 1.00
 0.27, 0.06, 0.58, 1.00
 0.27, 0.06, 0.58, 1.00
 0.27, 0.06, 0.58, 1.00
 0.27, 0.06, 0.58, 1.00
 0.27, 0.06, 0.58, 1.00
 0.27, 0.06, 0.58, 1.00
 0.27, 0.06, 0.58, 1.00
 0.27, 0.06, 0.58, 1.00
 0.27, 0.06, 0.58, 1.00
 0.27, 0.06, 0.58, 1.00
 0.27, 0.06, 0.58, 1.00
 0.27, 0.06, 0.58, 1.00
 0.27, 0.06, 0.58, 1.00
 0.27, 0.06, 0.58, 1.00
 0.27, 0.06, 0.58, 1.00
 0.27, 0.06, 0.58, 1.00
 0.27, 0.06, 0.58, 1.00
 0.27, 0.06, 0.58, 1.00
 0.27, 0.06, 0.58, 1.00
 0.27, 0.06, 0.58, 1.00
 0.27, 0.06, 0.58, 1.00
 0.27, 0.06, 0.58, 1.00
 0.27, 0.06, 0.58, 1.00
 0.27, 0.06, 0.58, 1.00
 0.27, 0.06, 0.58, 1.00
 0.27, 0.06, 0.58, 1.00
 0.27, 0.06, 0.58, 1.00
 0.27, 0.06, 0.58, 1.00
 0.27, 0.06, 0.58, 1.00
 0.27, 0.06, 0.58, 1.00
 0.27, 0.06, 0.58, 1.00
 0.27, 0.06, 0.58, 1.00
 0.27, 0.06, 0.58, 1.00
 0.27, 0.06, 0.58, 1.00
 0.27, 0.06, 0.58, 1.00
 0.27, 0.06, 0.58, 1.00
 0.27, 0.06, 0.58, 1.00
 0.27, 0.06, 0.58, 1.00
 0.27, 0.06, 0.58, 1.00
 0.27, 0.06, 0.58, 1.00
 0.27, 0.06, 0.58, 1.00
 0.27, 0.06, 0.58, 1.00
 0.27, 0.06, 0.58, 1.00
 0.27, 0.06, 0.58, 1.00
 0.27, 0.06, 0.58, 1.00
 0.27, 0.06, 0.58, 1.00
 0.27, 0.06, 0.58, 1.00
 0.27, 0.06, 0.58, 1.00
 0.27, 0.06, 0.58, 1.00
 0.27, 0.06, 0.58, 1.00
 0.27, 0.06, 0.58, 1.00
 0.27, 0.06, 0.58, 1.00
 0.27, 0.06, 0.58, 1.00
 0.27, 0.06, 0.58, 1.00
 0.27, 0.06, 0.58, 1.00
 0.27, 0.06, 0.58, 1.00
 0.27, 0.06, 0.58, 1.00
 0.27, 0.06, 0.59, 1.00
 0.27, 0.06, 0.59, 1.00
 0.27, 0.06, 0.59, 1.00
 0.27, 0.06, 0.59, 1.00
 0.27, 0.06, 0.59, 1.00
 0.27, 0.06, 0.59, 1.00
 0.27, 0.06, 0.59, 1.00
 0.27, 0.06, 0.59, 1.00
 0.27, 0.06, 0.59, 1.00
 0.27, 0.06, 0.59, 1.00
 0.27, 0.06, 0.59, 1.00
 0.27, 0.06, 0.59, 1.00
 0.27, 0.06, 0.59, 1.00
 0.27, 0.06, 0.59, 1.00
 0.27, 0.06, 0.59, 1.00
 0.27, 0.06, 0.59, 1.00
 0.27, 0.06, 0.59, 1.00
 0.27, 0.06, 0.59, 1.00
 0.27, 0.06, 0.59, 1.00
 0.27, 0.06, 0.59, 1.00
 0.27, 0.06, 0.59, 1.00
 0.27, 0.06, 0.59, 1.00
 0.27, 0.06, 0.59, 1.00
 0.27, 0.06, 0.59, 1.00
 0.27, 0.06, 0.59, 1.00
 0.27, 0.06, 0.59, 1.00
 0.27, 0.06, 0.59, 1.00
 0.27, 0.06, 0.59, 1.00
 0.27, 0.06, 0.59, 1.00
 0.27, 0.06, 0.59, 1.00
 0.27, 0.06, 0.59, 1.00
 0.27, 0.06, 0.59, 1.00
 0.27, 0.06, 0.59, 1.00
 0.27, 0.06, 0.59, 1.00
 0.27, 0.06, 0.59, 1.00
 0.27, 0.06, 0.59, 1.00
 0.27, 0.06, 0.59, 1.00
 0.27, 0.06, 0.59, 1.00
 0.27, 0.06, 0.59, 1.00
 0.27, 0.06, 0.59, 1.00
 0.27, 0.06, 0.59, 1.00
 0.27, 0.06, 0.59, 1.00
 0.27, 0.06, 0.59, 1.00
 0.27, 0.06, 0.59, 1.00
 0.27, 0.06, 0.59, 1.00
 0.27, 0.06, 0.59, 1.00
 0.27, 0.06, 0.59, 1.00
 0.27, 0.06, 0.59, 1.00
 0.27, 0.06, 0.59, 1.00
 0.27, 0.06, 0.59, 1.00
 0.27, 0.06, 0.59, 1.00
 0.27, 0.06, 0.59, 1.00
 0.27, 0.06, 0.59, 1.00
 0.27, 0.06, 0.59, 1.00
 0.27, 0.06, 0.59, 1.00
 0.27, 0.06, 0.59, 1.00
 0.27, 0.06, 0.59, 1.00
 0.27, 0.06, 0.59, 1.00
 0.27, 0.06, 0.59, 1.00
 0.27, 0.06, 0.59, 1.00
 0.27, 0.06, 0.59, 1.00
 0.27, 0.06, 0.59, 1.00
 0.27, 0.06, 0.59, 1.00
 0.27, 0.06, 0.59, 1.00
 0.27, 0.06, 0.59, 1.00
 0.27, 0.06, 0.59, 1.00
 0.27, 0.06, 0.59, 1.00
 0.27, 0.06, 0.59, 1.00
 0.27, 0.06, 0.59, 1.00
 0.27, 0.06, 0.59, 1.00
 0.27, 0.06, 0.59, 1.00
 0.27, 0.06, 0.59, 1.00
 0.27, 0.06, 0.59, 1.00
 0.27, 0.06, 0.59, 1.00
 0.27, 0.06, 0.59, 1.00
 0.27, 0.06, 0.59, 1.00
 0.27, 0.06, 0.59, 1.00
 0.27, 0.06, 0.59, 1.00
 0.27, 0.06, 0.59, 1.00
 0.27, 0.06, 0.59, 1.00
 0.27, 0.06, 0.59, 1.00
 0.27, 0.06, 0.59, 1.00
 0.27, 0.06, 0.59, 1.00
 0.27, 0.06, 0.59, 1.00
 0.27, 0.06, 0.59, 1.00
 0.27, 0.06, 0.59, 1.00
 0.27, 0.06, 0.59, 1.00
 0.27, 0.06, 0.59, 1.00
 0.27, 0.06, 0.59, 1.00
 0.27, 0.06, 0.59, 1.00
 0.27, 0.06, 0.59, 1.00
 0.27, 0.06, 0.59, 1.00
 0.27, 0.06, 0.59, 1.00
 0.27, 0.06, 0.59, 1.00
 0.27, 0.06, 0.59, 1.00
 0.27, 0.06, 0.59, 1.00
 0.27, 0.06, 0.59, 1.00
 0.27, 0.06, 0.59, 1.00
 0.27, 0.06, 0.59, 1.00
 0.27, 0.06, 0.59, 1.00
 0.27, 0.06, 0.59, 1.00
 0.27, 0.06, 0.59, 1.00
 0.27, 0.06, 0.59, 1.00
 0.27, 0.06, 0.59, 1.00
 0.27, 0.06, 0.59, 1.00
 0.27, 0.06, 0.59, 1.00
 0.27, 0.06, 0.59, 1.00
 0.27, 0.06, 0.59, 1.00
 0.27, 0.06, 0.59, 1.00
 0.27, 0.06, 0.59, 1.00
 0.27, 0.06, 0.59, 1.00
 0.27, 0.06, 0.59, 1.00
 0.27, 0.06, 0.59, 1.00
 0.27, 0.06, 0.59, 1.00
 0.27, 0.06, 0.59, 1.00
 0.27, 0.06, 0.59, 1.00
 0.27, 0.06, 0.59, 1.00
 0.27, 0.06, 0.59, 1.00
 0.27, 0.06, 0.59, 1.00
 0.27, 0.06, 0.59, 1.00
 0.27, 0.06, 0.59, 1.00
 0.27, 0.06, 0.59, 1.00
 0.27, 0.06, 0.59, 1.00
 0.27, 0.06, 0.59, 1.00
 0.27, 0.06, 0.59, 1.00
 0.27, 0.06, 0.59, 1.00
 0.27, 0.06, 0.59, 1.00
 0.27, 0.06, 0.59, 1.00
 0.27, 0.06, 0.59, 1.00
 0.27, 0.06, 0.59, 1.00
 0.27, 0.06, 0.59, 1.00
 0.27, 0.06, 0.59, 1.00
 0.27, 0.06, 0.59, 1.00
 0.27, 0.06, 0.59, 1.00
 0.27, 0.06, 0.59, 1.00
 0.27, 0.06, 0.59, 1.00
 0.27, 0.06, 0.59, 1.00
 0.27, 0.06, 0.59, 1.00
 0.27, 0.06, 0.59, 1.00
 0.27, 0.06, 0.59, 1.00
 0.27, 0.06, 0.60, 1.00
 0.27, 0.06, 0.60, 1.00
 0.27, 0.06, 0.60, 1.00
 0.27, 0.06, 0.60, 1.00
 0.27, 0.06, 0.60, 1.00
 0.27, 0.06, 0.60, 1.00
 0.27, 0.06, 0.60, 1.00
 0.27, 0.06, 0.60, 1.00
 0.27, 0.06, 0.60, 1.00
 0.27, 0.06, 0.60, 1.00
 0.27, 0.06, 0.60, 1.00
 0.27, 0.06, 0.60, 1.00
 0.27, 0.06, 0.60, 1.00
 0.27, 0.06, 0.60, 1.00
 0.27, 0.06, 0.60, 1.00
 0.27, 0.06, 0.60, 1.00
 0.27, 0.06, 0.60, 1.00
 0.27, 0.06, 0.60, 1.00
 0.27, 0.06, 0.60, 1.00
 0.27, 0.06, 0.60, 1.00
 0.27, 0.06, 0.60, 1.00
 0.27, 0.06, 0.60, 1.00
 0.27, 0.06, 0.60, 1.00
 0.27, 0.06, 0.60, 1.00
 0.27, 0.06, 0.60, 1.00
 0.27, 0.06, 0.60, 1.00
 0.27, 0.06, 0.60, 1.00
 0.27, 0.06, 0.60, 1.00
 0.27, 0.06, 0.60, 1.00
 0.27, 0.06, 0.60, 1.00
 0.27, 0.06, 0.60, 1.00
 0.27, 0.06, 0.60, 1.00
 0.27, 0.06, 0.60, 1.00
 0.27, 0.06, 0.60, 1.00
 0.27, 0.06, 0.60, 1.00
 0.27, 0.06, 0.60, 1.00
 0.27, 0.06, 0.60, 1.00
 0.27, 0.06, 0.60, 1.00
 0.27, 0.06, 0.60, 1.00
 0.27, 0.06, 0.60, 1.00
 0.27, 0.06, 0.60, 1.00
 0.27, 0.06, 0.60, 1.00
 0.27, 0.05, 0.60, 1.00
 0.27, 0.05, 0.60, 1.00
 0.27, 0.05, 0.60, 1.00
 0.27, 0.05, 0.60, 1.00
 0.27, 0.05, 0.60, 1.00
 0.27, 0.05, 0.60, 1.00
 0.27, 0.05, 0.60, 1.00
 0.27, 0.05, 0.60, 1.00
 0.27, 0.05, 0.60, 1.00
 0.27, 0.05, 0.60, 1.00
 0.27, 0.05, 0.60, 1.00
 0.27, 0.05, 0.60, 1.00
 0.27, 0.05, 0.60, 1.00
 0.27, 0.05, 0.60, 1.00
 0.27, 0.05, 0.60, 1.00
 0.27, 0.05, 0.60, 1.00
 0.27, 0.05, 0.60, 1.00
 0.27, 0.05, 0.60, 1.00
 0.27, 0.05, 0.60, 1.00
 0.27, 0.05, 0.60, 1.00
 0.27, 0.05, 0.60, 1.00
 0.27, 0.05, 0.60, 1.00
 0.27, 0.05, 0.60, 1.00
 0.27, 0.05, 0.60, 1.00
 0.27, 0.05, 0.60, 1.00
 0.27, 0.05, 0.60, 1.00
 0.27, 0.05, 0.60, 1.00
 0.27, 0.05, 0.60, 1.00
 0.27, 0.05, 0.60, 1.00
 0.27, 0.05, 0.60, 1.00
 0.27, 0.05, 0.60, 1.00
 0.27, 0.05, 0.60, 1.00
 0.27, 0.05, 0.60, 1.00
 0.27, 0.05, 0.60, 1.00
 0.27, 0.05, 0.60, 1.00
 0.27, 0.05, 0.60, 1.00
 0.27, 0.05, 0.60, 1.00
 0.27, 0.05, 0.60, 1.00
 0.27, 0.05, 0.60, 1.00
 0.27, 0.05, 0.60, 1.00
 0.27, 0.05, 0.60, 1.00
 0.27, 0.05, 0.60, 1.00
 0.27, 0.05, 0.60, 1.00
 0.27, 0.05, 0.60, 1.00
 0.27, 0.05, 0.60, 1.00
 0.27, 0.05, 0.60, 1.00
 0.27, 0.05, 0.60, 1.00
 0.27, 0.05, 0.60, 1.00
 0.27, 0.05, 0.60, 1.00
 0.27, 0.05, 0.60, 1.00
 0.27, 0.05, 0.60, 1.00
 0.27, 0.05, 0.60, 1.00
 0.27, 0.05, 0.60, 1.00
 0.27, 0.05, 0.60, 1.00
 0.27, 0.05, 0.60, 1.00
 0.27, 0.05, 0.60, 1.00
 0.27, 0.05, 0.60, 1.00
 0.27, 0.05, 0.60, 1.00
 0.27, 0.05, 0.60, 1.00
 0.27, 0.05, 0.60, 1.00
 0.27, 0.05, 0.60, 1.00
 0.27, 0.05, 0.60, 1.00
 0.27, 0.05, 0.60, 1.00
 0.27, 0.05, 0.60, 1.00
 0.27, 0.05, 0.60, 1.00
 0.27, 0.05, 0.60, 1.00
 0.27, 0.05, 0.60, 1.00
 0.27, 0.05, 0.60, 1.00
 0.27, 0.05, 0.60, 1.00
 0.27, 0.05, 0.60, 1.00
 0.27, 0.05, 0.60, 1.00
 0.27, 0.05, 0.60, 1.00
 0.27, 0.05, 0.60, 1.00
 0.27, 0.05, 0.60, 1.00
 0.27, 0.05, 0.60, 1.00
 0.27, 0.05, 0.60, 1.00
 0.27, 0.05, 0.60, 1.00
 0.27, 0.05, 0.60, 1.00
 0.27, 0.05, 0.60, 1.00
 0.27, 0.05, 0.60, 1.00
 0.27, 0.05, 0.60, 1.00
 0.27, 0.05, 0.60, 1.00
 0.27, 0.05, 0.60, 1.00
 0.27, 0.05, 0.60, 1.00
 0.27, 0.05, 0.60, 1.00
 0.27, 0.05, 0.60, 1.00
 0.27, 0.05, 0.60, 1.00
 0.27, 0.05, 0.60, 1.00
 0.27, 0.05, 0.60, 1.00
 0.27, 0.05, 0.60, 1.00
 0.27, 0.05, 0.60, 1.00
 0.27, 0.05, 0.60, 1.00
 0.27, 0.05, 0.60, 1.00
 0.27, 0.05, 0.60, 1.00
 0.27, 0.05, 0.60, 1.00
 0.27, 0.05, 0.60, 1.00
 0.28, 0.05, 0.60, 1.00
 0.28, 0.05, 0.60, 1.00
 0.28, 0.05, 0.60, 1.00
 0.28, 0.05, 0.60, 1.00
 0.28, 0.05, 0.60, 1.00
 0.28, 0.05, 0.60, 1.00
 0.28, 0.05, 0.60, 1.00
 0.28, 0.05, 0.60, 1.00
 0.28, 0.05, 0.60, 1.00
 0.28, 0.05, 0.60, 1.00
 0.28, 0.05, 0.60, 1.00
 0.28, 0.05, 0.60, 1.00
 0.28, 0.05, 0.60, 1.00
 0.28, 0.05, 0.60, 1.00
 0.28, 0.05, 0.60, 1.00
 0.28, 0.05, 0.60, 1.00
 0.28, 0.05, 0.60, 1.00
 0.28, 0.05, 0.60, 1.00
 0.28, 0.05, 0.60, 1.00
 0.28, 0.05, 0.61, 1.00
 0.28, 0.05, 0.61, 1.00
 0.28, 0.05, 0.61, 1.00
 0.28, 0.05, 0.61, 1.00
 0.28, 0.05, 0.61, 1.00
 0.28, 0.05, 0.61, 1.00
 0.28, 0.05, 0.61, 1.00
 0.28, 0.05, 0.61, 1.00
 0.28, 0.05, 0.61, 1.00
 0.28, 0.05, 0.61, 1.00
 0.28, 0.05, 0.61, 1.00
 0.28, 0.05, 0.61, 1.00
 0.28, 0.05, 0.61, 1.00
 0.28, 0.05, 0.61, 1.00
 0.28, 0.05, 0.61, 1.00
 0.28, 0.05, 0.61, 1.00
 0.28, 0.05, 0.61, 1.00
 0.28, 0.05, 0.61, 1.00
 0.28, 0.05, 0.61, 1.00
 0.28, 0.05, 0.61, 1.00
 0.28, 0.05, 0.61, 1.00
 0.28, 0.05, 0.61, 1.00
 0.28, 0.05, 0.61, 1.00
 0.28, 0.05, 0.61, 1.00
 0.28, 0.05, 0.61, 1.00
 0.28, 0.05, 0.61, 1.00
 0.28, 0.05, 0.61, 1.00
 0.28, 0.05, 0.61, 1.00
 0.28, 0.05, 0.61, 1.00
 0.28, 0.05, 0.61, 1.00
 0.28, 0.05, 0.61, 1.00
 0.28, 0.05, 0.61, 1.00
 0.28, 0.05, 0.61, 1.00
 0.28, 0.05, 0.61, 1.00
 0.28, 0.05, 0.61, 1.00
 0.28, 0.05, 0.61, 1.00
 0.28, 0.05, 0.61, 1.00
 0.28, 0.05, 0.61, 1.00
 0.28, 0.05, 0.61, 1.00
 0.28, 0.05, 0.61, 1.00
 0.28, 0.05, 0.61, 1.00
 0.28, 0.05, 0.61, 1.00
 0.28, 0.05, 0.61, 1.00
 0.28, 0.05, 0.61, 1.00
 0.28, 0.05, 0.61, 1.00
 0.28, 0.05, 0.61, 1.00
 0.28, 0.05, 0.61, 1.00
 0.28, 0.05, 0.61, 1.00
 0.28, 0.05, 0.61, 1.00
 0.28, 0.05, 0.61, 1.00
 0.28, 0.05, 0.61, 1.00
 0.28, 0.05, 0.61, 1.00
 0.28, 0.05, 0.61, 1.00
 0.28, 0.05, 0.61, 1.00
 0.28, 0.05, 0.61, 1.00
 0.28, 0.05, 0.61, 1.00
 0.28, 0.05, 0.61, 1.00
 0.28, 0.05, 0.61, 1.00
 0.28, 0.05, 0.61, 1.00
 0.28, 0.05, 0.61, 1.00
 0.28, 0.05, 0.61, 1.00
 0.28, 0.05, 0.61, 1.00
 0.28, 0.05, 0.61, 1.00
 0.28, 0.05, 0.61, 1.00
 0.28, 0.05, 0.61, 1.00
 0.28, 0.05, 0.61, 1.00
 0.28, 0.05, 0.61, 1.00
 0.28, 0.05, 0.61, 1.00
 0.28, 0.05, 0.61, 1.00
 0.28, 0.05, 0.61, 1.00
 0.28, 0.05, 0.61, 1.00
 0.28, 0.05, 0.61, 1.00
 0.28, 0.05, 0.61, 1.00
 0.28, 0.05, 0.61, 1.00
 0.28, 0.05, 0.61, 1.00
 0.28, 0.05, 0.61, 1.00
 0.28, 0.05, 0.61, 1.00
 0.28, 0.05, 0.61, 1.00
 0.28, 0.05, 0.61, 1.00
 0.28, 0.05, 0.61, 1.00
 0.28, 0.05, 0.61, 1.00
 0.28, 0.05, 0.61, 1.00
 0.28, 0.05, 0.61, 1.00
 0.28, 0.05, 0.61, 1.00
 0.28, 0.05, 0.61, 1.00
 0.28, 0.05, 0.61, 1.00
 0.28, 0.05, 0.61, 1.00
 0.28, 0.05, 0.61, 1.00
 0.28, 0.05, 0.61, 1.00
 0.28, 0.05, 0.61, 1.00
 0.28, 0.05, 0.61, 1.00
 0.28, 0.05, 0.61, 1.00
 0.28, 0.05, 0.61, 1.00
 0.28, 0.05, 0.61, 1.00
 0.28, 0.05, 0.61, 1.00
 0.28, 0.05, 0.61, 1.00
 0.28, 0.05, 0.61, 1.00
 0.28, 0.05, 0.61, 1.00
 0.28, 0.05, 0.61, 1.00
 0.28, 0.05, 0.61, 1.00
 0.28, 0.05, 0.61, 1.00
 0.28, 0.05, 0.61, 1.00
 0.28, 0.05, 0.61, 1.00
 0.28, 0.05, 0.61, 1.00
 0.28, 0.05, 0.61, 1.00
 0.28, 0.05, 0.61, 1.00
 0.28, 0.05, 0.61, 1.00
 0.28, 0.05, 0.61, 1.00
 0.28, 0.05, 0.61, 1.00
 0.28, 0.05, 0.61, 1.00
 0.28, 0.05, 0.61, 1.00
 0.28, 0.05, 0.61, 1.00
 0.28, 0.05, 0.61, 1.00
 0.28, 0.05, 0.61, 1.00
 0.28, 0.05, 0.61, 1.00
 0.28, 0.05, 0.61, 1.00
 0.28, 0.05, 0.61, 1.00
 0.28, 0.05, 0.61, 1.00
 0.28, 0.05, 0.61, 1.00
 0.28, 0.05, 0.61, 1.00
 0.28, 0.05, 0.61, 1.00
 0.28, 0.05, 0.61, 1.00
 0.28, 0.05, 0.61, 1.00
 0.28, 0.05, 0.61, 1.00
 0.28, 0.05, 0.61, 1.00
 0.28, 0.05, 0.61, 1.00
 0.28, 0.05, 0.61, 1.00
 0.28, 0.05, 0.61, 1.00
 0.28, 0.05, 0.61, 1.00
 0.28, 0.05, 0.61, 1.00
 0.28, 0.05, 0.61, 1.00
 0.28, 0.05, 0.61, 1.00
 0.28, 0.05, 0.61, 1.00
 0.28, 0.05, 0.61, 1.00
 0.28, 0.05, 0.61, 1.00
 0.28, 0.05, 0.61, 1.00
 0.28, 0.05, 0.61, 1.00
 0.28, 0.05, 0.61, 1.00
 0.28, 0.05, 0.61, 1.00
 0.28, 0.05, 0.61, 1.00
 0.28, 0.05, 0.61, 1.00
 0.28, 0.05, 0.61, 1.00
 0.28, 0.05, 0.61, 1.00
 0.28, 0.05, 0.61, 1.00
 0.28, 0.05, 0.61, 1.00
 0.28, 0.05, 0.61, 1.00
 0.28, 0.05, 0.61, 1.00
 0.28, 0.05, 0.61, 1.00
 0.28, 0.05, 0.61, 1.00
 0.28, 0.05, 0.61, 1.00
 0.28, 0.05, 0.61, 1.00
 0.28, 0.05, 0.61, 1.00
 0.28, 0.05, 0.61, 1.00
 0.28, 0.05, 0.61, 1.00
 0.28, 0.05, 0.61, 1.00
 0.28, 0.05, 0.61, 1.00
 0.28, 0.05, 0.61, 1.00
 0.28, 0.05, 0.61, 1.00
 0.28, 0.05, 0.61, 1.00
 0.28, 0.05, 0.61, 1.00
 0.28, 0.05, 0.61, 1.00
 0.28, 0.05, 0.61, 1.00
 0.28, 0.05, 0.61, 1.00
 0.28, 0.05, 0.61, 1.00
 0.28, 0.05, 0.61, 1.00
 0.28, 0.05, 0.61, 1.00
 0.28, 0.05, 0.61, 1.00
 0.28, 0.05, 0.61, 1.00
 0.28, 0.05, 0.61, 1.00
 0.28, 0.05, 0.61, 1.00
 0.28, 0.05, 0.61, 1.00
 0.28, 0.05, 0.61, 1.00
 0.28, 0.05, 0.61, 1.00
 0.28, 0.04, 0.61, 1.00
 0.28, 0.04, 0.61, 1.00
 0.28, 0.04, 0.61, 1.00
 0.28, 0.04, 0.61, 1.00
 0.28, 0.04, 0.61, 1.00
 0.28, 0.04, 0.61, 1.00
 0.28, 0.04, 0.61, 1.00
 0.28, 0.04, 0.61, 1.00
 0.28, 0.04, 0.61, 1.00
 0.28, 0.04, 0.61, 1.00
 0.28, 0.04, 0.61, 1.00
 0.28, 0.04, 0.61, 1.00
 0.28, 0.04, 0.61, 1.00
 0.28, 0.04, 0.61, 1.00
 0.28, 0.04, 0.61, 1.00
 0.28, 0.04, 0.61, 1.00
 0.28, 0.04, 0.61, 1.00
 0.28, 0.04, 0.61, 1.00
 0.28, 0.04, 0.62, 1.00
 0.28, 0.04, 0.62, 1.00
 0.28, 0.04, 0.62, 1.00
 0.28, 0.04, 0.62, 1.00
 0.28, 0.04, 0.62, 1.00
 0.28, 0.04, 0.62, 1.00
 0.28, 0.04, 0.62, 1.00
 0.28, 0.04, 0.62, 1.00
 0.28, 0.04, 0.62, 1.00
 0.28, 0.04, 0.62, 1.00
 0.28, 0.04, 0.62, 1.00
 0.28, 0.04, 0.62, 1.00
 0.28, 0.04, 0.62, 1.00
 0.28, 0.04, 0.62, 1.00
 0.28, 0.04, 0.62, 1.00
 0.28, 0.04, 0.62, 1.00
 0.28, 0.04, 0.62, 1.00
 0.28, 0.04, 0.62, 1.00
 0.28, 0.04, 0.62, 1.00
 0.28, 0.04, 0.62, 1.00
 0.28, 0.04, 0.62, 1.00
 0.28, 0.04, 0.62, 1.00
 0.28, 0.04, 0.62, 1.00
 0.28, 0.04, 0.62, 1.00
 0.28, 0.04, 0.62, 1.00
 0.28, 0.04, 0.62, 1.00
 0.28, 0.04, 0.62, 1.00
 0.28, 0.04, 0.62, 1.00
 0.28, 0.04, 0.62, 1.00
 0.28, 0.04, 0.62, 1.00
 0.28, 0.04, 0.62, 1.00
 0.28, 0.04, 0.62, 1.00
 0.28, 0.04, 0.62, 1.00
 0.28, 0.04, 0.62, 1.00
 0.28, 0.04, 0.62, 1.00
 0.28, 0.04, 0.62, 1.00
 0.28, 0.04, 0.62, 1.00
 0.28, 0.04, 0.62, 1.00
 0.28, 0.04, 0.62, 1.00
 0.28, 0.04, 0.62, 1.00
 0.28, 0.04, 0.62, 1.00
 0.28, 0.04, 0.62, 1.00
