0 0 -1.638163
0 1 6.024906
0 2 7.848355
0 3 5.095435
0 4 -7.761463
0 5 -5.855927
0 6 -3.052366
0 7 7.485687
0 8 3.810928
0 9 1.973801
0 10 -6.693006
0 11 0.422526
0 12 3.481413
0 13 0.532484
0 14 6.666814
0 15 -1.211889
0 16 -0.598868
0 17 9.485784
0 18 4.392679
0 19 -1.099353
0 20 0.059331
0 21 -8.670188
0 22 -11.810637
0 23 -11.445616
0 24 -12.563204
0 25 -9.480463
0 26 2.202792
0 27 10.300106
0 28 3.254785
0 29 -2.900556
0 30 5.193577
0 31 2.466691
0 32 0.759719
0 33 5.305670
0 34 0.404049
0 35 3.566645
0 36 -6.596048
0 37 -5.481053
0 38 -11.016707
0 39 -3.417412
0 40 -0.950923
0 41 -1.375992
0 42 -2.020493
0 43 13.371041
0 44 -2.358626
0 45 7.751724
0 46 -1.612887
0 47 -4.719558
0 48 -6.792087
0 49 -8.731872
0 50 0.250512
0 51 9.436605
0 52 -0.287236
0 53 9.191411
0 54 -9.890209
0 55 7.370388
0 56 6.215072
0 57 6.077985
0 58 4.981282
0 59 -7.754596
0 60 -4.925561
0 61 7.584890
0 62 -6.023253
0 63 7.383725
0 64 -7.345033
0 65 1.542622
0 66 1.547086
0 67 -12.090106
0 68 -4.144540
0 69 -2.471991
0 70 -8.559218
0 71 0.241002
0 72 3.527197
0 73 -10.206816
0 74 -5.812960
0 75 -2.769887
0 76 -4.094420
0 77 10.336292
0 78 3.772623
0 79 -0.709351
0 80 -2.678203
0 81 -5.245208
0 82 -3.670108
0 83 2.717843
0 84 0.910363
0 85 -10.311200
0 86 -0.281880
0 87 -3.678612
0 88 9.180545
0 89 6.481847
0 90 10.188551
0 91 -4.601308
0 92 -1.216493
0 93 3.456064
0 94 -5.561714
0 95 1.354988
0 96 2.520667
0 97 1.066088
0 98 -6.163375
0 99 -6.205345
1 0 -8.063110
1 1 12.288227
1 2 4.121614
1 3 6.609409
1 4 1.746078
1 5 8.923299
1 6 5.959425
1 7 3.268682
1 8 -2.975923
1 9 -7.611998
1 10 8.666656
1 11 -5.359290
1 12 5.025469
1 13 -8.753701
1 14 4.275493
1 15 2.558809
1 16 4.154788
1 17 -5.137161
1 18 2.649363
1 19 5.055174
1 20 -9.653980
1 21 7.045341
1 22 -0.363222
1 23 -12.525116
1 24 -1.809908
1 25 -4.161763
1 26 6.355100
1 27 -8.000722
1 28 2.449278
1 29 8.549562
1 30 -4.997282
1 31 6.582253
1 32 6.312646
1 33 5.158510
1 34 -8.907942
1 35 -7.169973
1 36 -2.771199
1 37 4.997263
1 38 9.091682
1 39 -6.153400
1 40 2.263847
1 41 8.654961
1 42 11.379903
1 43 -11.053722
1 44 -8.580935
1 45 -3.611839
1 46 -5.700331
1 47 4.069340
1 48 0.868323
1 49 7.594583
1 50 -2.593238
1 51 4.009584
1 52 -0.056431
1 53 -0.776134
1 54 6.706441
1 55 -2.118897
1 56 -9.378227
1 57 -0.500649
1 58 1.172020
1 59 -4.068339
1 60 -5.049157
1 61 -7.390097
1 62 -3.256109
1 63 3.529210
1 64 -2.637099
1 65 -10.055883
1 66 -7.108063
1 67 -5.159638
1 68 6.516577
1 69 -6.456855
1 70 -5.451402
1 71 -2.381191
1 72 2.412020
1 73 -2.674309
1 74 7.291815
1 75 -6.781966
1 76 -5.976242
1 77 12.170443
1 78 6.986392
1 79 -1.348001
1 80 7.793505
1 81 -1.590819
1 82 8.564009
1 83 -9.580526
1 84 -7.977406
1 85 -7.581887
1 86 4.347016
1 87 -3.880804
1 88 -8.274792
1 89 10.251696
1 90 -2.995992
1 91 -2.042887
1 92 7.956837
1 93 2.008401
1 94 1.925764
1 95 -2.415780
1 96 -8.410397
1 97 -6.306616
1 98 6.527810
1 99 -4.830748
2 0 -0.632926
2 1 -3.565932
2 2 -9.134773
2 3 -7.666741
2 4 8.374472
2 5 5.834952
2 6 3.452490
2 7 -1.140309
2 8 -6.020498
2 9 8.124812
2 10 -0.114747
2 11 -4.996865
2 12 1.989736
2 13 -5.522249
2 14 7.759870
2 15 9.911939
2 16 -7.747426
2 17 -9.427495
2 18 6.477721
2 19 -7.417038
2 20 -3.535652
2 21 -3.050426
2 22 -3.365939
2 23 -9.723761
2 24 -3.986843
2 25 5.850108
2 26 2.584079
2 27 -4.808096
2 28 0.812308
2 29 3.896978
2 30 -12.525795
2 31 4.941744
2 32 1.559762
2 33 -2.714094
2 34 -0.056052
2 35 0.031583
2 36 -5.226029
2 37 -3.140481
2 38 -10.222074
2 39 3.868400
2 40 -3.957802
2 41 8.728346
2 42 -4.283008
2 43 -2.885791
2 44 3.835779
2 45 -7.387240
2 46 0.105010
2 47 -2.493743
2 48 -1.480010
2 49 -8.626035
2 50 4.784390
2 51 2.162472
2 52 8.523665
2 53 3.693451
2 54 -3.285587
2 55 -9.115693
2 56 10.890044
2 57 1.383700
2 58 -3.076243
2 59 0.689454
2 60 -7.831331
2 61 -1.709422
2 62 1.676006
2 63 -3.924989
2 64 -4.908893
2 65 -3.542659
2 66 -8.944448
2 67 5.850370
2 68 -3.245660
2 69 8.120637
2 70 -1.744374
2 71 9.235618
2 72 -2.209817
2 73 0.201463
2 74 -10.830348
2 75 -0.531709
2 76 2.429869
2 77 -1.728314
2 78 -5.821482
2 79 2.218908
2 80 8.731697
2 81 -10.746112
2 82 6.523969
2 83 7.239267
2 84 -5.296433
2 85 6.225882
2 86 4.966372
2 87 -0.631510
2 88 0.569728
2 89 10.200846
2 90 5.717767
2 91 -2.092970
2 92 10.917168
2 93 -5.147328
2 94 -4.854301
2 95 9.281348
2 96 -4.423888
2 97 -12.147626
2 98 -2.958937
2 99 1.017692
3 0 -1.422441
3 1 -3.616626
3 2 -2.060027
3 3 -5.654876
3 4 3.817624
3 5 1.308870
3 6 2.301879
3 7 5.643907
3 8 8.187527
3 9 -1.044139
3 10 -7.773416
3 11 9.857543
3 12 8.411668
3 13 -5.411644
3 14 -5.879883
3 15 7.490753
3 16 2.527230
3 17 -7.266077
3 18 -0.822862
3 19 -8.688835
3 20 7.259789
3 21 -2.362289
3 22 9.906598
3 23 -3.429350
3 24 2.031255
3 25 -2.593203
3 26 -6.835099
3 27 -0.335036
3 28 4.649847
3 29 -3.881957
3 30 -5.691136
3 31 -5.742562
3 32 7.424149
3 33 2.057513
3 34 -8.444732
3 35 -2.623373
3 36 -0.661900
3 37 -1.641638
3 38 0.138368
3 39 -10.688231
3 40 4.044378
3 41 2.409220
3 42 3.166853
3 43 -4.977164
3 44 -10.496039
3 45 -0.504895
3 46 1.366444
3 47 -5.514540
3 48 -3.166323
3 49 -7.151701
3 50 1.806661
3 51 3.487775
3 52 4.782381
3 53 -2.225186
3 54 -2.598153
3 55 -6.102595
3 56 10.806542
3 57 0.819280
3 58 -5.716572
3 59 -6.675213
3 60 4.165421
3 61 -4.355905
3 62 6.237054
3 63 -1.813122
3 64 5.192167
3 65 8.193637
3 66 -3.106587
3 67 -0.697615
3 68 -1.014511
3 69 -3.398624
3 70 -2.325362
3 71 -0.761264
3 72 -9.746440
3 73 4.020487
3 74 8.582563
3 75 9.313666
3 76 -0.627395
3 77 -4.963241
3 78 4.025546
3 79 -0.111157
3 80 -7.219114
3 81 3.843663
3 82 -8.618453
3 83 8.667139
3 84 2.979647
3 85 -7.564271
3 86 -0.317072
3 87 7.001100
3 88 6.056780
3 89 2.800241
3 90 10.521772
3 91 0.755197
3 92 -6.606816
3 93 11.366242
3 94 -3.828013
3 95 -3.084210
3 96 0.700550
3 97 1.689405
3 98 -4.183578
3 99 -8.311627
4 0 -8.389290
4 1 3.034264
4 2 5.074980
4 3 0.682587
4 4 7.589583
4 5 4.822233
4 6 4.327487
4 7 -7.683495
4 8 -10.403483
4 9 3.820524
4 10 -5.372780
4 11 -1.342169
4 12 9.246836
4 13 -8.362605
4 14 -0.702942
4 15 -12.787936
4 16 5.512937
4 17 1.987497
4 18 1.797257
4 19 -5.513946
4 20 -0.887780
4 21 -3.296654
4 22 -0.233807
4 23 5.240696
4 24 -3.774642
4 25 0.361877
4 26 8.628618
4 27 0.249650
4 28 6.485969
4 29 1.684660
4 30 -5.346764
4 31 -1.304895
4 32 -9.915939
4 33 6.795040
4 34 -5.930189
4 35 1.996506
4 36 7.942170
4 37 -8.110742
4 38 6.523036
4 39 11.017118
4 40 -6.223441
4 41 -2.803903
4 42 11.472437
4 43 3.243815
4 44 -4.572559
4 45 -2.607941
4 46 -2.781723
4 47 -4.319237
4 48 -1.938276
4 49 -5.459399
4 50 -10.038586
4 51 -7.346558
4 52 0.226103
4 53 4.527184
4 54 -7.426036
4 55 3.062249
4 56 9.771480
4 57 13.653777
4 58 7.491253
4 59 5.886698
4 60 10.803250
4 61 1.562154
4 62 6.404300
4 63 -8.725183
4 64 6.895551
4 65 3.567513
4 66 3.562173
4 67 -6.772072
4 68 10.321570
4 69 -1.257495
4 70 3.961740
4 71 -1.409007
4 72 -6.668218
4 73 -7.542715
4 74 -9.772580
4 75 0.191757
4 76 1.636889
4 77 -6.087623
4 78 6.878100
4 79 -10.978042
4 80 -1.476000
4 81 4.951297
4 82 -3.838257
4 83 -0.304155
4 84 -5.033933
4 85 10.313380
4 86 -12.029227
4 87 6.693665
4 88 -8.441905
4 89 -5.393771
4 90 6.211757
4 91 8.818064
4 92 -8.174226
4 93 7.150838
4 94 -5.664634
4 95 -2.822958
4 96 -7.249480
4 97 -5.222849
4 98 -7.778837
4 99 0.716077
5 0 -5.543549
5 1 -6.855571
5 2 -6.297869
5 3 -8.790836
5 4 -2.700155
5 5 -7.157601
5 6 0.331416
5 7 5.540168
5 8 -0.889960
5 9 2.449359
5 10 -6.923016
5 11 7.581601
5 12 4.217083
5 13 -6.184135
5 14 5.552048
5 15 -0.698504
5 16 -10.779470
5 17 -7.654222
5 18 -8.749629
5 19 -4.396983
5 20 -1.266540
5 21 2.931135
5 22 -0.387729
5 23 2.128791
5 24 -3.951697
5 25 3.721064
5 26 0.383444
5 27 2.741127
5 28 2.178366
5 29 8.596189
5 30 0.086015
5 31 3.495915
5 32 4.995475
5 33 4.503454
5 34 5.473933
5 35 -6.362521
5 36 -4.664215
5 37 -2.067675
5 38 1.988889
5 39 -4.978255
5 40 -1.802140
5 41 10.294549
5 42 -3.112184
5 43 -4.303045
5 44 2.676897
5 45 6.079796
5 46 -5.345339
5 47 3.050414
5 48 8.597798
5 49 0.755868
5 50 4.175655
5 51 -0.148463
5 52 6.862042
5 53 0.079723
5 54 -7.917743
5 55 -1.799705
5 56 3.482267
5 57 -8.212821
5 58 -9.846214
5 59 -9.297688
5 60 9.922296
5 61 8.737542
5 62 -3.437374
5 63 7.295503
5 64 -10.296407
5 65 -6.730933
5 66 11.073270
5 67 7.233468
5 68 2.515925
5 69 9.852403
5 70 3.374716
5 71 2.063499
5 72 -5.828324
5 73 6.985001
5 74 3.249242
5 75 -4.900401
5 76 5.458868
5 77 -1.173916
5 78 -10.037854
5 79 3.617800
5 80 7.022140
5 81 -9.685839
5 82 2.977933
5 83 -7.705590
5 84 0.928626
5 85 12.250254
5 86 -2.617838
5 87 -0.295611
5 88 -5.543306
5 89 -5.290582
5 90 8.920582
5 91 -3.209835
5 92 1.946999
5 93 5.459735
5 94 4.229026
5 95 8.735378
5 96 1.267400
5 97 3.137582
5 98 -4.633740
5 99 -0.051310
6 0 13.933147
6 1 -5.729835
6 2 -7.968050
6 3 -0.015231
6 4 10.822250
6 5 -5.699061
6 6 -3.631254
6 7 7.515260
6 8 8.135022
6 9 -6.713575
6 10 2.935102
6 11 6.372080
6 12 -4.261980
6 13 -2.161301
6 14 4.357798
6 15 10.381820
6 16 8.136870
6 17 3.182752
6 18 4.638806
6 19 0.409096
6 20 8.622507
6 21 -8.110652
6 22 3.225150
6 23 1.726504
6 24 -6.964735
6 25 -4.636065
6 26 7.628635
6 27 2.931514
6 28 3.089691
6 29 -3.154194
6 30 -7.112372
6 31 0.929878
6 32 -13.301036
6 33 -2.199460
6 34 0.674076
6 35 11.400161
6 36 -0.742988
6 37 10.268823
6 38 -7.676464
6 39 9.663483
6 40 1.698210
6 41 -6.766077
6 42 0.402262
6 43 1.374832
6 44 0.509264
6 45 -5.811460
6 46 -4.516100
6 47 0.154484
6 48 -8.492950
6 49 -6.238663
6 50 8.548444
6 51 3.974009
6 52 8.546003
6 53 -1.226146
6 54 -5.320802
6 55 -9.773336
6 56 1.188908
6 57 2.996365
6 58 2.275611
6 59 -0.306910
6 60 1.693096
6 61 -5.223655
6 62 5.041374
6 63 1.315748
6 64 -2.052770
6 65 4.398765
6 66 5.780093
6 67 -0.984480
6 68 -0.496320
6 69 4.554670
6 70 0.059915
6 71 -8.943872
6 72 5.759248
6 73 0.185825
6 74 -9.238012
6 75 9.183983
6 76 2.418565
6 77 -1.531025
6 78 5.795151
6 79 -1.550496
6 80 -1.918336
6 81 1.816171
6 82 -3.024829
6 83 9.554220
6 84 -0.485564
6 85 -7.348426
6 86 5.163595
6 87 -7.798039
6 88 8.627526
6 89 -5.154134
6 90 -0.348474
6 91 -10.676996
6 92 12.519926
6 93 5.955781
6 94 1.698860
6 95 -0.359238
6 96 0.625541
6 97 4.964643
6 98 -9.000332
6 99 6.834525
7 0 6.507894
7 1 4.071471
7 2 8.391881
7 3 3.802005
7 4 -2.852214
7 5 -5.796659
7 6 -7.819381
7 7 5.247129
7 8 -10.735487
7 9 8.427569
7 10 9.397911
7 11 4.898371
7 12 -1.281528
7 13 -9.483128
7 14 -6.445014
7 15 -7.403637
7 16 8.133425
7 17 2.258641
7 18 -0.774140
7 19 -1.844482
7 20 5.990950
7 21 -5.654734
7 22 -7.991098
7 23 7.418722
7 24 -12.071220
7 25 0.853123
7 26 13.002519
7 27 -5.569167
7 28 -12.297301
7 29 -5.857469
7 30 9.553218
7 31 -9.250133
7 32 4.135547
7 33 4.574416
7 34 -6.998526
7 35 4.800148
7 36 -6.687548
7 37 -9.108825
7 38 -0.205349
7 39 7.508998
7 40 8.169674
7 41 0.854546
7 42 10.666180
7 43 1.523487
7 44 -9.703618
7 45 8.581729
7 46 -6.910194
7 47 -8.354951
7 48 -6.472644
7 49 4.769901
7 50 -8.515913
7 51 -3.015404
7 52 6.935835
7 53 -1.728578
7 54 -4.432858
7 55 9.669097
7 56 3.200320
7 57 2.982224
7 58 5.559766
7 59 5.408120
7 60 1.767939
7 61 6.720569
7 62 0.224784
7 63 -1.447684
7 64 -1.031565
7 65 -6.537824
7 66 -0.156898
7 67 -0.854558
7 68 3.120345
7 69 6.998478
7 70 -7.693525
7 71 7.006631
7 72 10.569699
7 73 -2.013198
7 74 8.645560
7 75 5.543334
7 76 -6.087457
7 77 -9.132330
7 78 -4.049114
7 79 -6.865806
7 80 5.938680
7 81 7.208330
7 82 3.225760
7 83 -7.219517
7 84 -6.460453
7 85 -7.855777
7 86 5.914792
7 87 -9.141168
7 88 -1.469120
7 89 -2.700513
7 90 8.651368
7 91 2.686152
7 92 6.026151
7 93 -3.771185
7 94 -11.027628
7 95 1.323188
7 96 -1.089014
7 97 6.979091
7 98 -8.465177
7 99 11.326222
8 0 -2.343280
8 1 0.616732
8 2 -8.008895
8 3 4.670330
8 4 -4.778343
8 5 5.503021
8 6 4.447636
8 7 10.169552
8 8 7.882069
8 9 -3.019790
8 10 0.079217
8 11 -11.006455
8 12 6.529272
8 13 -0.762192
8 14 0.203513
8 15 5.828825
8 16 -0.102399
8 17 -0.570671
8 18 5.609545
8 19 5.866373
8 20 -2.963093
8 21 -4.193062
8 22 1.622501
8 23 -10.626713
8 24 -1.297515
8 25 5.743951
8 26 5.520594
8 27 6.039804
8 28 0.582797
8 29 -1.388656
8 30 -3.232542
8 31 0.222727
8 32 0.026732
8 33 2.582417
8 34 -1.510450
8 35 7.126339
8 36 1.802800
8 37 7.925468
8 38 -2.344911
8 39 -6.193533
8 40 -8.662096
8 41 -8.135675
8 42 -9.417955
8 43 -6.753268
8 44 3.779640
8 45 2.367862
8 46 8.442901
8 47 -6.593812
8 48 12.123342
8 49 5.933411
8 50 -10.824106
8 51 -6.937905
8 52 7.154261
8 53 3.548988
8 54 -3.309083
8 55 4.973158
8 56 -2.959932
8 57 -5.316399
8 58 4.360695
8 59 3.371224
8 60 -0.476538
8 61 7.290184
8 62 5.099571
8 63 -10.887573
8 64 -4.846202
8 65 -2.325037
8 66 -2.988758
8 67 0.891401
8 68 9.107197
8 69 0.820995
8 70 6.918342
8 71 -8.346559
8 72 6.635770
8 73 -8.587081
8 74 -9.861937
8 75 5.410806
8 76 2.288354
8 77 4.550851
8 78 -1.764082
8 79 5.387242
8 80 -8.250976
8 81 7.408909
8 82 0.510717
8 83 -11.287768
8 84 -6.564649
8 85 -2.986899
8 86 7.740903
8 87 -2.220769
8 88 7.102868
8 89 -4.988998
8 90 -7.643638
8 91 1.481811
8 92 2.192581
8 93 8.588869
8 94 -0.043771
8 95 -1.536355
8 96 5.579829
8 97 2.819015
8 98 -0.463055
8 99 -6.221005
9 0 -3.753157
9 1 5.200102
9 2 -1.645219
9 3 0.903918
9 4 8.345851
9 5 -6.541139
9 6 6.994259
9 7 -7.505165
9 8 -9.825993
9 9 9.583073
9 10 0.943447
9 11 -5.763546
9 12 6.928133
9 13 6.150123
9 14 6.676640
9 15 6.777016
9 16 2.154555
9 17 1.733089
9 18 2.125104
9 19 -7.117578
9 20 -2.429648
9 21 -1.566902
9 22 4.938984
9 23 -5.371095
9 24 -9.833353
9 25 7.926600
9 26 -0.164894
9 27 6.939129
9 28 2.265753
9 29 1.280243
9 30 -1.385976
9 31 5.295416
9 32 1.855194
9 33 -8.683991
9 34 -2.445634
9 35 10.143963
9 36 1.058628
9 37 -4.018594
9 38 -9.435363
9 39 -2.794333
9 40 2.473241
9 41 -4.096386
9 42 -2.203713
9 43 -10.585000
9 44 -4.971481
9 45 2.197366
9 46 0.506490
9 47 -3.493077
9 48 2.302471
9 49 -3.717242
9 50 10.866076
9 51 -2.233691
9 52 -6.856848
9 53 2.999113
9 54 1.706532
9 55 0.564609
9 56 -0.057616
9 57 3.564444
9 58 -2.701147
9 59 -7.604031
9 60 5.791398
9 61 -11.728585
9 62 -4.840942
9 63 7.039367
9 64 -4.518056
9 65 -11.532038
9 66 -0.627249
9 67 -3.446709
9 68 9.184543
9 69 7.102197
9 70 -0.165969
9 71 -9.460480
9 72 1.141358
9 73 -4.402431
9 74 4.693226
9 75 10.776357
9 76 -4.158913
9 77 -9.866698
9 78 1.800704
9 79 -0.749665
9 80 1.588718
9 81 -1.315772
9 82 -6.345284
9 83 -6.892344
9 84 2.140664
9 85 -2.697089
9 86 11.228488
9 87 6.333467
9 88 0.734328
9 89 4.608421
9 90 -6.617991
9 91 -7.114441
9 92 -6.845548
9 93 3.546802
9 94 -7.542171
9 95 -7.695361
9 96 -8.802763
9 97 -0.803811
9 98 -9.665210
9 99 -10.493604
10 0 6.950319
10 1 7.086541
10 2 -2.844998
10 3 -5.810527
10 4 -3.347341
10 5 -8.408414
10 6 -0.199617
10 7 -7.033086
10 8 -2.827317
10 9 -3.315510
10 10 -5.470044
10 11 6.047357
10 12 -7.157344
10 13 -3.801170
10 14 4.851861
10 15 -4.422564
10 16 -9.300526
10 17 3.282562
10 18 -8.359547
10 19 -0.726638
10 20 -9.325086
10 21 -1.791940
10 22 -0.613613
10 23 9.651311
10 24 -5.626475
10 25 -1.195500
10 26 -3.835423
10 27 1.278858
10 28 -1.410208
10 29 -6.712745
10 30 0.435870
10 31 1.570839
10 32 5.003488
10 33 0.544454
10 34 10.648625
10 35 -3.458933
10 36 -0.800480
10 37 2.257421
10 38 8.156024
10 39 -0.770839
10 40 2.450219
10 41 4.722081
10 42 3.232457
10 43 -6.768661
10 44 -10.388356
10 45 -1.064911
10 46 4.884687
10 47 3.039775
10 48 -10.623887
10 49 -7.980692
10 50 -7.349997
10 51 2.018118
10 52 -6.581851
10 53 -2.044036
10 54 -8.319116
10 55 8.130995
10 56 4.483435
10 57 -4.112804
10 58 2.502307
10 59 -3.157490
10 60 7.365535
10 61 5.369080
10 62 -3.262547
10 63 -2.091252
10 64 -4.590065
10 65 -1.770822
10 66 9.405429
10 67 -2.927143
10 68 -0.905700
10 69 -0.990273
10 70 12.664055
10 71 -6.603104
10 72 7.118469
10 73 -4.740534
10 74 8.415892
10 75 -8.969399
10 76 4.962788
10 77 4.643443
10 78 -3.349483
10 79 -1.846726
10 80 -7.654221
10 81 -8.061501
10 82 -6.869257
10 83 -2.906806
10 84 -7.465970
10 85 9.089721
10 86 8.307777
10 87 6.556958
10 88 9.739252
10 89 8.981777
10 90 10.262731
10 91 -1.229112
10 92 -6.850541
10 93 -6.285278
10 94 6.172194
10 95 -1.925953
10 96 0.453550
10 97 1.037571
10 98 0.283088
10 99 0.759657
11 0 12.167159
11 1 4.506666
11 2 2.897992
11 3 8.700111
11 4 6.641723
11 5 -4.745490
11 6 -12.044592
11 7 -4.232247
11 8 -3.720205
11 9 -0.281434
11 10 5.916713
11 11 7.770553
11 12 -0.598320
11 13 -1.390505
11 14 -0.473572
11 15 -5.480284
11 16 7.713300
11 17 3.488708
11 18 6.372994
11 19 8.354656
11 20 -11.587202
11 21 -3.584297
11 22 -1.794491
11 23 9.132816
11 24 -4.312005
11 25 -4.358919
11 26 -9.260893
11 27 2.616886
11 28 4.037730
11 29 0.010386
11 30 1.311553
11 31 -2.933306
11 32 -1.233330
11 33 -7.548012
11 34 -1.098963
11 35 -6.040288
11 36 -3.697211
11 37 -3.590365
11 38 -2.703095
11 39 0.856757
11 40 -7.932441
11 41 10.198532
11 42 10.316079
11 43 7.736910
11 44 3.156714
11 45 0.743636
11 46 1.649356
11 47 -5.789186
11 48 0.563535
11 49 4.878698
11 50 4.854015
11 51 -3.057669
11 52 -2.801217
11 53 4.865147
11 54 -11.738581
11 55 3.488752
11 56 4.243919
11 57 -4.492150
11 58 2.309582
11 59 4.879362
11 60 4.483634
11 61 -1.267266
11 62 -5.714276
11 63 10.356008
11 64 6.561727
11 65 -8.009177
11 66 -10.616001
11 67 5.592850
11 68 9.603532
11 69 -7.830381
11 70 -2.946101
11 71 -0.192546
11 72 -4.251383
11 73 6.966035
11 74 -7.647714
11 75 4.492130
11 76 -6.558404
11 77 1.798263
11 78 -2.921075
11 79 -2.226201
11 80 -7.788071
11 81 -6.373415
11 82 -4.403501
11 83 -9.264971
11 84 -8.193741
11 85 2.546595
11 86 -2.072344
11 87 -7.303368
11 88 -3.602017
11 89 -9.080186
11 90 -2.381191
11 91 -7.602799
11 92 9.732747
11 93 6.332856
11 94 5.971602
11 95 -5.119233
11 96 2.138217
11 97 7.114618
11 98 -0.872511
11 99 -1.791456
12 0 7.462896
12 1 0.324824
12 2 -8.591666
12 3 -2.577603
12 4 -7.936086
12 5 -9.453234
12 6 -3.201328
12 7 -2.531362
12 8 -5.693498
12 9 -6.426657
12 10 -5.633837
12 11 -1.889667
12 12 10.306116
12 13 -2.254167
12 14 6.715514
12 15 -8.861748
12 16 0.965993
12 17 -3.180234
12 18 -4.128840
12 19 1.905634
12 20 7.452612
12 21 -11.075572
12 22 -0.525137
12 23 -2.297218
12 24 1.743177
12 25 10.681805
12 26 1.101991
12 27 2.990709
12 28 -5.398532
12 29 5.455267
12 30 3.379830
12 31 -4.788716
12 32 1.421722
12 33 1.006875
12 34 5.912190
12 35 4.398349
12 36 -8.125799
12 37 0.110570
12 38 12.896797
12 39 4.295789
12 40 -0.579371
12 41 5.612697
12 42 4.028685
12 43 -5.584059
12 44 -5.791702
12 45 -9.909510
12 46 -5.207285
12 47 -2.447117
12 48 6.625260
12 49 -7.408586
12 50 8.727266
12 51 -2.441093
12 52 1.025497
12 53 5.414293
12 54 -6.446794
12 55 8.118532
12 56 -3.706089
12 57 -4.404540
12 58 5.580912
12 59 -1.673895
12 60 4.177070
12 61 1.490833
12 62 -1.941512
12 63 -1.201504
12 64 0.436084
12 65 12.093200
12 66 1.484069
12 67 -0.674101
12 68 -4.041884
12 69 0.270770
12 70 7.953846
12 71 9.592417
12 72 -3.129608
12 73 -3.996335
12 74 3.354000
12 75 -0.821633
12 76 -8.795865
12 77 8.761148
12 78 2.882355
12 79 0.573221
12 80 0.951832
12 81 8.910279
12 82 1.900090
12 83 5.994393
12 84 -1.943751
12 85 -0.477892
12 86 1.597177
12 87 -6.238249
12 88 -0.818356
12 89 -8.765914
12 90 -1.321564
12 91 2.223862
12 92 4.406700
12 93 -3.056481
12 94 -2.450251
12 95 1.761483
12 96 3.484297
12 97 -5.797056
12 98 0.813358
12 99 -9.711434
13 0 -0.587143
13 1 -2.914978
13 2 4.550441
13 3 -7.426882
13 4 10.362642
13 5 2.778993
13 6 -0.603263
13 7 -3.218913
13 8 8.295533
13 9 -6.700805
13 10 8.302922
13 11 5.386545
13 12 7.732245
13 13 -6.633700
13 14 0.762240
13 15 9.042540
13 16 0.001712
13 17 -6.170969
13 18 1.820431
13 19 2.745509
13 20 -11.778177
13 21 -10.499541
13 22 -8.964626
13 23 -4.086723
13 24 -2.648205
13 25 -5.222691
13 26 4.109826
13 27 3.684478
13 28 5.760141
13 29 -0.297362
13 30 -4.442949
13 31 6.865503
13 32 2.254990
13 33 5.253253
13 34 -9.067899
13 35 -6.752985
13 36 -2.377725
13 37 -9.488543
13 38 -3.017057
13 39 -9.299701
13 40 9.002896
13 41 -1.906598
13 42 7.044268
13 43 3.976119
13 44 11.169814
13 45 1.698112
13 46 8.057074
13 47 -5.772700
13 48 1.637150
13 49 13.758455
13 50 7.103602
13 51 -1.426824
13 52 9.249991
13 53 -6.757460
13 54 -6.738764
13 55 5.917486
13 56 0.193838
13 57 -2.998201
13 58 1.060327
13 59 8.546266
13 60 -0.122360
13 61 -0.701317
13 62 1.342539
13 63 -11.273327
13 64 -4.380481
13 65 3.120936
13 66 4.017013
13 67 -7.983334
13 68 -7.807024
13 69 5.522536
13 70 1.905079
13 71 -2.894233
13 72 2.166127
13 73 -7.226907
13 74 -0.834799
13 75 -7.284288
13 76 9.088647
13 77 1.584389
13 78 -2.306555
13 79 11.169119
13 80 0.457211
13 81 1.974143
13 82 -5.402506
13 83 1.345572
13 84 3.516822
13 85 4.650504
13 86 -3.066366
13 87 11.052610
13 88 -6.969209
13 89 -2.731697
13 90 -10.005314
13 91 9.519287
13 92 -8.929972
13 93 -9.956941
13 94 6.762887
13 95 11.039526
13 96 -2.439085
13 97 -9.923760
13 98 3.388423
13 99 8.277281
14 0 -5.963057
14 1 -3.727314
14 2 7.525965
14 3 -6.938961
14 4 -3.055417
14 5 4.613462
14 6 -0.007999
14 7 6.776352
14 8 -0.869678
14 9 9.048468
14 10 -2.849245
14 11 -1.421562
14 12 -3.125214
14 13 0.788845
14 14 7.922163
14 15 -8.446287
14 16 1.095978
14 17 -11.142018
14 18 -1.001951
14 19 -2.769923
14 20 2.482109
14 21 -4.326129
14 22 -3.224412
14 23 3.969875
14 24 -2.210369
14 25 0.931189
14 26 8.182396
14 27 2.460504
14 28 11.250786
14 29 -3.449017
14 30 8.699359
14 31 4.218100
14 32 -5.664214
14 33 8.170235
14 34 8.775723
14 35 3.724622
14 36 -10.185886
14 37 -0.667807
14 38 2.121139
14 39 -5.680314
14 40 -10.643527
14 41 2.258049
14 42 1.478203
14 43 9.262816
14 44 -1.177310
14 45 -8.844633
14 46 -11.036679
14 47 -7.514533
14 48 1.077026
14 49 -3.255869
14 50 5.970114
14 51 2.454387
14 52 4.882770
14 53 2.159146
14 54 1.931793
14 55 -3.942120
14 56 3.105580
14 57 5.102697
14 58 7.134156
14 59 -0.455095
14 60 4.381276
14 61 -1.577985
14 62 -5.727229
14 63 -3.577198
14 64 8.490046
14 65 -8.036527
14 66 -4.046274
14 67 -2.452988
14 68 0.572470
14 69 -1.508801
14 70 -0.384206
14 71 11.703907
14 72 -8.552980
14 73 7.524423
14 74 4.891628
14 75 -6.479382
14 76 2.150820
14 77 -4.727264
14 78 -9.521089
14 79 6.220934
14 80 1.170196
14 81 11.531435
14 82 4.134388
14 83 14.223959
14 84 5.089380
14 85 7.506129
14 86 -1.738624
14 87 -5.063310
14 88 -2.492919
14 89 -5.559835
14 90 -5.282255
14 91 8.538259
14 92 -8.038334
14 93 6.608238
14 94 9.100335
14 95 8.069189
14 96 -5.683533
14 97 2.947853
14 98 8.529182
14 99 1.073951
15 0 1.333466
15 1 0.295972
15 2 2.210331
15 3 4.077580
15 4 -7.100689
15 5 -8.498189
15 6 -6.623777
15 7 -10.653490
15 8 4.429173
15 9 10.981949
15 10 -6.705316
15 11 -0.566926
15 12 10.703007
15 13 -1.815336
15 14 -3.257999
15 15 9.729804
15 16 -3.324457
15 17 3.943416
15 18 -2.966762
15 19 2.355068
15 20 -2.498204
15 21 4.170156
15 22 -6.595378
15 23 3.580703
15 24 -6.477861
15 25 1.073447
15 26 -0.159608
15 27 7.327381
15 28 -1.146064
15 29 -3.239841
15 30 1.738228
15 31 -5.657017
15 32 -6.869679
15 33 -1.403818
15 34 8.706377
15 35 -0.213102
15 36 11.231127
15 37 -7.010299
15 38 0.087243
15 39 2.827134
15 40 -4.255041
15 41 -7.233017
15 42 -7.295979
15 43 1.390201
15 44 8.822249
15 45 -7.186850
15 46 2.416544
15 47 5.858427
15 48 4.734645
15 49 8.742231
15 50 1.983230
15 51 0.252207
15 52 -2.183188
15 53 -9.736934
15 54 5.432827
15 55 -6.093402
15 56 -9.691126
15 57 -0.775559
15 58 -9.578311
15 59 2.761331
15 60 3.559365
15 61 -7.218843
15 62 0.187105
15 63 9.288439
15 64 8.716693
15 65 -9.715327
15 66 5.973887
15 67 -4.631316
15 68 2.177869
15 69 -9.070543
15 70 -2.253202
15 71 3.143417
15 72 -0.293023
15 73 -1.441467
15 74 -1.329803
15 75 4.554286
15 76 -1.106457
15 77 -9.128742
15 78 5.746333
15 79 1.389057
15 80 4.478015
15 81 0.017132
15 82 -2.484520
15 83 -2.235844
15 84 -7.203572
15 85 -1.165547
15 86 2.009635
15 87 8.844475
15 88 3.489800
15 89 1.512464
15 90 -1.157437
15 91 -3.869957
15 92 3.505480
15 93 8.938123
15 94 -9.950031
15 95 9.135212
15 96 0.762483
15 97 5.298783
15 98 -6.848076
15 99 10.155936
16 0 -6.705583
16 1 0.408003
16 2 -7.552758
16 3 3.370443
16 4 -5.960153
16 5 5.529262
16 6 1.224930
16 7 1.379348
16 8 6.101617
16 9 -1.643632
16 10 -1.508789
16 11 4.394774
16 12 1.035691
16 13 -6.272709
16 14 3.705170
16 15 -7.180666
16 16 -2.793915
16 17 -2.059862
16 18 -6.089537
16 19 -0.385288
16 20 -4.251855
16 21 -8.168538
16 22 1.568013
16 23 -6.413761
16 24 -8.012137
16 25 5.298255
16 26 12.672166
16 27 7.004149
16 28 -2.542622
16 29 -2.981911
16 30 0.450609
16 31 10.072343
16 32 7.554713
16 33 2.654839
16 34 -6.151234
16 35 6.276689
16 36 -0.011839
16 37 -0.305012
16 38 5.267485
16 39 -2.484911
16 40 -6.351637
16 41 -8.793013
16 42 -6.221233
16 43 -6.957919
16 44 -0.543067
16 45 -3.524850
16 46 -1.905976
16 47 -8.459601
16 48 -2.972318
16 49 2.183500
16 50 1.681969
16 51 8.734851
16 52 -3.110834
16 53 8.721759
16 54 -10.667230
16 55 9.475719
16 56 5.918800
16 57 1.874437
16 58 -3.237809
16 59 1.908837
16 60 -1.889924
16 61 9.668473
16 62 -6.254930
16 63 -8.161548
16 64 6.550171
16 65 -10.957076
16 66 -1.019663
16 67 -7.475933
16 68 -6.484856
16 69 -1.083141
16 70 -10.232760
16 71 6.804350
16 72 -7.442351
16 73 11.910470
16 74 -9.894597
16 75 -1.006552
16 76 -7.289087
16 77 -9.693170
16 78 7.893719
16 79 -2.956880
16 80 -1.337549
16 81 -1.891021
16 82 8.636539
16 83 2.411520
16 84 -4.764516
16 85 -7.636832
16 86 -0.459528
16 87 -10.463455
16 88 -7.372108
16 89 -8.577083
16 90 4.803422
16 91 -5.643804
16 92 4.348535
16 93 6.716573
16 94 8.182210
16 95 9.167825
16 96 -10.508719
16 97 5.690815
16 98 8.040574
16 99 -7.531660
17 0 -8.497503
17 1 3.497722
17 2 -9.637201
17 3 -7.716798
17 4 7.868443
17 5 -9.108019
17 6 -4.464189
17 7 -8.599344
17 8 -4.116827
17 9 -5.288055
17 10 2.983737
17 11 11.037951
17 12 0.530720
17 13 6.406832
17 14 -5.543588
17 15 0.748403
17 16 6.227763
17 17 -0.016821
17 18 4.063275
17 19 -7.896588
17 20 -7.133131
17 21 -5.755677
17 22 6.645245
17 23 2.148640
17 24 -0.681585
17 25 -0.724855
17 26 -7.625004
17 27 9.766152
17 28 -8.190923
17 29 -9.941461
17 30 -5.004264
17 31 5.560345
17 32 3.952058
17 33 9.586538
17 34 -1.038988
17 35 5.582663
17 36 0.440520
17 37 6.927046
17 38 9.705077
17 39 1.514447
17 40 1.579024
17 41 -6.374611
17 42 -6.086455
17 43 -11.973084
17 44 10.472789
17 45 -3.891223
17 46 -0.806679
17 47 1.543152
17 48 4.025871
17 49 -9.949062
17 50 1.042449
17 51 -4.296064
17 52 3.604414
17 53 -4.817354
17 54 9.504771
17 55 -6.219419
17 56 -5.316061
17 57 9.299866
17 58 8.408657
17 59 0.534057
17 60 0.351662
17 61 12.552225
17 62 3.181485
17 63 -8.457499
17 64 1.781808
17 65 3.774763
17 66 0.135761
17 67 4.726461
17 68 -2.848081
17 69 -5.271717
17 70 -0.585304
17 71 4.075620
17 72 5.123298
17 73 1.023550
17 74 -8.500097
17 75 7.310400
17 76 10.944294
17 77 6.392599
17 78 -2.733398
17 79 4.285656
17 80 -5.690972
17 81 -3.719659
17 82 -0.712994
17 83 10.257805
17 84 -10.373581
17 85 1.025437
17 86 1.770004
17 87 -9.558706
17 88 3.229966
17 89 -8.211093
17 90 -4.167416
17 91 -2.833451
17 92 6.385293
17 93 3.118316
17 94 9.502642
17 95 -6.347255
17 96 2.630881
17 97 -7.303870
17 98 -7.267602
17 99 10.731671
18 0 -1.300819
18 1 -0.842925
18 2 -8.963528
18 3 -4.681029
18 4 2.558540
18 5 -2.672131
18 6 6.829977
18 7 4.377046
18 8 -4.176852
18 9 0.577505
18 10 6.065593
18 11 -0.240788
18 12 3.075872
18 13 7.228592
18 14 -6.523902
18 15 -6.320698
18 16 -2.259197
18 17 1.103393
18 18 -6.204160
18 19 -2.586552
18 20 4.857378
18 21 -4.813322
18 22 1.469104
18 23 5.551662
18 24 8.796437
18 25 -3.749001
18 26 -11.969806
18 27 0.822439
18 28 -0.743648
18 29 -2.568027
18 30 1.863236
18 31 5.009269
18 32 -1.801643
18 33 -6.184482
18 34 -1.688134
18 35 1.375461
18 36 3.046214
18 37 -5.396663
18 38 3.457630
18 39 -2.087231
18 40 -6.795498
18 41 -7.871265
18 42 -1.653527
18 43 6.842453
18 44 -6.559158
18 45 -6.705262
18 46 9.556947
18 47 -2.921902
18 48 6.771579
18 49 -1.107551
18 50 8.908838
18 51 -4.327021
18 52 -7.812389
18 53 2.780211
18 54 -2.192677
18 55 4.770050
18 56 -5.511451
18 57 0.785952
18 58 -3.591317
18 59 -2.325240
18 60 5.133686
18 61 10.904713
18 62 -6.689945
18 63 5.966260
18 64 4.184323
18 65 0.052142
18 66 -7.452526
18 67 0.267559
18 68 -4.932942
18 69 10.159219
18 70 -10.392269
18 71 7.196024
18 72 -7.198134
18 73 2.854540
18 74 6.636723
18 75 -3.693147
18 76 -10.359351
18 77 3.125912
18 78 11.345089
18 79 5.955365
18 80 3.362466
18 81 -6.388833
18 82 -7.799857
18 83 -8.110842
18 84 4.561720
18 85 3.698925
18 86 -7.395341
18 87 0.098584
18 88 8.786757
18 89 3.302601
18 90 -0.352822
18 91 4.530297
18 92 -2.943588
18 93 -5.521448
18 94 -2.477165
18 95 -3.399381
18 96 7.208782
18 97 9.356846
18 98 -3.377463
18 99 -4.887817
19 0 -0.779915
19 1 -4.052729
19 2 -4.027708
19 3 3.898900
19 4 4.748922
19 5 0.506142
19 6 -5.569662
19 7 7.817612
19 8 8.629472
19 9 1.409165
19 10 -2.874877
19 11 0.806838
19 12 6.175801
19 13 -4.977700
19 14 -2.067450
19 15 0.427305
19 16 -3.163673
19 17 -4.282385
19 18 3.288985
19 19 -2.194553
19 20 0.032608
19 21 -3.075195
19 22 4.325130
19 23 -0.600578
19 24 2.339524
19 25 1.566645
19 26 6.821537
19 27 6.505108
19 28 5.843741
19 29 -4.436345
19 30 8.183297
19 31 -8.680181
19 32 -8.176722
19 33 -8.236144
19 34 3.313227
19 35 -3.512238
19 36 -3.403677
19 37 3.378144
19 38 7.391488
19 39 -6.465851
19 40 6.477971
19 41 -6.322609
19 42 5.850854
19 43 8.323542
19 44 1.493235
19 45 1.031949
19 46 -8.062761
19 47 -8.656188
19 48 0.190091
19 49 1.655331
19 50 -7.644348
19 51 8.954697
19 52 3.186885
19 53 6.920123
19 54 -5.810331
19 55 -2.010960
19 56 -6.386099
19 57 -5.978848
19 58 -7.407236
19 59 -6.134273
19 60 -7.519215
19 61 -9.349091
19 62 3.244816
19 63 -0.203654
19 64 -8.286726
19 65 4.449838
19 66 -6.941041
19 67 -1.376753
19 68 4.314685
19 69 -0.289129
19 70 5.951825
19 71 8.909533
19 72 8.178389
19 73 4.706542
19 74 -1.055529
19 75 -5.413181
19 76 -0.185207
19 77 9.891119
19 78 -0.186244
19 79 -7.808977
19 80 7.118423
19 81 -7.627488
19 82 6.169638
19 83 11.201884
19 84 -3.171286
19 85 6.299127
19 86 -1.041734
19 87 7.698839
19 88 -3.969545
19 89 3.141559
19 90 -4.105768
19 91 3.864018
19 92 3.928591
19 93 10.942348
19 94 2.390433
19 95 0.938074
19 96 -1.154148
19 97 -0.511963
19 98 -0.689538
19 99 8.158156
20 0 -4.507274
20 1 1.887712
20 2 -5.886732
20 3 11.289935
20 4 -8.759358
20 5 8.315437
20 6 5.697296
20 7 -6.525624
20 8 -6.141414
20 9 -0.407578
20 10 3.730110
20 11 6.413329
20 12 11.235899
20 13 8.776003
20 14 5.762220
20 15 -5.401665
20 16 -0.042834
20 17 3.016332
20 18 -4.883128
20 19 3.422458
20 20 -5.740827
20 21 -0.532147
20 22 1.050812
20 23 -5.728010
20 24 -3.784469
20 25 6.502088
20 26 4.374020
20 27 5.038059
20 28 -4.105029
20 29 6.006449
20 30 -5.966430
20 31 -2.659906
20 32 9.738722
20 33 -11.366919
20 34 -6.555298
20 35 5.315693
20 36 4.895143
20 37 -8.432219
20 38 10.668885
20 39 2.258623
20 40 9.763228
20 41 -7.125373
20 42 -9.777108
20 43 -9.050615
20 44 6.476874
20 45 -2.185769
20 46 6.837449
20 47 10.188741
20 48 -3.210477
20 49 -3.228701
20 50 -0.880022
20 51 5.946645
20 52 5.288432
20 53 -3.014121
20 54 0.056409
20 55 -4.740308
20 56 1.988576
20 57 -2.060930
20 58 4.915724
20 59 -3.918743
20 60 -9.346949
20 61 8.575728
20 62 0.264941
20 63 -4.189737
20 64 -5.521731
20 65 -3.179788
20 66 -0.913642
20 67 -4.478795
20 68 6.487531
20 69 4.971188
20 70 -3.713526
20 71 6.802390
20 72 -8.117207
20 73 -1.781098
20 74 2.799174
20 75 6.832586
20 76 -1.907244
20 77 1.280981
20 78 3.364559
20 79 -4.190024
20 80 5.961441
20 81 -6.794211
20 82 8.589481
20 83 -4.047289
20 84 -4.576296
20 85 -3.674799
20 86 0.174025
20 87 -2.013132
20 88 -0.887921
20 89 0.208230
20 90 7.306989
20 91 9.547767
20 92 -0.167800
20 93 6.410911
20 94 -3.289933
20 95 1.603956
20 96 5.357777
20 97 1.462499
20 98 -0.655523
20 99 -3.465203
21 0 -2.914959
21 1 -0.123677
21 2 -2.351136
21 3 3.564827
21 4 2.194550
21 5 10.250164
21 6 0.332204
21 7 2.388408
21 8 8.255387
21 9 6.212712
21 10 -8.216600
21 11 -2.504890
21 12 9.926716
21 13 6.707014
21 14 6.517151
21 15 9.216037
21 16 3.691845
21 17 1.557595
21 18 8.135400
21 19 4.409597
21 20 -3.928334
21 21 4.205778
21 22 -3.594260
21 23 0.810465
21 24 9.063695
21 25 8.171414
21 26 1.542726
21 27 -10.851011
21 28 -6.159793
21 29 5.516512
21 30 -2.105510
21 31 -7.723250
21 32 5.872645
21 33 5.078442
21 34 2.121687
21 35 3.397581
21 36 -8.709662
21 37 -1.663500
21 38 7.466840
21 39 -10.363088
21 40 -1.746242
21 41 -7.110736
21 42 -5.397494
21 43 8.469287
21 44 -6.640202
21 45 3.602542
21 46 1.663646
21 47 5.604318
21 48 4.437907
21 49 -11.800235
21 50 10.140631
21 51 -1.323757
21 52 -5.229721
21 53 2.772859
21 54 -3.960288
21 55 -5.263810
21 56 -7.105843
21 57 5.559792
21 58 0.405069
21 59 -7.731079
21 60 -0.990373
21 61 6.885363
21 62 -3.817283
21 63 2.163832
21 64 -2.245774
21 65 -3.585007
21 66 -0.460351
21 67 2.146734
21 68 6.984481
21 69 3.592361
21 70 -2.187130
21 71 -5.507039
21 72 1.897558
21 73 -7.363069
21 74 3.197916
21 75 2.550630
21 76 2.152888
21 77 0.168238
21 78 -7.841551
21 79 -5.120198
21 80 -5.676939
21 81 -3.585958
21 82 7.858743
21 83 0.130311
21 84 -4.470661
21 85 -2.506487
21 86 -1.793668
21 87 2.086146
21 88 6.794656
21 89 -2.079143
21 90 4.008592
21 91 -3.621067
21 92 -5.433725
21 93 6.813760
21 94 1.022257
21 95 -0.495449
21 96 -2.047459
21 97 6.768903
21 98 -5.594674
21 99 -1.548639
22 0 -6.694127
22 1 -10.927717
22 2 -5.047321
22 3 6.563131
22 4 -3.687163
22 5 6.022923
22 6 -2.583328
22 7 11.954505
22 8 -3.184024
22 9 9.420059
22 10 11.100940
22 11 -1.901404
22 12 -0.468756
22 13 0.002218
22 14 0.028154
22 15 2.707961
22 16 -1.910290
22 17 3.696163
22 18 -0.329816
22 19 5.314490
22 20 1.149867
22 21 1.046233
22 22 2.932777
22 23 10.889392
22 24 -4.569259
22 25 -2.908606
22 26 -5.404927
22 27 -2.297991
22 28 5.008916
22 29 4.465270
22 30 -0.508069
22 31 3.346357
22 32 -1.493285
22 33 4.978012
22 34 1.836406
22 35 6.948775
22 36 -2.853949
22 37 6.859110
22 38 -2.628094
22 39 -2.315021
22 40 -2.720581
22 41 3.919470
22 42 5.355210
22 43 5.811021
22 44 4.963167
22 45 -5.987698
22 46 9.854997
22 47 2.738637
22 48 2.610361
22 49 -8.946998
22 50 1.164986
22 51 -5.831504
22 52 11.465555
22 53 8.569173
22 54 3.027018
22 55 4.803579
22 56 -6.857121
22 57 -12.348959
22 58 -5.947207
22 59 -10.947590
22 60 -7.817544
22 61 -1.125348
22 62 -6.159718
22 63 4.856942
22 64 -3.945395
22 65 -3.547693
22 66 2.180708
22 67 6.645360
22 68 -10.437284
22 69 -7.599711
22 70 -8.553211
22 71 -0.055456
22 72 -5.708972
22 73 0.971225
22 74 -8.441643
22 75 5.059997
22 76 4.237561
22 77 -2.063427
22 78 -9.585591
22 79 -6.653350
22 80 -2.930389
22 81 -4.420195
22 82 -9.406827
22 83 -1.307942
22 84 5.965969
22 85 -6.833978
22 86 -4.391421
22 87 10.519391
22 88 4.259246
22 89 6.969906
22 90 -5.084765
22 91 6.347023
22 92 4.053612
22 93 5.010276
22 94 -6.840464
22 95 7.405141
22 96 6.037186
22 97 1.983754
22 98 -6.126265
22 99 -8.058843
23 0 -0.954628
23 1 6.347095
23 2 6.694471
23 3 -5.073228
23 4 -2.781352
23 5 -8.376432
23 6 5.314441
23 7 -2.217215
23 8 0.492504
23 9 -2.489863
23 10 11.851205
23 11 2.650833
23 12 2.864696
23 13 -10.964460
23 14 1.027384
23 15 -1.780746
23 16 5.994425
23 17 0.160020
23 18 5.064787
23 19 -7.372524
23 20 0.357381
23 21 -4.932886
23 22 3.470885
23 23 3.268684
23 24 -10.481129
23 25 -7.871441
23 26 5.829386
23 27 2.205156
23 28 12.360824
23 29 -2.797367
23 30 7.971090
23 31 -0.580148
23 32 -5.402854
23 33 0.441295
23 34 -7.166110
23 35 -4.380521
23 36 0.648380
23 37 1.470171
23 38 3.796672
23 39 -5.789243
23 40 -5.015154
23 41 -3.288019
23 42 6.177639
23 43 9.161945
23 44 2.010398
23 45 1.924158
23 46 -8.493762
23 47 1.580299
23 48 11.612106
23 49 6.915026
23 50 4.248741
23 51 0.713756
23 52 -7.768580
23 53 8.508770
23 54 -10.423419
23 55 1.796617
23 56 -1.204485
23 57 -6.468317
23 58 7.895227
23 59 -2.734540
23 60 -9.450816
23 61 -1.114777
23 62 -4.903015
23 63 10.756852
23 64 9.739001
23 65 1.071166
23 66 9.456633
23 67 8.205922
23 68 6.383743
23 69 -4.155044
23 70 3.745663
23 71 -6.532020
23 72 -7.509052
23 73 5.364793
23 74 4.474827
23 75 1.984872
23 76 10.341156
23 77 -3.507490
23 78 -1.560091
23 79 1.898049
23 80 3.999472
23 81 9.440220
23 82 -7.915192
23 83 8.955745
23 84 4.696491
23 85 -9.799442
23 86 8.859898
23 87 -10.599514
23 88 -0.782051
23 89 -4.636203
23 90 -1.325593
23 91 -6.812375
23 92 2.348157
23 93 3.149799
23 94 1.045329
23 95 -12.278113
23 96 5.109411
23 97 -6.133662
23 98 -6.981929
23 99 -0.940603
24 0 -7.951322
24 1 1.030395
24 2 8.873371
24 3 7.374714
24 4 10.906079
24 5 6.335566
24 6 1.694311
24 7 -0.581645
24 8 9.310462
24 9 -0.668615
24 10 11.006485
24 11 -2.210483
24 12 -4.944551
24 13 -7.013644
24 14 -3.833043
24 15 -3.674298
24 16 0.784536
24 17 0.796885
24 18 3.713941
24 19 -10.551913
24 20 -1.359420
24 21 -10.987559
24 22 5.351617
24 23 -0.831002
24 24 -0.481774
24 25 1.058750
24 26 -2.622918
24 27 3.780130
24 28 4.068244
24 29 1.901636
24 30 2.247864
24 31 9.550873
24 32 -6.314807
24 33 0.647856
24 34 11.058307
24 35 0.640625
24 36 -1.758661
24 37 -2.666804
24 38 -0.545568
24 39 -8.243773
24 40 -3.610359
24 41 -4.425395
24 42 -5.249990
24 43 0.965955
24 44 0.198973
24 45 6.252257
24 46 0.554830
24 47 -1.608939
24 48 -8.852543
24 49 -2.309566
24 50 2.504065
24 51 -3.802225
24 52 -7.964993
24 53 8.911889
24 54 -2.020952
24 55 7.397714
24 56 -6.758206
24 57 -8.781026
24 58 6.624830
24 59 -6.112366
24 60 3.092871
24 61 5.295421
24 62 6.339504
24 63 -4.757778
24 64 9.155216
24 65 7.065849
24 66 -2.851750
24 67 -4.126624
24 68 -7.569764
24 69 -8.286144
24 70 3.842918
24 71 -1.515785
24 72 -2.730138
24 73 -0.298132
24 74 -8.012376
24 75 5.430630
24 76 6.965970
24 77 4.576985
24 78 -10.620871
24 79 -0.688940
24 80 6.656097
24 81 8.022668
24 82 2.961096
24 83 -1.198400
24 84 5.493574
24 85 6.936108
24 86 -3.519752
24 87 -3.743036
24 88 1.119103
24 89 2.981020
24 90 5.486821
24 91 0.497076
24 92 7.778592
24 93 -0.991318
24 94 -13.241691
24 95 -10.908950
24 96 10.137268
24 97 -5.405441
24 98 -0.639502
24 99 -6.228050
25 0 1.323248
25 1 -6.326242
25 2 -0.383133
25 3 -8.317702
25 4 -6.739813
25 5 1.334071
25 6 -5.196427
25 7 6.882592
25 8 4.211752
25 9 3.143146
25 10 -0.360793
25 11 8.039152
25 12 5.998386
25 13 11.075714
25 14 9.987660
25 15 7.106814
25 16 -8.174575
25 17 -8.195321
25 18 -7.953952
25 19 -4.474821
25 20 6.767691
25 21 -8.762648
25 22 -4.768721
25 23 0.152022
25 24 -1.559357
25 25 -9.952585
25 26 -8.162624
25 27 -5.752312
25 28 4.129303
25 29 -10.110080
25 30 -10.319984
25 31 4.131379
25 32 -3.110315
25 33 -5.144631
25 34 7.202011
25 35 6.025151
25 36 9.889660
25 37 5.437144
25 38 2.449060
25 39 8.513573
25 40 -11.889974
25 41 7.779636
25 42 4.801309
25 43 8.123342
25 44 -8.317889
25 45 -9.325184
25 46 -1.548427
25 47 -4.946705
25 48 6.561178
25 49 -0.117682
25 50 -2.464305
25 51 8.972097
25 52 11.425827
25 53 -6.173356
25 54 -8.704273
25 55 2.892938
25 56 4.312409
25 57 -12.538485
25 58 4.179599
25 59 6.657141
25 60 -5.151242
25 61 -2.449748
25 62 -4.738320
25 63 -9.163473
25 64 -3.182302
25 65 11.743940
25 66 8.491387
25 67 -1.219902
25 68 2.502886
25 69 -4.079143
25 70 8.147141
25 71 -0.790822
25 72 3.156154
25 73 4.156831
25 74 -1.597762
25 75 -1.896471
25 76 8.435081
25 77 0.792935
25 78 -12.006895
25 79 -3.523916
25 80 -3.253789
25 81 -11.624490
25 82 2.478131
25 83 7.163136
25 84 -1.851529
25 85 8.330898
25 86 -5.913875
25 87 -13.349508
25 88 1.546206
25 89 -7.256830
25 90 -3.746240
25 91 -6.944342
25 92 -4.367404
25 93 -3.483020
25 94 -9.172279
25 95 -4.729597
25 96 4.714746
25 97 -5.532325
25 98 -13.152607
25 99 -7.791727
26 0 -1.933369
26 1 -9.761854
26 2 7.886168
26 3 3.349397
26 4 6.958807
26 5 -5.809678
26 6 4.647765
26 7 12.916546
26 8 -5.599325
26 9 -2.856708
26 10 -9.780820
26 11 -7.698249
26 12 -4.251481
26 13 -10.264434
26 14 3.069962
26 15 6.055723
26 16 -1.387796
26 17 -1.726228
26 18 -2.023151
26 19 0.653246
26 20 -2.587071
26 21 5.431175
26 22 -6.199467
26 23 -3.223490
26 24 -7.765408
26 25 -1.923084
26 26 -11.529434
26 27 0.507056
26 28 -9.694238
26 29 6.200577
26 30 8.903906
26 31 -5.034305
26 32 3.965817
26 33 -7.413462
26 34 9.626671
26 35 -0.393831
26 36 -7.550769
26 37 -1.961197
26 38 -3.789712
26 39 2.089206
26 40 2.344698
26 41 6.183194
26 42 -8.093559
26 43 1.754108
26 44 4.452557
26 45 5.857639
26 46 -2.422881
26 47 -2.797684
26 48 3.509785
26 49 1.925522
26 50 -8.088627
26 51 -13.780837
26 52 3.902980
26 53 4.903386
26 54 -9.372292
26 55 7.744645
26 56 -8.371708
26 57 11.460344
26 58 -8.149539
26 59 1.315204
26 60 5.036374
26 61 -7.042582
26 62 -1.040440
26 63 -7.499097
26 64 1.403000
26 65 -7.293208
26 66 12.295801
26 67 3.747712
26 68 -7.322225
26 69 -3.895843
26 70 -1.966482
26 71 -3.855084
26 72 -7.550991
26 73 6.315025
26 74 13.400010
26 75 -4.654088
26 76 -5.537894
26 77 9.278410
26 78 -6.865170
26 79 7.749590
26 80 2.154122
26 81 -4.502979
26 82 3.001718
26 83 -3.836626
26 84 9.924751
26 85 -0.414109
26 86 -6.987996
26 87 -3.320654
26 88 -2.393870
26 89 8.039805
26 90 1.997469
26 91 2.356813
26 92 -9.131471
26 93 -3.799676
26 94 4.383378
26 95 1.057121
26 96 -0.600510
26 97 5.283454
26 98 -5.410885
26 99 -10.566320
27 0 -7.188327
27 1 0.433118
27 2 -0.271813
27 3 -2.000437
27 4 -4.684803
27 5 -7.916578
27 6 8.211850
27 7 -8.712158
27 8 -10.099843
27 9 10.181414
27 10 -8.852968
27 11 -8.964279
27 12 9.676640
27 13 3.146815
27 14 5.728107
27 15 -7.206668
27 16 -4.295679
27 17 -8.653942
27 18 3.499773
27 19 -8.906280
27 20 9.378663
27 21 -0.267375
27 22 7.107893
27 23 -4.412772
27 24 -5.314972
27 25 6.632817
27 26 -1.186642
27 27 3.270347
27 28 4.797057
27 29 -11.456798
27 30 6.573555
27 31 8.220256
27 32 3.737196
27 33 -5.484392
27 34 0.974482
27 35 -6.437066
27 36 -11.236960
27 37 2.179550
27 38 7.825230
27 39 -7.917225
27 40 4.408351
27 41 -2.207711
27 42 6.885309
27 43 5.195158
27 44 11.026341
27 45 1.774166
27 46 5.540749
27 47 4.310181
27 48 6.189847
27 49 2.497303
27 50 -6.695772
27 51 -4.905151
27 52 -2.224932
27 53 0.201156
27 54 -4.651215
27 55 -8.942837
27 56 2.286603
27 57 6.202211
27 58 -0.042871
27 59 10.770437
27 60 -3.346420
27 61 -2.739217
27 62 -6.319330
27 63 -5.046340
27 64 0.060333
27 65 8.485785
27 66 -1.679096
27 67 -2.660808
27 68 -8.966811
27 69 -6.165723
27 70 -9.309192
27 71 4.926911
27 72 8.545535
27 73 -9.219431
27 74 -6.910444
27 75 -8.646183
27 76 4.772001
27 77 5.822116
27 78 7.857332
27 79 0.808690
27 80 0.843963
27 81 3.192858
27 82 2.109620
27 83 5.583418
27 84 2.244944
27 85 -2.350855
27 86 9.857764
27 87 -1.489014
27 88 -5.408097
27 89 1.900085
27 90 0.388339
27 91 -4.018685
27 92 7.848637
27 93 -1.850638
27 94 -2.884509
27 95 8.376822
27 96 -3.095275
27 97 -7.879778
27 98 2.385429
27 99 -1.774221
28 0 -1.418455
28 1 -10.175051
28 2 8.630087
28 3 5.510852
28 4 -0.808249
28 5 6.260443
28 6 6.171944
28 7 4.834544
28 8 -3.698400
28 9 -7.520913
28 10 -6.534450
28 11 3.877960
28 12 -9.348536
28 13 6.834386
28 14 7.667472
28 15 -0.346974
28 16 -6.145942
28 17 -3.574575
28 18 9.336341
28 19 -9.216771
28 20 5.240435
28 21 -0.037572
28 22 -5.048094
28 23 1.521692
28 24 -8.722875
28 25 8.470507
28 26 8.849590
28 27 10.925764
28 28 8.913567
28 29 1.841141
28 30 4.654009
28 31 0.313434
28 32 7.086321
28 33 9.873289
28 34 -0.570321
28 35 8.818394
28 36 8.743946
28 37 9.587654
28 38 5.208585
28 39 -0.049888
28 40 4.022032
28 41 -11.122871
28 42 2.120839
28 43 -5.399641
28 44 3.514650
28 45 -2.537070
28 46 6.598092
28 47 -8.207974
28 48 1.489778
28 49 -1.377297
28 50 0.058928
28 51 -6.992386
28 52 -4.811580
28 53 9.468201
28 54 -5.038629
28 55 3.002490
28 56 5.657144
28 57 -6.573934
28 58 3.020884
28 59 2.528456
28 60 -7.151448
28 61 -6.087664
28 62 4.682146
28 63 -6.112935
28 64 8.841251
28 65 -6.959318
28 66 -6.352114
28 67 1.727510
28 68 -1.481177
28 69 -7.636069
28 70 -8.252215
28 71 -6.390428
28 72 2.756860
28 73 -1.709805
28 74 3.548231
28 75 -6.048021
28 76 -0.145925
28 77 6.767123
28 78 7.791836
28 79 2.682282
28 80 6.255382
28 81 9.076964
28 82 7.867578
28 83 5.607754
28 84 9.911810
28 85 -0.461112
28 86 -5.802401
28 87 0.629117
28 88 -10.279210
28 89 -1.635802
28 90 4.539442
28 91 -4.590738
28 92 2.989925
28 93 -2.756514
28 94 -3.507411
28 95 -1.774789
28 96 1.560477
28 97 -10.462596
28 98 0.011094
28 99 0.610269
29 0 4.350942
29 1 10.034103
29 2 10.006438
29 3 -6.684680
29 4 -6.649694
29 5 6.138080
29 6 6.640897
29 7 -7.195852
29 8 1.410281
29 9 1.476188
29 10 -7.594828
29 11 3.999814
29 12 -2.925959
29 13 -1.433032
29 14 3.371402
29 15 -0.697761
29 16 -7.996170
29 17 1.342982
29 18 4.910748
29 19 -2.400259
29 20 9.822979
29 21 -5.225254
29 22 10.283406
29 23 -3.315144
29 24 2.537556
29 25 4.387331
29 26 6.779055
29 27 1.200692
29 28 -0.822391
29 29 11.115894
29 30 4.213687
29 31 -4.468376
29 32 -0.404776
29 33 -5.313513
29 34 -10.133743
29 35 -2.437399
29 36 -5.934321
29 37 0.382646
29 38 9.659978
29 39 3.119392
29 40 8.441129
29 41 -6.635081
29 42 8.467394
29 43 -6.187552
29 44 -3.310315
29 45 10.218351
29 46 -4.449224
29 47 -8.297301
29 48 -5.219810
29 49 -5.510510
29 50 11.620725
29 51 3.508099
29 52 -3.066209
29 53 0.692542
29 54 4.298291
29 55 -8.233788
29 56 3.407854
29 57 -9.461125
29 58 0.302222
29 59 1.279447
29 60 3.444267
29 61 7.669284
29 62 -0.680016
29 63 -5.349348
29 64 12.123986
29 65 6.253313
29 66 2.684302
29 67 -6.959212
29 68 -6.417074
29 69 6.531177
29 70 -5.363101
29 71 -2.844462
29 72 -3.276934
29 73 -2.147677
29 74 6.071837
29 75 -6.815598
29 76 9.662493
29 77 -8.903907
29 78 3.953932
29 79 2.916480
29 80 -4.929292
29 81 8.633001
29 82 9.314422
29 83 2.540254
29 84 -2.755336
29 85 -4.103980
29 86 -3.799564
29 87 9.357926
29 88 4.439446
29 89 -3.261010
29 90 -9.507897
29 91 -4.278639
29 92 8.129804
29 93 7.837724
29 94 -7.839140
29 95 -4.979068
29 96 0.526881
29 97 -6.890026
29 98 -4.719458
29 99 5.834586
30 0 8.402560
30 1 -4.967323
30 2 -9.228067
30 3 10.464676
30 4 8.554213
30 5 2.799412
30 6 1.784260
30 7 -4.428148
30 8 1.170607
30 9 -5.387204
30 10 -5.903380
30 11 5.742580
30 12 -3.972207
30 13 3.270508
30 14 -10.551771
30 15 -10.323787
30 16 -8.635057
30 17 4.707464
30 18 -5.027299
30 19 5.858006
30 20 5.386298
30 21 6.672142
30 22 -2.552387
30 23 -5.220072
30 24 1.023099
30 25 7.603921
30 26 -7.461224
30 27 4.388547
30 28 -4.683885
30 29 3.276879
30 30 -4.253185
30 31 -9.980427
30 32 7.043108
30 33 5.882269
30 34 -3.167018
30 35 -1.510145
30 36 -4.852304
30 37 -6.088573
30 38 -5.362685
30 39 -4.773628
30 40 7.414321
30 41 8.123201
30 42 -7.135085
30 43 -0.326368
30 44 2.119848
30 45 -9.055505
30 46 -1.651282
30 47 2.891039
30 48 5.722845
30 49 -0.608501
30 50 -13.031541
30 51 -8.242855
30 52 -0.677404
30 53 11.464397
30 54 -6.663847
30 55 2.703473
30 56 3.733498
30 57 4.095234
30 58 6.224270
30 59 -8.806602
30 60 -9.280125
30 61 -1.982685
30 62 -5.957600
30 63 -1.132215
30 64 -2.357845
30 65 5.816947
30 66 -5.043377
30 67 2.372671
30 68 1.037995
30 69 1.938903
30 70 -5.867245
30 71 11.391555
30 72 9.410246
30 73 5.725537
30 74 10.513570
30 75 3.298248
30 76 4.534895
30 77 1.240316
30 78 -6.190809
30 79 -5.648924
30 80 0.364704
30 81 -5.441184
30 82 0.109144
30 83 -4.957758
30 84 -1.958004
30 85 3.286988
30 86 -1.205486
30 87 -9.068316
30 88 1.486137
30 89 -8.218601
30 90 8.354347
30 91 -5.630052
30 92 -1.513927
30 93 5.438577
30 94 4.796396
30 95 3.842778
30 96 -5.244510
30 97 5.117505
30 98 2.449009
30 99 4.743568
31 0 5.277369
31 1 6.673808
31 2 0.442034
31 3 9.505055
31 4 3.193361
31 5 -8.738300
31 6 2.664220
31 7 5.097639
31 8 -4.619719
31 9 5.387007
31 10 -0.907116
31 11 -6.981821
31 12 -4.243460
31 13 -7.037652
31 14 3.484787
31 15 8.993704
31 16 -1.943814
31 17 -2.444614
31 18 1.126619
31 19 -2.499188
31 20 -7.873900
31 21 -5.922962
31 22 8.836381
31 23 -4.053008
31 24 -4.319649
31 25 7.090797
31 26 7.105134
31 27 -8.396902
31 28 -5.840964
31 29 -9.190330
31 30 2.784635
31 31 2.329811
31 32 -7.963741
31 33 10.954299
31 34 3.804140
31 35 -2.201211
31 36 1.618760
31 37 -1.480699
31 38 2.309503
31 39 -2.954977
31 40 -4.117607
31 41 -8.943629
31 42 -0.669121
31 43 5.048199
31 44 4.182566
31 45 -2.501165
31 46 0.154123
31 47 -6.817850
31 48 -5.205229
31 49 -6.871042
31 50 9.707667
31 51 5.239122
31 52 6.918958
31 53 5.940442
31 54 3.947542
31 55 -7.955172
31 56 7.688488
31 57 -10.231449
31 58 4.134931
31 59 7.201979
31 60 -1.554417
31 61 -8.136585
31 62 -5.992959
31 63 4.951334
31 64 -1.594948
31 65 5.259185
31 66 -5.073235
31 67 1.699066
31 68 -11.239129
31 69 6.227086
31 70 4.210672
31 71 9.209836
31 72 -8.015329
31 73 -0.234135
31 74 -5.876438
31 75 -7.210929
31 76 3.545912
31 77 7.210063
31 78 -1.855609
31 79 4.277404
31 80 -4.792136
31 81 11.710132
31 82 2.979062
31 83 7.168936
31 84 5.346004
31 85 4.672691
31 86 -11.068054
31 87 -3.919532
31 88 -2.986562
31 89 -6.688097
31 90 -5.879802
31 91 0.283863
31 92 9.628337
31 93 7.590676
31 94 8.128114
31 95 -3.478899
31 96 -11.608876
31 97 -9.086041
31 98 5.387399
31 99 4.624126
32 0 -6.689489
32 1 2.858239
32 2 -1.505104
32 3 -9.245757
32 4 8.951058
32 5 -7.924793
32 6 7.540760
32 7 -5.015408
32 8 -2.032261
32 9 -6.721124
32 10 -0.946925
32 11 3.237932
32 12 2.762704
32 13 -5.755982
32 14 11.052805
32 15 -8.294742
32 16 -1.291093
32 17 4.320283
32 18 0.403606
32 19 -0.238743
32 20 -4.720997
32 21 4.801907
32 22 9.366306
32 23 7.489634
32 24 1.537813
32 25 1.246617
32 26 8.528211
32 27 -5.351687
32 28 10.923993
32 29 -1.312923
32 30 4.431442
32 31 -9.012136
32 32 3.380094
32 33 2.830468
32 34 6.261987
32 35 -2.665583
32 36 6.563589
32 37 1.189633
32 38 -3.680390
32 39 -10.030106
32 40 1.589053
32 41 1.634704
32 42 -8.155299
32 43 -1.680766
32 44 -0.353554
32 45 -3.078485
32 46 -5.092250
32 47 9.460111
32 48 -12.072169
32 49 -3.929607
32 50 4.345191
32 51 -2.109527
32 52 0.625827
32 53 0.164681
32 54 -11.557930
32 55 1.850669
32 56 8.424334
32 57 -1.367706
32 58 4.157728
32 59 12.433720
32 60 0.047643
32 61 3.990261
32 62 2.573123
32 63 7.997109
32 64 -11.102874
32 65 -2.894750
32 66 -5.421890
32 67 5.300800
32 68 1.921632
32 69 -5.444647
32 70 1.266912
32 71 0.077416
32 72 0.369980
32 73 1.349103
32 74 -10.746401
32 75 -2.331429
32 76 9.164553
32 77 -4.824186
32 78 7.994968
32 79 11.835966
32 80 6.743262
32 81 -7.542250
32 82 6.707275
32 83 5.165926
32 84 4.713762
32 85 1.169216
32 86 -3.208630
32 87 3.396573
32 88 3.955733
32 89 -8.708106
32 90 2.934048
32 91 -1.328934
32 92 2.527673
32 93 1.877874
32 94 0.195670
32 95 -2.548641
32 96 -7.588527
32 97 -5.012968
32 98 -6.321839
32 99 -2.504839
33 0 10.447026
33 1 -4.335187
33 2 -2.142378
33 3 2.429027
33 4 -6.112648
33 5 4.838366
33 6 10.982816
33 7 -5.070511
33 8 -1.859880
33 9 -2.315157
33 10 -9.970826
33 11 -5.170309
33 12 -0.288616
33 13 1.158881
33 14 0.209573
33 15 5.976663
33 16 7.722701
33 17 -1.570316
33 18 7.923488
33 19 -5.253862
33 20 8.221483
33 21 1.113179
33 22 0.545138
33 23 8.251090
33 24 -11.952926
33 25 -1.149482
33 26 -5.448912
33 27 -2.454064
33 28 -6.110035
33 29 -6.475688
33 30 -0.632035
33 31 4.255480
33 32 5.276022
33 33 -12.146762
33 34 8.037109
33 35 3.143249
33 36 -1.661193
33 37 7.861625
33 38 8.502479
33 39 1.436295
33 40 3.316951
33 41 1.969955
33 42 5.398790
33 43 5.634435
33 44 8.210038
33 45 6.794026
33 46 1.541341
33 47 2.607735
33 48 8.748884
33 49 -0.396119
33 50 -1.985011
33 51 6.915333
33 52 6.725208
33 53 -5.673539
33 54 0.045929
33 55 -4.844981
33 56 1.609329
33 57 8.051890
33 58 4.761157
33 59 -8.132235
33 60 -8.681262
33 61 10.110742
33 62 -3.181387
33 63 -10.786922
33 64 -8.134338
33 65 -8.100047
33 66 8.216465
33 67 -9.468793
33 68 -0.860412
33 69 -7.278257
33 70 6.453594
33 71 -7.781161
33 72 -1.043590
33 73 5.195804
33 74 2.557589
33 75 5.633446
33 76 -6.967575
33 77 3.726354
33 78 2.560188
33 79 0.636230
33 80 4.209903
33 81 7.791226
33 82 -2.684699
33 83 -4.089197
33 84 -6.406308
33 85 -4.491706
33 86 -7.738020
33 87 -6.540710
33 88 2.534734
33 89 9.867590
33 90 -7.187204
33 91 0.000713
33 92 6.702312
33 93 -5.720105
33 94 8.773637
33 95 -1.706512
33 96 2.993454
33 97 4.827293
33 98 8.878692
33 99 7.898706
34 0 4.124688
34 1 -8.333154
34 2 1.244748
34 3 0.400900
34 4 -9.560481
34 5 -0.629357
34 6 -9.170010
34 7 2.805325
34 8 -4.605862
34 9 -2.934845
34 10 2.491058
34 11 -0.465819
34 12 -2.760073
34 13 -5.063053
34 14 -2.860661
34 15 2.537300
34 16 -2.030245
34 17 6.776926
34 18 0.786221
34 19 2.735487
34 20 1.663048
34 21 -3.672197
34 22 6.966347
34 23 -5.482013
34 24 9.863824
34 25 0.113557
34 26 -2.858055
34 27 -7.486705
34 28 2.352473
34 29 5.702147
34 30 -0.626859
34 31 -6.655760
34 32 -6.854405
34 33 1.487232
34 34 -9.545417
34 35 4.198759
34 36 3.665312
34 37 5.948171
34 38 9.408689
34 39 -3.877186
34 40 7.928253
34 41 9.062682
34 42 -7.870917
34 43 -1.533241
34 44 -0.506713
34 45 0.629954
34 46 -7.128509
34 47 1.788193
34 48 -6.183241
34 49 -1.005654
34 50 -6.820329
34 51 -1.754732
34 52 4.152975
34 53 6.108440
34 54 8.348085
34 55 6.790529
34 56 8.645103
34 57 -6.365969
34 58 -4.596128
34 59 -6.814041
34 60 8.156141
34 61 -11.366203
34 62 -12.881243
34 63 5.561038
34 64 3.476129
34 65 -6.883764
34 66 -6.771779
34 67 -0.077502
34 68 5.451250
34 69 -6.776466
34 70 8.754672
34 71 -6.847507
34 72 3.485283
34 73 1.512434
34 74 -3.961415
34 75 2.493866
34 76 -1.657556
34 77 -2.497560
34 78 -1.833748
34 79 3.654240
34 80 6.515468
34 81 1.167465
34 82 6.175227
34 83 7.147828
34 84 1.081775
34 85 1.326710
34 86 -8.447724
34 87 4.380313
34 88 6.707570
34 89 -1.189449
34 90 -5.193642
34 91 -3.282196
34 92 1.936494
34 93 4.378023
34 94 -3.594951
34 95 3.635062
34 96 -11.395293
34 97 5.234226
34 98 2.281920
34 99 -4.621792
35 0 10.134559
35 1 8.937628
35 2 -5.203133
35 3 8.254718
35 4 -11.064794
35 5 -0.845249
35 6 -4.647849
35 7 -4.232842
35 8 -4.521424
35 9 -0.970106
35 10 -2.854778
35 11 -4.881413
35 12 5.665086
35 13 -3.753041
35 14 8.070757
35 15 -7.907636
35 16 3.245092
35 17 7.544825
35 18 -7.154222
35 19 4.244579
35 20 -4.069257
35 21 1.953036
35 22 -4.832584
35 23 -6.392199
35 24 0.143965
35 25 -8.268755
35 26 -8.212908
35 27 -2.153335
35 28 6.043094
35 29 3.261748
35 30 -12.701318
35 31 -1.937269
35 32 -5.630535
35 33 4.073627
35 34 -3.263715
35 35 -7.819102
35 36 0.568082
35 37 -2.327608
35 38 7.569974
35 39 10.934701
35 40 1.713142
35 41 -3.468034
35 42 -7.000701
35 43 9.358973
35 44 -7.314614
35 45 9.526697
35 46 -5.265252
35 47 -6.573170
35 48 -10.642502
35 49 -9.232688
35 50 -6.239740
35 51 1.533542
35 52 6.013378
35 53 7.915679
35 54 10.872502
35 55 3.849704
35 56 -3.851426
35 57 -2.264707
35 58 -6.109190
35 59 -9.330099
35 60 11.517327
35 61 10.164834
35 62 3.732344
35 63 -0.831229
35 64 -10.269084
35 65 6.659122
35 66 1.639391
35 67 -9.118786
35 68 -8.508228
35 69 -7.307698
35 70 3.162489
35 71 -4.464732
35 72 -6.827358
35 73 -8.427499
35 74 -9.411597
35 75 0.345028
35 76 -1.186923
35 77 -1.556423
35 78 -6.995164
35 79 -2.811850
35 80 4.654716
35 81 -4.754944
35 82 -0.702398
35 83 -3.807786
35 84 -1.528577
35 85 5.297887
35 86 -1.125689
35 87 -6.669104
35 88 -3.761324
35 89 1.476665
35 90 4.410325
35 91 7.572781
35 92 5.775184
35 93 10.053509
35 94 -5.196793
35 95 5.781807
35 96 -2.687531
35 97 -2.035198
35 98 -8.759011
35 99 -3.704839
36 0 -9.968123
36 1 8.185365
36 2 7.767758
36 3 -8.795681
36 4 -1.693554
36 5 1.958248
36 6 3.441283
36 7 0.841924
36 8 5.304756
36 9 6.579653
36 10 -0.313209
36 11 -2.689831
36 12 3.086597
36 13 -8.729419
36 14 -6.071222
36 15 2.958167
36 16 6.842095
36 17 -11.158667
36 18 11.897624
36 19 5.432348
36 20 1.620864
36 21 -3.317738
36 22 6.908107
36 23 -1.183509
36 24 -5.618015
36 25 -9.820153
36 26 4.302000
36 27 -1.719735
36 28 2.725489
36 29 6.507245
36 30 3.949056
36 31 11.758609
36 32 -3.465947
36 33 4.064386
36 34 1.193827
36 35 -2.530524
36 36 0.880617
36 37 5.940864
36 38 3.554427
36 39 8.408175
36 40 -8.564949
36 41 -8.140969
36 42 -7.245372
36 43 3.018026
36 44 8.124835
36 45 -6.818578
36 46 -0.606460
36 47 8.963227
36 48 -1.720709
36 49 2.033127
36 50 0.033410
36 51 3.028489
36 52 -5.779920
36 53 8.527124
36 54 1.615580
36 55 -11.144361
36 56 4.522321
36 57 -1.257640
36 58 6.387983
36 59 3.139362
36 60 -7.500878
36 61 9.843784
36 62 -7.765240
36 63 6.599107
36 64 -2.437625
36 65 2.587938
36 66 -3.783536
36 67 0.951600
36 68 -4.619798
36 69 7.213682
36 70 1.794263
36 71 -3.004721
36 72 6.498975
36 73 -5.648475
36 74 -6.247318
36 75 7.632074
36 76 5.759663
36 77 8.157028
36 78 1.299614
36 79 0.531958
36 80 -1.243253
36 81 10.102717
36 82 4.941836
36 83 -4.712512
36 84 -0.717574
36 85 -10.974636
36 86 3.433592
36 87 -6.659758
36 88 -12.801909
36 89 -4.118744
36 90 1.988009
36 91 -11.676030
36 92 2.284477
36 93 -1.423386
36 94 -8.957820
36 95 -0.460300
36 96 -2.300610
36 97 7.958650
36 98 8.980496
36 99 12.566896
37 0 -0.391915
37 1 6.716382
37 2 -3.504974
37 3 9.750705
37 4 7.407194
37 5 -3.729956
37 6 -6.608311
37 7 5.965663
37 8 8.899647
37 9 2.421994
37 10 -5.876629
37 11 4.185623
37 12 7.066943
37 13 4.222978
37 14 7.452495
37 15 -3.526870
37 16 4.770406
37 17 -3.960639
37 18 -6.868546
37 19 4.512542
37 20 -6.367073
37 21 3.680522
37 22 -2.200986
37 23 -6.503463
37 24 2.647918
37 25 13.153219
37 26 -0.017844
37 27 5.496509
37 28 2.747641
37 29 9.121596
37 30 3.199838
37 31 -3.276293
37 32 -6.111467
37 33 0.430338
37 34 7.461761
37 35 3.612058
37 36 1.090980
37 37 -0.229521
37 38 -12.047038
37 39 -3.672588
37 40 9.771353
37 41 -3.955358
37 42 0.211562
37 43 -4.764603
37 44 8.819779
37 45 -5.487700
37 46 2.363644
37 47 -5.059471
37 48 -4.234762
37 49 9.873225
37 50 6.746563
37 51 -10.991274
37 52 8.867254
37 53 -3.230639
37 54 -6.113869
37 55 -0.189371
37 56 -7.123249
37 57 2.462815
37 58 -9.065770
37 59 10.179318
37 60 -0.474726
37 61 -9.435850
37 62 3.956711
37 63 -0.874053
37 64 -4.538472
37 65 -6.418473
37 66 -5.835953
37 67 -4.886193
37 68 -11.098992
37 69 5.552828
37 70 -6.512849
37 71 1.118165
37 72 2.920843
37 73 -8.662681
37 74 5.178042
37 75 -5.810745
37 76 -4.954903
37 77 0.630589
37 78 1.041404
37 79 -3.660880
37 80 -2.130831
37 81 -3.327179
37 82 -0.015212
37 83 -5.540382
37 84 -10.441112
37 85 -6.281225
37 86 9.683892
37 87 2.514723
37 88 -0.822860
37 89 -9.160970
37 90 8.048348
37 91 -3.907880
37 92 -4.326925
37 93 -0.677943
37 94 6.302208
37 95 7.569929
37 96 5.088490
37 97 -1.359333
37 98 2.944996
37 99 5.182779
38 0 -6.393393
38 1 -7.538801
38 2 9.011331
38 3 8.033104
38 4 4.614395
38 5 2.455041
38 6 8.105751
38 7 -10.452563
38 8 2.992617
38 9 0.583718
38 10 7.221758
38 11 -1.587300
38 12 -9.799808
38 13 5.031973
38 14 -6.777073
38 15 9.089936
38 16 4.986801
38 17 -4.554463
38 18 -1.806638
38 19 -9.650503
38 20 3.272148
38 21 -5.939547
38 22 -1.459642
38 23 8.131976
38 24 -2.351491
38 25 -9.229934
38 26 -12.344472
38 27 1.544808
38 28 -0.353226
38 29 5.320271
38 30 2.614169
38 31 5.139558
38 32 -0.005845
38 33 3.483684
38 34 -4.887554
38 35 3.060615
38 36 7.233856
38 37 -1.402915
38 38 5.347396
38 39 -1.195298
38 40 1.727797
38 41 8.720465
38 42 11.609267
38 43 2.398876
38 44 -5.602254
38 45 -2.416316
38 46 -6.695976
38 47 9.515582
38 48 11.648449
38 49 -0.991408
38 50 1.787510
38 51 -0.247325
38 52 -4.795917
38 53 -1.053058
38 54 -10.701897
38 55 -5.410062
38 56 -2.471912
38 57 -7.969949
38 58 4.007168
38 59 2.236210
38 60 -10.265870
38 61 8.177650
38 62 -12.151906
38 63 -4.701190
38 64 -3.329695
38 65 -0.449435
38 66 10.146932
38 67 -5.116285
38 68 6.682598
38 69 4.007494
38 70 3.122419
38 71 -3.951761
38 72 0.136922
38 73 -4.468712
38 74 -1.923971
38 75 -2.972737
38 76 11.018956
38 77 -4.391367
38 78 7.742287
38 79 -4.252208
38 80 4.257954
38 81 -2.388511
38 82 -5.994461
38 83 6.653277
38 84 9.936664
38 85 11.165310
38 86 4.075988
38 87 3.752087
38 88 -4.994020
38 89 -3.435362
38 90 7.912751
38 91 -1.678515
38 92 8.269262
38 93 -4.586630
38 94 8.597348
38 95 -7.430410
38 96 6.659849
38 97 6.138355
38 98 1.238958
38 99 2.878521
39 0 -4.419273
39 1 0.372078
39 2 -7.479564
39 3 10.360172
39 4 3.325935
39 5 3.654728
39 6 6.664268
39 7 3.124909
39 8 4.137963
39 9 -10.371029
39 10 6.317297
39 11 -2.206011
39 12 -0.049883
39 13 -11.399925
39 14 8.357582
39 15 7.072594
39 16 3.948734
39 17 -3.978475
39 18 -1.102697
39 19 -5.305078
39 20 10.398453
39 21 12.384156
39 22 3.899341
39 23 6.172767
39 24 -2.515648
39 25 2.273194
39 26 -1.525288
39 27 2.653192
39 28 2.606508
39 29 10.665038
39 30 1.682234
39 31 9.515240
39 32 -2.331304
39 33 6.422093
39 34 -7.298895
39 35 -2.983987
39 36 0.215952
39 37 -2.331435
39 38 6.184632
39 39 -4.991934
39 40 9.750539
39 41 -6.587722
39 42 0.880858
39 43 -7.347915
39 44 -7.120832
39 45 -4.332813
39 46 1.519823
39 47 0.329507
39 48 2.239920
39 49 -4.329778
39 50 6.455942
39 51 -8.707495
39 52 3.035813
39 53 -6.963118
39 54 -2.339123
39 55 8.054894
39 56 8.334570
39 57 2.844444
39 58 6.166208
39 59 -2.154591
39 60 2.772384
39 61 -5.107191
39 62 5.538091
39 63 5.358132
39 64 5.205172
39 65 11.931223
39 66 -6.510567
39 67 -7.715308
39 68 7.551679
39 69 -1.301874
39 70 7.216332
39 71 2.690523
39 72 -4.031248
39 73 3.967843
39 74 6.351783
39 75 -4.085704
39 76 -6.184807
39 77 0.846427
39 78 1.340216
39 79 -2.565504
39 80 8.728450
39 81 7.907575
39 82 1.711207
39 83 -9.789181
39 84 -2.728947
39 85 6.821708
39 86 -11.538725
39 87 5.926935
39 88 -11.308081
39 89 -6.940273
39 90 0.225375
39 91 1.037333
39 92 -5.760940
39 93 -5.070572
39 94 5.038278
39 95 -4.136531
39 96 3.967337
39 97 6.118103
39 98 7.183101
39 99 11.230381
40 0 0.091847
40 1 4.009691
40 2 -4.493088
40 3 3.677778
40 4 -7.373947
40 5 3.349550
40 6 -0.282542
40 7 -2.032278
40 8 -6.849264
40 9 3.715821
40 10 3.832798
40 11 3.691253
40 12 -5.749476
40 13 -8.828070
40 14 6.095178
40 15 0.709888
40 16 -7.326245
40 17 -1.824712
40 18 -5.065807
40 19 1.041440
40 20 5.949548
40 21 5.295348
40 22 -5.725887
40 23 -6.089823
40 24 0.907422
40 25 -5.575656
40 26 1.181882
40 27 -0.616875
40 28 -5.949325
40 29 5.044486
40 30 4.144081
40 31 -6.492468
40 32 -3.383408
40 33 -4.985874
40 34 0.773811
40 35 3.369687
40 36 -4.327688
40 37 3.056036
40 38 2.234988
40 39 1.992616
40 40 1.492992
40 41 6.597385
40 42 -0.618619
40 43 1.298278
40 44 6.762057
40 45 -0.651011
40 46 1.305400
40 47 -5.357118
40 48 8.633452
40 49 3.281931
40 50 1.278881
40 51 -9.254608
40 52 9.415367
40 53 9.570315
40 54 11.804421
40 55 -3.058037
40 56 -2.305653
40 57 -10.028949
40 58 -7.463013
40 59 -13.237060
40 60 -5.129290
40 61 8.616110
40 62 -6.393038
40 63 6.969977
40 64 -8.075117
40 65 -8.932947
40 66 9.702223
40 67 -3.141181
40 68 4.977747
40 69 -2.571863
40 70 -9.771542
40 71 -8.637724
40 72 1.272143
40 73 7.956544
40 74 -11.060209
40 75 -5.452346
40 76 5.336270
40 77 1.764693
40 78 3.709064
40 79 2.856927
40 80 7.157791
40 81 -5.131936
40 82 -9.133534
40 83 10.080296
40 84 -3.881567
40 85 -2.852397
40 86 6.774477
40 87 3.004362
40 88 2.538215
40 89 -4.092303
40 90 3.641405
40 91 -8.658915
40 92 -3.239573
40 93 4.981722
40 94 -0.725802
40 95 7.059308
40 96 6.234727
40 97 -1.933558
40 98 2.345911
40 99 4.934461
41 0 -11.871013
41 1 0.251193
41 2 7.894404
41 3 -11.155251
41 4 4.533297
41 5 -3.796610
41 6 -9.971602
41 7 -8.774764
41 8 1.166909
41 9 -3.608262
41 10 -4.056571
41 11 -5.606532
41 12 -2.327035
41 13 -8.196073
41 14 -7.365243
41 15 7.378713
41 16 -4.191879
41 17 2.136043
41 18 0.213149
41 19 -5.839732
41 20 -6.004273
41 21 -3.284068
41 22 -6.199984
41 23 -2.048986
41 24 1.172730
41 25 0.335120
41 26 -1.085461
41 27 7.214749
41 28 -5.820542
41 29 -4.144655
41 30 8.528671
41 31 -3.924678
41 32 7.235271
41 33 -5.445817
41 34 9.894404
41 35 5.202200
41 36 5.742531
41 37 -7.909467
41 38 -5.861461
41 39 -2.589394
41 40 -4.634311
41 41 -11.156538
41 42 3.513575
41 43 3.288208
41 44 1.424278
41 45 -10.895995
41 46 -0.707766
41 47 -1.131533
41 48 -2.851200
41 49 8.085517
41 50 -9.182205
41 51 -3.529894
41 52 -11.959636
41 53 -0.379612
41 54 -1.712042
41 55 6.917780
41 56 9.878172
41 57 -6.286364
41 58 8.769657
41 59 7.867990
41 60 2.415567
41 61 -3.381050
41 62 7.441544
41 63 -5.542438
41 64 5.320839
41 65 6.211118
41 66 -2.241187
41 67 -7.610752
41 68 6.984609
41 69 0.716991
41 70 -6.071630
41 71 -6.123998
41 72 7.562886
41 73 3.780522
41 74 -0.407351
41 75 -7.631448
41 76 0.276286
41 77 0.126784
41 78 2.313550
41 79 -5.127398
41 80 -0.272614
41 81 7.991087
41 82 8.355603
41 83 13.184671
41 84 -6.932202
41 85 -0.609701
41 86 -8.851206
41 87 6.261200
41 88 -1.833731
41 89 -8.803463
41 90 -6.254230
41 91 -3.955952
41 92 7.216887
41 93 -1.312055
41 94 5.645417
41 95 -6.450451
41 96 6.730189
41 97 -9.463355
41 98 -1.110578
41 99 6.754505
42 0 -7.437998
42 1 0.921059
42 2 -2.375076
42 3 11.889618
42 4 -7.893110
42 5 0.703796
42 6 -1.576638
42 7 -2.941647
42 8 7.311054
42 9 8.172549
42 10 -2.655278
42 11 -7.194559
42 12 -9.953823
42 13 7.290006
42 14 -7.740993
42 15 -12.050989
42 16 3.289454
42 17 9.137847
42 18 0.593980
42 19 -1.903682
42 20 1.846666
42 21 2.109567
42 22 5.221188
42 23 11.362929
42 24 4.873478
42 25 -5.465233
42 26 3.269420
42 27 3.313178
42 28 -5.873309
42 29 4.093274
42 30 3.355079
42 31 -8.559018
42 32 6.197317
42 33 -5.711671
42 34 4.826139
42 35 1.810766
42 36 -7.533288
42 37 7.160793
42 38 10.717397
42 39 -8.827983
42 40 -8.169381
42 41 -1.312099
42 42 -7.201101
42 43 -5.823654
42 44 -8.271576
42 45 -10.933914
42 46 9.233512
42 47 7.604520
42 48 -1.664347
42 49 2.319613
42 50 -8.196072
42 51 -8.169552
42 52 10.245909
42 53 9.419961
42 54 -1.159377
42 55 -1.762679
42 56 -0.301862
42 57 -1.022117
42 58 -8.588113
42 59 -7.395164
42 60 -8.307544
42 61 4.482975
42 62 2.093293
42 63 -3.614000
42 64 -1.769580
42 65 5.947370
42 66 -1.504047
42 67 0.494941
42 68 3.429216
42 69 8.740584
42 70 -7.146687
42 71 -10.279558
42 72 -1.045085
42 73 3.661632
42 74 6.859248
42 75 -6.411599
42 76 -0.884186
42 77 -0.155539
42 78 0.050506
42 79 5.183717
42 80 2.457708
42 81 4.536499
42 82 1.730013
42 83 0.364497
42 84 -6.990651
42 85 0.539755
42 86 -3.281078
42 87 -8.126265
42 88 -8.180652
42 89 -3.421853
42 90 7.139479
42 91 -9.826425
42 92 -9.671384
42 93 6.554548
42 94 -2.088593
42 95 -0.081360
42 96 -7.379506
42 97 5.770255
42 98 9.169419
42 99 5.690519
43 0 -6.101856
43 1 -8.523708
43 2 -5.318397
43 3 2.108686
43 4 0.223069
43 5 7.026927
43 6 9.475860
43 7 -5.662463
43 8 1.468432
43 9 8.795224
43 10 -6.249809
43 11 8.313336
43 12 -4.476237
43 13 3.730768
43 14 4.288451
43 15 3.093700
43 16 -2.896959
43 17 -5.276142
43 18 5.439304
43 19 9.873797
43 20 9.586605
43 21 4.640367
43 22 -5.312788
43 23 -2.936152
43 24 -0.345796
43 25 6.399801
43 26 0.083830
43 27 7.563283
43 28 -5.053338
43 29 -2.228349
43 30 0.747749
43 31 9.038213
43 32 -1.500537
43 33 -4.753372
43 34 5.719660
43 35 6.331049
43 36 -3.407010
43 37 10.860261
43 38 -2.831688
43 39 -5.584572
43 40 9.164522
43 41 2.730897
43 42 6.044352
43 43 -6.185629
43 44 3.221500
43 45 -2.408536
43 46 -6.632592
43 47 2.106884
43 48 2.210209
43 49 4.073228
43 50 0.053769
43 51 -6.969949
43 52 -7.034415
43 53 -7.587929
43 54 9.859933
43 55 -6.987764
43 56 -3.392636
43 57 -1.047225
43 58 8.555745
43 59 -2.962653
43 60 1.405313
43 61 7.712300
43 62 -7.296721
43 63 4.075043
43 64 -5.624674
43 65 -1.626853
43 66 -1.847453
43 67 5.181284
43 68 -8.958778
43 69 5.382283
43 70 -5.174006
43 71 -5.895013
43 72 5.501870
43 73 9.309395
43 74 -8.891474
43 75 -5.097877
43 76 11.657195
43 77 0.350100
43 78 -8.177888
43 79 -2.013853
43 80 1.132570
43 81 5.730537
43 82 1.882354
43 83 -5.668517
43 84 -4.256181
43 85 3.287586
43 86 -4.170101
43 87 8.450114
43 88 0.845807
43 89 -7.006290
43 90 -8.062116
43 91 -11.347139
43 92 -6.788723
43 93 -5.906164
43 94 -2.323598
43 95 -6.170986
43 96 -6.212711
43 97 -0.580366
43 98 1.036907
43 99 -5.757124
44 0 -9.437790
44 1 5.557169
44 2 2.106688
44 3 -5.015432
44 4 -1.503486
44 5 3.631546
44 6 3.392941
44 7 -8.615543
44 8 -5.645564
44 9 -1.619499
44 10 6.478547
44 11 10.609322
44 12 7.392063
44 13 6.481200
44 14 8.914813
44 15 -2.639164
44 16 2.325037
44 17 4.801576
44 18 5.340021
44 19 -1.497962
44 20 -11.056384
44 21 -10.254185
44 22 0.514588
44 23 -3.684649
44 24 0.599307
44 25 -3.034520
44 26 2.075817
44 27 3.225128
44 28 3.916480
44 29 0.795267
44 30 6.895081
44 31 9.895417
44 32 8.172005
44 33 -6.307903
44 34 2.435465
44 35 8.726528
44 36 -2.715536
44 37 1.841856
44 38 7.811454
44 39 -5.936568
44 40 4.859222
44 41 6.002976
44 42 7.128676
44 43 5.544583
44 44 -4.372598
44 45 5.957968
44 46 -10.590737
44 47 -8.908086
44 48 -1.667504
44 49 5.033944
44 50 10.299342
44 51 2.786622
44 52 2.597182
44 53 -5.725793
44 54 -4.365530
44 55 1.322799
44 56 -0.977347
44 57 3.316938
44 58 -10.720929
44 59 0.679052
44 60 6.461028
44 61 7.753311
44 62 3.719831
44 63 -1.289819
44 64 6.701022
44 65 10.840330
44 66 -1.391610
44 67 -1.505432
44 68 -2.081279
44 69 5.328853
44 70 -0.250384
44 71 3.935718
44 72 7.132062
44 73 -3.721149
44 74 -8.865892
44 75 6.256695
44 76 -4.402078
44 77 5.033262
44 78 -9.907446
44 79 0.495185
44 80 -0.391551
44 81 3.608810
44 82 10.388375
44 83 -5.784219
44 84 4.218510
44 85 -3.509778
44 86 -6.883629
44 87 10.769176
44 88 5.953419
44 89 -2.317248
44 90 -7.167295
44 91 4.301484
44 92 14.839744
44 93 -7.411699
44 94 9.373659
44 95 -7.745703
44 96 2.801951
44 97 6.196146
44 98 0.787796
44 99 2.948947
45 0 3.572895
45 1 4.524420
45 2 9.261450
45 3 -4.810971
45 4 10.355350
45 5 -6.184101
45 6 -8.773649
45 7 -0.496924
45 8 5.380740
45 9 -0.173629
45 10 4.361360
45 11 -0.266849
45 12 -5.986087
45 13 -9.107880
45 14 8.454229
45 15 -2.603915
45 16 5.540376
45 17 7.347822
45 18 -5.150339
45 19 1.739039
45 20 -6.918855
45 21 -0.659636
45 22 -3.148337
45 23 -5.903253
45 24 8.788137
45 25 -10.758425
45 26 -1.814862
45 27 5.088111
45 28 -8.455708
45 29 -5.301226
45 30 -9.293763
45 31 -7.358182
45 32 1.937732
45 33 -6.695148
45 34 -9.732673
45 35 0.608388
45 36 10.128712
45 37 -4.236504
45 38 3.905840
45 39 -1.664617
45 40 10.771889
45 41 -8.302142
45 42 3.678250
45 43 6.963089
45 44 -2.771555
45 45 1.397893
45 46 -9.286273
45 47 -4.972989
45 48 0.412527
45 49 -2.755788
45 50 -6.810342
45 51 10.314325
45 52 -4.483403
45 53 7.113354
45 54 -2.379182
45 55 -2.435216
45 56 -0.837502
45 57 -7.502856
45 58 3.153503
45 59 -4.035843
45 60 -0.782191
45 61 -1.768272
45 62 -4.533601
45 63 -3.978513
45 64 -3.977175
45 65 0.390824
45 66 -8.039719
45 67 1.170505
45 68 3.870166
45 69 -0.584535
45 70 -5.360536
45 71 -5.301509
45 72 1.886108
45 73 -2.944019
45 74 -7.822582
45 75 5.934608
45 76 4.750970
45 77 1.577866
45 78 3.153457
45 79 4.701933
45 80 -3.394517
45 81 1.821728
45 82 -10.637584
45 83 -6.832677
45 84 -11.012968
45 85 -1.433306
45 86 0.391531
45 87 -6.304683
45 88 5.737666
45 89 -5.418365
45 90 3.346997
45 91 -7.570172
45 92 0.730891
45 93 -7.778420
45 94 7.536580
45 95 4.626908
45 96 -2.442557
45 97 -7.856732
45 98 2.998995
45 99 -6.754872
46 0 -4.981999
46 1 -1.790574
46 2 -5.134821
46 3 3.031053
46 4 1.956863
46 5 -8.452972
46 6 -1.738679
46 7 6.193082
46 8 8.498328
46 9 0.032481
46 10 2.926363
46 11 6.308712
46 12 8.207592
46 13 7.765017
46 14 -5.538252
46 15 9.768483
46 16 -3.361342
46 17 -4.790794
46 18 -3.813927
46 19 1.774930
46 20 7.405435
46 21 -11.633853
46 22 -7.299394
46 23 4.827274
46 24 6.608920
46 25 -5.361281
46 26 2.956009
46 27 -1.708339
46 28 7.190378
46 29 5.771969
46 30 -2.688116
46 31 7.599332
46 32 -5.371853
46 33 -6.272863
46 34 0.988558
46 35 9.065631
46 36 -6.663488
46 37 8.066837
46 38 -1.000511
46 39 -11.324886
46 40 3.605516
46 41 5.903301
46 42 -3.244170
46 43 7.427422
46 44 10.424662
46 45 -5.197359
46 46 4.450432
46 47 -5.623819
46 48 -4.161446
46 49 4.695877
46 50 -2.805484
46 51 -4.016503
46 52 1.977822
46 53 -1.233146
46 54 9.420524
46 55 -3.709467
46 56 -4.803384
46 57 -2.602830
46 58 -11.068567
46 59 -9.654927
46 60 4.685837
46 61 -0.074207
46 62 -7.303792
46 63 -6.411430
46 64 -11.824461
46 65 -2.106262
46 66 -9.015647
46 67 -5.971968
46 68 9.097112
46 69 2.550081
46 70 1.731434
46 71 -7.285754
46 72 -6.171860
46 73 -1.723296
46 74 0.934045
46 75 5.133216
46 76 -4.417635
46 77 -5.691155
46 78 -0.440164
46 79 1.248025
46 80 -6.430275
46 81 1.222795
46 82 -4.825017
46 83 0.994118
46 84 -10.415532
46 85 5.141553
46 86 -12.220798
46 87 -3.451141
46 88 -5.140530
46 89 -9.244793
46 90 4.639740
46 91 5.608310
46 92 6.530658
46 93 -8.099861
46 94 -0.181723
46 95 1.167085
46 96 -7.246154
46 97 -5.421818
46 98 -5.804751
46 99 1.040001
47 0 3.226572
47 1 -1.421180
47 2 4.266278
47 3 12.235026
47 4 0.339393
47 5 2.181992
47 6 -3.079250
47 7 -3.805429
47 8 -5.673082
47 9 2.299701
47 10 -3.509571
47 11 2.431894
47 12 1.236392
47 13 8.530015
47 14 11.257043
47 15 -5.227557
47 16 2.276562
47 17 4.292591
47 18 7.121399
47 19 3.724671
47 20 8.179707
47 21 7.114985
47 22 -1.774806
47 23 -7.204081
47 24 4.527894
47 25 -6.965744
47 26 11.412877
47 27 5.279961
47 28 9.276340
47 29 -5.807358
47 30 -4.266558
47 31 -4.686309
47 32 3.034204
47 33 1.976731
47 34 -7.120479
47 35 8.156959
47 36 -5.268607
47 37 -2.406706
47 38 -0.453424
47 39 3.273882
47 40 7.220102
47 41 2.435307
47 42 2.212205
47 43 1.570809
47 44 -4.340866
47 45 3.102911
47 46 1.935176
47 47 -5.219443
47 48 -7.580299
47 49 12.266501
47 50 -7.144109
47 51 -2.866923
47 52 3.359109
47 53 9.020623
47 54 -6.798050
47 55 -7.881804
47 56 -5.000565
47 57 -7.090661
47 58 -7.117762
47 59 -4.533528
47 60 -4.927930
47 61 -4.906354
47 62 -5.919978
47 63 4.957527
47 64 -5.652587
47 65 -8.988472
47 66 6.318690
47 67 5.592571
47 68 -5.985372
47 69 0.028494
47 70 3.407939
47 71 8.127876
47 72 6.744038
47 73 -12.780624
47 74 -1.638550
47 75 -8.098905
47 76 -11.920960
47 77 3.369467
47 78 9.675749
47 79 10.373127
47 80 7.302741
47 81 4.353260
47 82 6.864758
47 83 4.285253
47 84 8.816832
47 85 1.361484
47 86 3.052439
47 87 3.877973
47 88 -10.611857
47 89 -6.847776
47 90 1.901075
47 91 5.860339
47 92 -3.106183
47 93 -6.418704
47 94 4.685504
47 95 2.372713
47 96 -6.087109
47 97 -2.204137
47 98 -2.403752
47 99 4.849314
48 0 3.619829
48 1 9.147375
48 2 2.472502
48 3 3.004547
48 4 4.900075
48 5 6.600494
48 6 -6.954493
48 7 -1.347170
48 8 3.156013
48 9 2.102284
48 10 -10.488426
48 11 2.596312
48 12 9.329220
48 13 -3.313702
48 14 -4.504417
48 15 5.884942
48 16 6.392936
48 17 -1.028160
48 18 -9.973015
48 19 -6.529120
48 20 -8.146175
48 21 10.031796
48 22 -4.992439
48 23 -2.811924
48 24 -10.292560
48 25 -11.100001
48 26 -3.234031
48 27 5.453582
48 28 3.994700
48 29 -5.114876
48 30 -7.603183
48 31 -11.372976
48 32 -7.605882
48 33 -2.844732
48 34 7.674998
48 35 -2.551509
48 36 -5.192769
48 37 3.369021
48 38 -1.359552
48 39 -9.950117
48 40 -7.832871
48 41 -5.983768
48 42 4.646952
48 43 -9.605666
48 44 -2.175980
48 45 7.244639
48 46 5.566220
48 47 13.028191
48 48 4.344942
48 49 7.027696
48 50 2.546584
48 51 2.388204
48 52 -3.925275
48 53 -2.939082
48 54 -1.586385
48 55 -2.828311
48 56 10.303101
48 57 7.437616
48 58 -0.889478
48 59 -2.210326
48 60 0.776510
48 61 -2.921168
48 62 0.671622
48 63 2.421682
48 64 9.805905
48 65 -1.598259
48 66 -3.679602
48 67 4.497412
48 68 -2.096032
48 69 -7.838810
48 70 5.989241
48 71 7.111278
48 72 -4.590163
48 73 6.371730
48 74 -2.748384
48 75 10.202095
48 76 -6.769435
48 77 -7.553336
48 78 -9.637925
48 79 -8.793252
48 80 -7.050505
48 81 5.049621
48 82 5.798971
48 83 -7.986306
48 84 -2.151077
48 85 3.198758
48 86 1.596095
48 87 7.925405
48 88 3.685206
48 89 -7.276385
48 90 1.673633
48 91 6.463353
48 92 -5.439373
48 93 7.020542
48 94 3.041095
48 95 -7.480675
48 96 10.539387
48 97 -0.822692
48 98 -1.918873
48 99 1.281695
49 0 -7.053435
49 1 3.856396
49 2 8.405496
49 3 -0.553467
49 4 -12.000504
49 5 -9.829507
49 6 7.467107
49 7 -0.251555
49 8 2.510120
49 9 6.360298
49 10 1.439620
49 11 -2.693219
49 12 3.701300
49 13 -7.498675
49 14 2.941501
49 15 -7.374955
49 16 -1.307784
49 17 6.444102
49 18 -2.296759
49 19 -7.643371
49 20 -7.521406
49 21 4.035946
49 22 -10.019485
49 23 4.451323
49 24 9.567868
49 25 -6.204983
49 26 1.994779
49 27 3.402718
49 28 -4.299351
49 29 8.319665
49 30 4.999985
49 31 -7.774759
49 32 1.811899
49 33 -10.624187
49 34 -0.530548
49 35 -2.737598
49 36 -3.328626
49 37 -7.038341
49 38 -1.998607
49 39 11.057842
49 40 5.743112
49 41 -1.907213
49 42 -9.177841
49 43 6.405399
49 44 3.115235
49 45 0.991482
49 46 -6.099530
49 47 -4.805773
49 48 -3.359737
49 49 3.842812
49 50 -11.050016
49 51 -7.631194
49 52 3.128389
49 53 4.790855
49 54 -6.675365
49 55 0.622769
49 56 -8.461748
49 57 2.735231
49 58 7.091844
49 59 -6.852648
49 60 2.212120
49 61 -3.792073
49 62 7.886626
49 63 -0.151715
49 64 8.694232
49 65 -5.512360
49 66 11.633721
49 67 -10.443387
49 68 -2.223031
49 69 0.234960
49 70 5.932752
49 71 -0.354370
49 72 8.328509
49 73 1.996567
49 74 9.402312
49 75 0.175179
49 76 -3.276989
49 77 -7.529486
49 78 4.771304
49 79 5.386502
49 80 -7.353536
49 81 5.883653
49 82 7.823007
49 83 -12.143509
49 84 0.496279
49 85 -7.047178
49 86 -8.432303
49 87 3.142427
49 88 11.130965
49 89 -4.785135
49 90 0.357130
49 91 -6.577749
49 92 0.817313
49 93 6.365597
49 94 1.319472
49 95 -0.037901
49 96 9.305856
49 97 2.001893
49 98 1.415516
49 99 -6.277097
50 0 -3.710701
50 1 6.024656
50 2 1.307799
50 3 0.524067
50 4 7.784402
50 5 -6.532137
50 6 -0.259314
50 7 -0.516888
50 8 6.277538
50 9 -8.964280
50 10 -5.182754
50 11 -10.439256
50 12 2.784158
50 13 -3.903234
50 14 -3.126398
50 15 -3.889636
50 16 -8.937265
50 17 7.827610
50 18 6.940505
50 19 5.867559
50 20 -10.278252
50 21 -3.348726
50 22 -2.511585
50 23 1.490741
50 24 -3.724459
50 25 -0.339832
50 26 -0.751846
50 27 2.273052
50 28 2.279447
50 29 0.172700
50 30 -6.196732
50 31 -1.452408
50 32 4.198270
50 33 -0.090680
50 34 7.540908
50 35 2.796334
50 36 9.547322
50 37 7.548475
50 38 -6.532692
50 39 -4.611540
50 40 -4.452630
50 41 -3.074657
50 42 2.670555
50 43 4.770804
50 44 9.844488
50 45 3.260724
50 46 1.525364
50 47 6.813645
50 48 -2.671473
50 49 -3.934979
50 50 -13.557893
50 51 -7.050879
50 52 1.608365
50 53 1.107246
50 54 1.449211
50 55 1.008806
50 56 -0.432902
50 57 -4.497551
50 58 6.989054
50 59 0.380697
50 60 -7.434837
50 61 -9.703625
50 62 -11.747011
50 63 8.610793
50 64 8.313591
50 65 2.611056
50 66 9.816544
50 67 4.861078
50 68 1.172604
50 69 1.718879
50 70 6.482611
50 71 -8.054674
50 72 -1.677509
50 73 6.722351
50 74 6.132717
50 75 -5.438304
50 76 -4.263549
50 77 -2.806632
50 78 -2.331472
50 79 6.042888
50 80 -4.387758
50 81 9.859930
50 82 -6.957816
50 83 -4.766880
50 84 -3.795747
50 85 6.288506
50 86 -6.928388
50 87 -8.171933
50 88 9.090993
50 89 3.448362
50 90 -0.573176
50 91 5.178872
50 92 0.833665
50 93 -11.083685
50 94 -5.108502
50 95 -10.114057
50 96 -7.137800
50 97 -10.004482
50 98 2.287511
50 99 -0.989573
51 0 9.535562
51 1 7.109290
51 2 -1.048021
51 3 3.800707
51 4 2.211374
51 5 2.953538
51 6 9.172695
51 7 -8.424956
51 8 1.289789
51 9 2.959565
51 10 5.063291
51 11 -2.931025
51 12 -3.748476
51 13 -0.650988
51 14 2.677062
51 15 0.057010
51 16 -6.356489
51 17 2.742983
51 18 8.260007
51 19 7.392562
51 20 3.263383
51 21 9.395460
51 22 -3.383609
51 23 7.254071
51 24 2.271868
51 25 -8.182972
51 26 -1.888077
51 27 -7.258190
51 28 -1.706939
51 29 -7.128254
51 30 2.874579
51 31 -2.969863
51 32 -1.772750
51 33 2.090173
51 34 3.712587
51 35 -2.004386
51 36 -9.161056
51 37 -7.311163
51 38 -9.670203
51 39 6.545434
51 40 -9.747413
51 41 -0.734883
51 42 6.537782
51 43 1.556624
51 44 -10.398150
51 45 9.414547
51 46 -1.147760
51 47 -7.745753
51 48 3.578847
51 49 0.265111
51 50 0.382602
51 51 -8.860613
51 52 -2.879669
51 53 3.185697
51 54 -3.419425
51 55 -10.712946
51 56 -0.812370
51 57 1.828318
51 58 -5.622947
51 59 -9.861388
51 60 8.670713
51 61 -8.005910
51 62 3.269079
51 63 -7.401100
51 64 -3.839702
51 65 4.075573
51 66 3.869848
51 67 -3.034540
51 68 -10.548768
51 69 -1.256719
51 70 6.311597
51 71 -8.300891
51 72 -8.709199
51 73 -4.938727
51 74 -6.811307
51 75 -0.035746
51 76 -10.160714
51 77 -1.319703
51 78 -9.157148
51 79 4.151399
51 80 -4.219797
51 81 8.091686
51 82 2.480293
51 83 7.502112
51 84 -7.483714
51 85 4.805895
51 86 4.312128
51 87 -0.745572
51 88 -5.593349
51 89 4.821287
51 90 -2.781222
51 91 -4.167330
51 92 4.478716
51 93 -9.941335
51 94 -4.271020
51 95 6.891774
51 96 -3.034098
51 97 3.725300
51 98 10.997470
51 99 -9.061381
52 0 -0.486969
52 1 4.274926
52 2 6.994095
52 3 1.158974
52 4 -4.010842
52 5 7.343293
52 6 0.183321
52 7 -2.655939
52 8 -0.843265
52 9 0.516177
52 10 6.892163
52 11 9.968114
52 12 -2.661431
52 13 0.102698
52 14 6.860203
52 15 1.304543
52 16 -9.673950
52 17 6.786079
52 18 2.169357
52 19 -8.777017
52 20 0.273230
52 21 0.514417
52 22 6.237907
52 23 4.572854
52 24 3.620500
52 25 -9.693048
52 26 -5.517663
52 27 -8.826999
52 28 -4.808707
52 29 4.941341
52 30 3.137262
52 31 5.738587
52 32 12.705988
52 33 -1.215452
52 34 -8.578537
52 35 2.339667
52 36 6.852257
52 37 7.949490
52 38 -8.244964
52 39 9.542263
52 40 9.567012
52 41 9.835283
52 42 5.211385
52 43 -0.582046
52 44 -11.538056
52 45 6.023370
52 46 3.099841
52 47 -5.433683
52 48 -7.360050
52 49 5.399297
52 50 -5.517317
52 51 2.155610
52 52 5.650687
52 53 8.866550
52 54 -2.498231
52 55 5.101301
52 56 4.219113
52 57 8.123525
52 58 5.325337
52 59 -0.194395
52 60 -3.893309
52 61 -1.529541
52 62 -1.199125
52 63 -6.821103
52 64 -0.068043
52 65 -4.082035
52 66 6.408755
52 67 -5.249454
52 68 -6.498945
52 69 1.761319
52 70 -3.991526
52 71 2.997605
52 72 -10.699342
52 73 -1.907404
52 74 6.581847
52 75 -5.891455
52 76 -1.922109
52 77 -3.579457
52 78 -5.354554
52 79 -6.498358
52 80 -4.229527
52 81 -0.337268
52 82 6.550703
52 83 3.908809
52 84 -9.280083
52 85 7.882543
52 86 -8.450616
52 87 -8.446232
52 88 6.213371
52 89 -1.164963
52 90 5.423508
52 91 7.443011
52 92 4.497571
52 93 4.701795
52 94 -3.031497
52 95 3.872166
52 96 4.711012
52 97 1.464561
52 98 -5.663420
52 99 7.395316
53 0 10.279421
53 1 -2.694957
53 2 1.915818
53 3 3.143544
53 4 0.208726
53 5 -5.110767
53 6 0.353498
53 7 -0.857915
53 8 2.031668
53 9 3.107237
53 10 1.610515
53 11 7.116486
53 12 8.046460
53 13 -11.861848
53 14 -2.960561
53 15 -3.369131
53 16 4.183750
53 17 2.409596
53 18 1.588542
53 19 6.263101
53 20 1.564052
53 21 0.315710
53 22 -1.089757
53 23 -6.166782
53 24 -0.531465
53 25 -7.129775
53 26 8.889068
53 27 5.621500
53 28 5.982419
53 29 -10.642710
53 30 -7.643285
53 31 -3.230724
53 32 -3.554585
53 33 3.751277
53 34 -7.483332
53 35 -2.591795
53 36 0.358506
53 37 -8.030809
53 38 8.244298
53 39 -6.487671
53 40 3.089301
53 41 4.738905
53 42 2.978168
53 43 -4.389278
53 44 -0.584733
53 45 10.130743
53 46 8.584775
53 47 -4.433507
53 48 -4.340488
53 49 10.339950
53 50 -9.108009
53 51 -11.449729
53 52 2.248442
53 53 -1.820834
53 54 7.889445
53 55 -4.981826
53 56 11.245273
53 57 3.852417
53 58 6.279674
53 59 8.422422
53 60 9.104181
53 61 -6.127010
53 62 3.990111
53 63 -8.336976
53 64 -1.821354
53 65 3.912392
53 66 5.522680
53 67 -5.188929
53 68 -2.761106
53 69 -6.780125
53 70 -5.658831
53 71 -2.290784
53 72 -2.666626
53 73 2.014267
53 74 5.400766
53 75 0.979849
53 76 8.046055
53 77 -3.312774
53 78 6.790652
53 79 0.453118
53 80 2.287125
53 81 -1.191561
53 82 -2.593793
53 83 2.335196
53 84 6.063236
53 85 8.587615
53 86 -6.169349
53 87 4.135070
53 88 -0.630209
53 89 -6.830534
53 90 3.527158
53 91 0.868122
53 92 8.852835
53 93 7.032743
53 94 7.325086
53 95 -0.038340
53 96 1.177192
53 97 -8.354940
53 98 -0.889936
53 99 8.168153
54 0 8.955135
54 1 3.072704
54 2 -2.700050
54 3 -9.886139
54 4 3.166305
54 5 -10.322992
54 6 -1.601614
54 7 -3.389579
54 8 8.123559
54 9 3.202109
54 10 4.829485
54 11 -0.478986
54 12 1.722951
54 13 -9.805995
54 14 1.142446
54 15 3.928566
54 16 -1.375746
54 17 -4.158900
54 18 -8.824552
54 19 0.211064
54 20 -6.096193
54 21 5.787315
54 22 -6.714587
54 23 -9.257225
54 24 6.622336
54 25 -8.401305
54 26 -3.582870
54 27 5.242558
54 28 -2.743812
54 29 3.652306
54 30 -2.271990
54 31 -6.314435
54 32 3.032821
54 33 5.502990
54 34 -2.054290
54 35 -5.395108
54 36 4.309566
54 37 -1.286284
54 38 -4.238462
54 39 -9.513866
54 40 3.252030
54 41 7.610134
54 42 -0.555424
54 43 0.294932
54 44 -1.657697
54 45 2.520314
54 46 -2.616873
54 47 -2.965384
54 48 -8.233828
54 49 -5.610836
54 50 6.533657
54 51 -1.629401
54 52 -5.971597
54 53 3.713476
54 54 -7.320898
54 55 4.225420
54 56 1.028375
54 57 -1.719219
54 58 0.494226
54 59 -2.623143
54 60 -8.448247
54 61 -7.923500
54 62 -1.709015
54 63 5.768528
54 64 1.214248
54 65 1.229059
54 66 -5.928541
54 67 2.750355
54 68 7.402170
54 69 4.755542
54 70 -9.853020
54 71 -1.218779
54 72 3.655977
54 73 -10.609305
54 74 -3.454802
54 75 -4.006649
54 76 6.040037
54 77 -1.946869
54 78 -3.322363
54 79 -8.846044
54 80 5.142243
54 81 -1.378267
54 82 5.480505
54 83 -2.969783
54 84 -0.358065
54 85 -1.398647
54 86 -6.898715
54 87 0.087810
54 88 -5.097302
54 89 5.929946
54 90 -11.449871
54 91 3.130883
54 92 4.117684
54 93 0.707650
54 94 -5.814847
54 95 -2.189946
54 96 -6.736184
54 97 8.714106
54 98 5.239536
54 99 -4.185350
55 0 10.003634
55 1 0.676463
55 2 -0.116657
55 3 5.065410
55 4 -1.023643
55 5 -11.230850
55 6 7.811434
55 7 7.730207
55 8 11.029983
55 9 -3.097058
55 10 -0.753345
55 11 5.378867
55 12 4.222746
55 13 -0.527009
55 14 9.163808
55 15 -7.698670
55 16 7.963234
55 17 -7.453489
55 18 0.812224
55 19 -6.303602
55 20 1.297821
55 21 7.741804
55 22 8.750717
55 23 -8.437542
55 24 10.126496
55 25 9.777808
55 26 3.263426
55 27 -3.998775
55 28 4.562093
55 29 3.164388
55 30 9.979622
55 31 3.155824
55 32 4.390703
55 33 0.393905
55 34 6.364492
55 35 -1.098536
55 36 -0.924904
55 37 7.912354
55 38 -1.909833
55 39 -5.691820
55 40 -0.957944
55 41 4.223776
55 42 12.777352
55 43 -5.405020
55 44 8.700573
55 45 -4.178212
55 46 -8.101610
55 47 -2.212474
55 48 8.727844
55 49 -0.310262
55 50 -6.257518
55 51 -10.388510
55 52 -7.317371
55 53 -3.145077
55 54 8.625480
55 55 7.226554
55 56 3.269116
55 57 5.161752
55 58 -4.152705
55 59 -5.274724
55 60 -1.492211
55 61 7.529218
55 62 -1.207865
55 63 7.025079
55 64 8.359543
55 65 5.470885
55 66 5.256042
55 67 -4.753676
55 68 7.631397
55 69 -8.870684
55 70 1.598507
55 71 -10.170052
55 72 -3.870269
55 73 10.413326
55 74 -2.174894
55 75 -2.716488
55 76 -2.317169
55 77 7.090130
55 78 -6.231437
55 79 9.387906
55 80 -9.208652
55 81 4.614677
55 82 9.291314
55 83 0.786941
55 84 -2.053051
55 85 10.753419
55 86 9.476745
55 87 8.367599
55 88 -9.444498
55 89 -4.220640
55 90 -13.271814
55 91 3.359354
55 92 4.521416
55 93 1.104133
55 94 -8.654747
55 95 -5.833298
55 96 -12.175480
55 97 -1.687214
55 98 4.689863
55 99 -2.749555
56 0 2.343444
56 1 2.877451
56 2 -7.677624
56 3 -1.511456
56 4 -0.138863
56 5 2.913190
56 6 -2.783296
56 7 -4.281909
56 8 -3.101265
56 9 -5.557282
56 10 -7.573374
56 11 -1.906776
56 12 8.129676
56 13 -6.652281
56 14 -5.675866
56 15 6.769069
56 16 -4.401067
56 17 7.263196
56 18 -8.425796
56 19 0.526892
56 20 -4.484168
56 21 -8.405325
56 22 -3.034040
56 23 4.074122
56 24 12.239696
56 25 -8.674712
56 26 6.877062
56 27 -7.380240
56 28 0.420079
56 29 4.568181
56 30 -8.930903
56 31 -5.141402
56 32 -5.271131
56 33 -0.045962
56 34 -8.383321
56 35 11.970412
56 36 6.524199
56 37 10.609123
56 38 -3.354281
56 39 -4.434250
56 40 7.295330
56 41 5.391020
56 42 -1.504979
56 43 -11.010124
56 44 -10.566915
56 45 -0.638700
56 46 8.779908
56 47 7.699519
56 48 -5.836175
56 49 9.955061
56 50 -12.843259
56 51 -0.261504
56 52 -2.803464
56 53 -5.984659
56 54 -7.910919
56 55 13.633963
56 56 4.517926
56 57 -6.424715
56 58 11.791847
56 59 3.717670
56 60 7.898207
56 61 7.130923
56 62 7.264676
56 63 8.608470
56 64 8.323535
56 65 3.501910
56 66 -8.196981
56 67 9.656487
56 68 -6.674110
56 69 -4.770565
56 70 1.675292
56 71 -9.310510
56 72 -7.563043
56 73 -2.213541
56 74 8.363204
56 75 6.658304
56 76 4.315191
56 77 -5.029814
56 78 8.862273
56 79 -5.087003
56 80 -9.811509
56 81 -2.857677
56 82 -0.567393
56 83 9.130514
56 84 -0.835813
56 85 -4.308418
56 86 0.095726
56 87 -4.603585
56 88 -7.167787
56 89 6.178665
56 90 8.065036
56 91 -8.514368
56 92 -0.071037
56 93 -4.262662
56 94 8.814940
56 95 4.031285
56 96 2.681517
56 97 -7.593165
56 98 -0.626299
56 99 4.821922
57 0 -11.807083
57 1 7.748066
57 2 2.536542
57 3 0.143409
57 4 3.510359
57 5 3.427105
57 6 -6.411363
57 7 -10.630912
57 8 -2.494176
57 9 3.732361
57 10 -4.955532
57 11 1.739245
57 12 -7.764260
57 13 -7.115596
57 14 1.376687
57 15 -2.475714
57 16 3.904047
57 17 8.119026
57 18 -4.349989
57 19 -8.484160
57 20 -7.523530
57 21 -7.196345
57 22 7.439249
57 23 2.845164
57 24 0.303468
57 25 -9.831310
57 26 5.528351
57 27 -6.947609
57 28 -1.023753
57 29 4.098676
57 30 -2.210654
57 31 4.235312
57 32 -9.430936
57 33 -1.220072
57 34 2.129951
57 35 -2.823422
57 36 -2.484601
57 37 -5.346822
57 38 -8.298573
57 39 -0.907667
57 40 14.653954
57 41 -9.148722
57 42 -7.729725
57 43 0.899732
57 44 8.289076
57 45 -4.417696
57 46 -2.866088
57 47 3.635406
57 48 7.219827
57 49 10.034537
57 50 -2.512612
57 51 6.736464
57 52 4.161951
57 53 -8.335829
57 54 -3.573618
57 55 2.408864
57 56 8.330318
57 57 -5.750703
57 58 -8.518731
57 59 10.593553
57 60 8.600878
57 61 -9.848631
57 62 6.079034
57 63 -5.641190
57 64 -7.982754
57 65 5.586470
57 66 3.424893
57 67 8.031670
57 68 3.476398
57 69 1.549813
57 70 2.997476
57 71 -4.713965
57 72 -6.072544
57 73 3.772913
57 74 2.350596
57 75 9.110625
57 76 1.149293
57 77 9.781721
57 78 0.617724
57 79 3.872778
57 80 -6.566514
57 81 1.820558
57 82 5.211691
57 83 -5.602139
57 84 3.220938
57 85 -8.684095
57 86 5.708424
57 87 -3.116145
57 88 3.435385
57 89 10.047141
57 90 -2.379232
57 91 3.764596
57 92 0.964442
57 93 0.081879
57 94 8.641398
57 95 -2.451762
57 96 -10.379360
57 97 -5.328554
57 98 -6.140873
57 99 -12.454820
58 0 -1.567037
58 1 -1.455553
58 2 5.741067
58 3 -0.294323
58 4 -2.986533
58 5 8.187056
58 6 -5.035039
58 7 -7.518762
58 8 -5.362790
58 9 0.370626
58 10 -3.288630
58 11 4.339515
58 12 -8.212180
58 13 -7.496717
58 14 0.095048
58 15 -6.965627
58 16 4.602683
58 17 -11.940438
58 18 6.734740
58 19 -1.527270
58 20 -4.834330
58 21 -7.727233
58 22 6.960438
58 23 2.874768
58 24 1.298334
58 25 5.751644
58 26 3.241637
58 27 9.253824
58 28 1.578708
58 29 4.183102
58 30 9.539180
58 31 5.148176
58 32 11.444834
58 33 -1.390443
58 34 5.166274
58 35 -6.800111
58 36 -3.883129
58 37 -9.973277
58 38 2.462786
58 39 -12.882867
58 40 -1.008469
58 41 8.383962
58 42 0.265575
58 43 0.631525
58 44 -11.157661
58 45 10.554000
58 46 6.678021
58 47 1.372152
58 48 -0.723663
58 49 0.938466
58 50 -2.877838
58 51 -0.929267
58 52 0.786013
58 53 -7.516086
58 54 8.983114
58 55 0.822983
58 56 2.650608
58 57 -10.635594
58 58 3.216892
58 59 -0.581648
58 60 -1.588205
58 61 6.912085
58 62 -3.160567
58 63 1.064092
58 64 5.389376
58 65 4.261351
58 66 -11.524160
58 67 -9.689599
58 68 0.762245
58 69 7.271722
58 70 -6.139248
58 71 -9.486138
58 72 -5.329776
58 73 2.796813
58 74 3.100209
58 75 -3.959268
58 76 -13.924538
58 77 1.683490
58 78 3.770283
58 79 -3.267851
58 80 -4.171242
58 81 -3.059966
58 82 -6.940473
58 83 6.065025
58 84 -2.520191
58 85 -5.521149
58 86 -1.959228
58 87 -1.296259
58 88 -9.912726
58 89 7.270410
58 90 5.470274
58 91 -6.920348
58 92 -0.042356
58 93 -0.905549
58 94 -1.193784
58 95 -3.690058
58 96 6.964419
58 97 -5.241642
58 98 7.842302
58 99 -0.127381
59 0 1.192891
59 1 2.540253
59 2 4.046288
59 3 -3.835886
59 4 9.350166
59 5 -6.869212
59 6 -0.996482
59 7 -0.050144
59 8 11.286308
59 9 -3.549757
59 10 2.051054
59 11 -8.370783
59 12 -4.733754
59 13 10.997109
59 14 8.901861
59 15 -0.860552
59 16 -9.051078
59 17 6.101777
59 18 4.154791
59 19 6.806316
59 20 -1.304584
59 21 -4.439170
59 22 -3.724483
59 23 1.369124
59 24 6.773190
59 25 -3.791195
59 26 4.550134
59 27 8.298468
59 28 -4.915723
59 29 5.305409
59 30 7.204490
59 31 -2.384207
59 32 -1.630778
59 33 5.499378
59 34 -13.226514
59 35 -3.248227
59 36 7.125569
59 37 -5.150417
59 38 -5.466916
59 39 4.837400
59 40 -0.011326
59 41 -8.744505
59 42 7.267423
59 43 6.972592
59 44 4.215233
59 45 8.382547
59 46 -2.026415
59 47 -7.329861
59 48 -4.384562
59 49 -8.963197
59 50 6.414432
59 51 -7.789498
59 52 -6.820248
59 53 1.071656
59 54 -5.126380
59 55 0.710207
59 56 0.933991
59 57 -9.221982
59 58 1.854309
59 59 9.233319
59 60 -1.916161
59 61 3.248039
59 62 1.671562
59 63 -2.636211
59 64 -7.627910
59 65 5.657756
59 66 6.467120
59 67 7.355714
59 68 -4.088751
59 69 3.561097
59 70 -9.784108
59 71 -12.725775
59 72 4.019537
59 73 6.743891
59 74 7.434020
59 75 6.262225
59 76 -0.682457
59 77 -7.083473
59 78 7.568967
59 79 3.727150
59 80 3.018959
59 81 2.017620
59 82 -2.023276
59 83 -3.805734
59 84 -7.137636
59 85 -1.416036
59 86 4.676463
59 87 3.622940
59 88 -7.564551
59 89 6.769753
59 90 2.968533
59 91 -5.685338
59 92 9.117556
59 93 10.277441
59 94 9.921900
59 95 -3.166762
59 96 -1.397832
59 97 3.366425
59 98 -0.781868
59 99 10.048118
60 0 -0.360152
60 1 -10.783705
60 2 1.745888
60 3 -6.472521
60 4 12.732253
60 5 -0.197341
60 6 -9.163214
60 7 -8.204387
60 8 -6.763979
60 9 -0.037954
60 10 3.748714
60 11 2.673747
60 12 -7.983530
60 13 -2.782624
60 14 6.870281
60 15 -8.775172
60 16 0.287304
60 17 -6.780457
60 18 0.062090
60 19 -12.282079
60 20 7.390415
60 21 2.792494
60 22 -7.388685
60 23 3.135083
60 24 2.354458
60 25 8.227885
60 26 -1.998550
60 27 -8.765872
60 28 6.975971
60 29 3.823314
60 30 -7.610753
60 31 -10.905028
60 32 6.062554
60 33 -1.887457
60 34 -1.413743
60 35 9.354708
60 36 3.799051
60 37 -0.434464
60 38 -1.570358
60 39 10.462573
60 40 6.452978
60 41 1.825308
60 42 0.343642
60 43 3.168355
60 44 7.987022
60 45 1.253599
60 46 3.189052
60 47 7.966775
60 48 2.413297
60 49 -0.152290
60 50 8.778974
60 51 -6.897319
60 52 5.630332
60 53 -0.698957
60 54 -8.429240
60 55 12.080956
60 56 2.387208
60 57 2.878375
60 58 -6.274975
60 59 -4.927553
60 60 -1.870606
60 61 3.867826
60 62 3.010655
60 63 -8.042742
60 64 -13.049940
60 65 2.287767
60 66 8.971089
60 67 12.209072
60 68 -1.587813
60 69 -2.793160
60 70 3.233859
60 71 -5.855445
60 72 -4.333083
60 73 -7.844199
60 74 -9.045847
60 75 -3.038208
60 76 -4.773890
60 77 4.789024
60 78 13.499168
60 79 -5.925195
60 80 -6.378367
60 81 -7.722235
60 82 -1.456755
60 83 0.975736
60 84 9.106232
60 85 9.394150
60 86 13.505036
60 87 -4.267973
60 88 7.825034
60 89 10.550380
60 90 9.877495
60 91 0.945319
60 92 -1.780545
60 93 3.383022
60 94 -8.620944
60 95 -1.511717
60 96 8.091438
60 97 6.124817
60 98 1.299382
60 99 -8.563235
61 0 -9.719347
61 1 -7.851816
61 2 7.340174
61 3 -2.679730
61 4 0.997464
61 5 -4.652031
61 6 -4.051187
61 7 -8.301311
61 8 -7.052470
61 9 -0.870756
61 10 2.832040
61 11 -4.198153
61 12 4.910614
61 13 -4.333954
61 14 10.041467
61 15 -3.568154
61 16 -2.312523
61 17 -4.189115
61 18 8.337226
61 19 -3.536861
61 20 8.695710
61 21 7.709448
61 22 -4.989286
61 23 -8.655797
61 24 5.919483
61 25 -0.703027
61 26 5.464617
61 27 -4.465630
61 28 4.894427
61 29 6.550979
61 30 11.143012
61 31 1.879902
61 32 0.234916
61 33 5.851572
61 34 -1.290980
61 35 -1.339058
61 36 8.781656
61 37 1.939356
61 38 7.664383
61 39 8.319723
61 40 -2.312829
61 41 9.222806
61 42 -5.109874
61 43 10.391068
61 44 0.695868
61 45 -4.089653
61 46 -4.473706
61 47 -5.942939
61 48 -7.037181
61 49 3.940017
61 50 2.462354
61 51 -9.758954
61 52 -6.155080
61 53 -7.434521
61 54 -3.353040
61 55 -1.943751
61 56 11.223618
61 57 8.181247
61 58 4.101983
61 59 4.138009
61 60 -5.015994
61 61 -3.564058
61 62 -6.762008
61 63 6.071276
61 64 -7.979494
61 65 -9.375803
61 66 -0.231235
61 67 -1.969743
61 68 -10.424350
61 69 4.611562
61 70 -10.594506
61 71 7.655101
61 72 -9.505518
61 73 -5.536714
61 74 -4.555153
61 75 1.079926
61 76 3.615494
61 77 -4.947194
61 78 -1.377689
61 79 0.533388
61 80 -2.961042
61 81 -8.792837
61 82 2.543336
61 83 -7.972092
61 84 0.939819
61 85 0.272569
61 86 -3.524757
61 87 -9.440697
61 88 -7.559322
61 89 1.250308
61 90 -3.804147
61 91 -9.666991
61 92 -6.191898
61 93 -7.405632
61 94 0.294904
61 95 -9.761524
61 96 8.305878
61 97 1.817944
61 98 1.816349
61 99 0.086585
62 0 -2.445426
62 1 4.189336
62 2 6.649260
62 3 8.032378
62 4 -6.256725
62 5 0.087964
62 6 4.935572
62 7 -5.499037
62 8 -6.078422
62 9 -2.920475
62 10 -1.479498
62 11 -2.165027
62 12 -3.058960
62 13 -6.912394
62 14 5.911810
62 15 1.979886
62 16 6.664213
62 17 -2.474017
62 18 -10.844499
62 19 -9.571933
62 20 -0.595938
62 21 7.163484
62 22 3.921719
62 23 6.949519
62 24 2.829129
62 25 -1.615006
62 26 -8.212359
62 27 10.504364
62 28 -3.526019
62 29 2.227025
62 30 0.218710
62 31 7.682295
62 32 -7.487379
62 33 -8.558229
62 34 7.436362
62 35 -0.328731
62 36 -7.678655
62 37 4.377450
62 38 -7.730745
62 39 -0.319884
62 40 -5.709784
62 41 -9.479175
62 42 1.781456
62 43 -8.369461
62 44 0.814470
62 45 -6.503081
62 46 4.167855
62 47 -5.556978
62 48 0.921170
62 49 -2.631939
62 50 4.715717
62 51 -7.671587
62 52 4.661980
62 53 -0.177914
62 54 8.721113
62 55 -2.791475
62 56 1.529717
62 57 -9.091846
62 58 -4.638492
62 59 -1.317591
62 60 -2.569655
62 61 1.488872
62 62 -5.191158
62 63 -5.337136
62 64 -8.938594
62 65 9.882307
62 66 -8.220771
62 67 -3.713996
62 68 4.237981
62 69 10.855742
62 70 0.624069
62 71 -7.564681
62 72 2.811411
62 73 3.650427
62 74 6.335378
62 75 -6.317458
62 76 3.722261
62 77 -9.805020
62 78 7.781375
62 79 12.363492
62 80 -0.367801
62 81 7.182813
62 82 6.950684
62 83 7.222037
62 84 -2.318451
62 85 2.173921
62 86 3.504853
62 87 -4.673805
62 88 1.011960
62 89 -5.790017
62 90 11.431223
62 91 -8.316382
62 92 -5.603232
62 93 6.887114
62 94 -4.108863
62 95 -4.332087
62 96 4.832602
62 97 -1.434599
62 98 -6.940059
62 99 -2.516474
63 0 -9.379494
63 1 1.690222
63 2 -6.355390
63 3 -5.218620
63 4 3.797464
63 5 7.084772
63 6 9.678490
63 7 7.046642
63 8 -2.354458
63 9 9.387424
63 10 10.888995
63 11 -10.325032
63 12 3.138513
63 13 0.497637
63 14 -3.373240
63 15 5.362348
63 16 -1.149459
63 17 4.607278
63 18 -8.946822
63 19 5.913691
63 20 6.796287
63 21 1.880475
63 22 2.377601
63 23 -5.289722
63 24 0.115236
63 25 -1.252794
63 26 -1.761976
63 27 1.731916
63 28 2.075871
63 29 -2.507509
63 30 -5.971866
63 31 8.565994
63 32 -2.885406
63 33 13.293862
63 34 -8.553974
63 35 -7.876453
63 36 9.377354
63 37 -12.014781
63 38 0.677996
63 39 6.672443
63 40 -4.513821
63 41 -0.279809
63 42 -5.302836
63 43 -2.890417
63 44 5.198567
63 45 0.785280
63 46 -3.522152
63 47 8.498089
63 48 -4.325818
63 49 -2.042490
63 50 -1.383749
63 51 10.574405
63 52 5.620945
63 53 3.850561
63 54 3.752657
63 55 -3.340812
63 56 -0.554487
63 57 8.238548
63 58 -8.709675
63 59 -9.319917
63 60 -5.539857
63 61 6.008074
63 62 -4.999335
63 63 8.127691
63 64 -7.114868
63 65 -3.878374
63 66 -1.188637
63 67 -3.736732
63 68 10.099048
63 69 3.257793
63 70 5.570926
63 71 7.003762
63 72 8.863208
63 73 3.286228
63 74 -7.516974
63 75 5.590299
63 76 7.591346
63 77 -5.738300
63 78 -11.593619
63 79 2.870410
63 80 8.376222
63 81 1.500975
63 82 -10.090363
63 83 7.303865
63 84 5.044353
63 85 -5.801022
63 86 4.476178
63 87 -6.280371
63 88 -2.833694
63 89 -10.025969
63 90 12.558052
63 91 -6.665121
63 92 0.072930
63 93 6.398563
63 94 -2.734029
63 95 -8.942578
63 96 -2.383553
63 97 -5.526622
63 98 -3.407815
63 99 -10.605783
64 0 5.530225
64 1 -4.050909
64 2 8.359694
64 3 -3.622429
64 4 -9.485596
64 5 -2.980762
64 6 4.189267
64 7 -6.965158
64 8 4.313433
64 9 0.686589
64 10 -4.315730
64 11 7.415891
64 12 -1.701057
64 13 0.359517
64 14 1.520917
64 15 7.095644
64 16 -2.157746
64 17 7.545033
64 18 -8.963940
64 19 -0.022318
64 20 0.175604
64 21 -5.987139
64 22 -5.781491
64 23 8.510730
64 24 8.620615
64 25 6.495484
64 26 4.279491
64 27 1.338948
64 28 -8.289696
64 29 -8.107483
64 30 8.110479
64 31 7.104914
64 32 -1.943213
64 33 1.853338
64 34 4.018485
64 35 6.825786
64 36 -7.502222
64 37 9.700232
64 38 -9.771187
64 39 0.155628
64 40 -6.820512
64 41 6.363234
64 42 -10.849138
64 43 -8.436466
64 44 3.506170
64 45 3.898095
64 46 5.904394
64 47 -4.866784
64 48 3.211112
64 49 2.053440
64 50 -4.509168
64 51 -2.790665
64 52 -1.110882
64 53 -2.746143
64 54 -9.480462
64 55 6.415214
64 56 -10.373458
64 57 2.874859
64 58 0.464575
64 59 5.047510
64 60 -10.712752
64 61 -1.235052
64 62 11.553573
64 63 -9.023180
64 64 1.483368
64 65 -3.494376
64 66 5.088579
64 67 5.671738
64 68 5.188716
64 69 -1.449650
64 70 5.284301
64 71 8.257365
64 72 -0.375028
64 73 -0.262980
64 74 -0.983371
64 75 -11.962906
64 76 -3.024410
64 77 -5.875462
64 78 -4.015745
64 79 -2.004366
64 80 -4.235840
64 81 -3.168368
64 82 6.866239
64 83 -4.913301
64 84 0.042706
64 85 -6.157522
64 86 -9.422007
64 87 -0.349800
64 88 7.037217
64 89 4.054374
64 90 1.616106
64 91 -6.047324
64 92 -1.212528
64 93 -11.278478
64 94 8.980239
64 95 1.385739
64 96 9.833780
64 97 7.585708
64 98 5.879814
64 99 -3.664983
65 0 -9.719287
65 1 -3.362795
65 2 -5.496142
65 3 -8.962324
65 4 -8.497827
65 5 11.401664
65 6 -10.942945
65 7 -6.746648
65 8 -0.791226
65 9 0.292902
65 10 -8.447538
65 11 -5.744674
65 12 10.734509
65 13 2.531592
65 14 -5.643247
65 15 -5.424027
65 16 -3.910133
65 17 10.968427
65 18 9.978394
65 19 3.413151
65 20 -5.587660
65 21 2.698280
65 22 -0.704408
65 23 3.119580
65 24 -0.630325
65 25 6.838340
65 26 -0.681806
65 27 -0.099372
65 28 -7.251488
65 29 -0.682569
65 30 3.672576
65 31 -8.072757
65 32 4.188356
65 33 7.871110
65 34 -0.490997
65 35 11.392373
65 36 4.284477
65 37 4.088667
65 38 6.220493
65 39 -0.676938
65 40 2.821769
65 41 9.098707
65 42 10.672072
65 43 -2.521125
65 44 8.772841
65 45 -5.850889
65 46 6.126495
65 47 -3.463927
65 48 -1.996878
65 49 5.461096
65 50 6.173098
65 51 -6.108388
65 52 -0.864963
65 53 -2.588774
65 54 -1.766323
65 55 7.905211
65 56 6.111420
65 57 -2.769706
65 58 9.762587
65 59 2.284955
65 60 -3.909553
65 61 7.468431
65 62 5.714717
65 63 5.055352
65 64 -7.557363
65 65 1.204982
65 66 12.386782
65 67 4.604668
65 68 -8.539993
65 69 1.078155
65 70 -4.778885
65 71 -9.550424
65 72 7.952955
65 73 3.881134
65 74 -4.530059
65 75 6.225957
65 76 -7.649841
65 77 1.223321
65 78 7.507142
65 79 -4.481085
65 80 -6.726740
65 81 10.998531
65 82 -4.116156
65 83 -2.529474
65 84 -5.195364
65 85 -0.255250
65 86 -5.070489
65 87 8.560915
65 88 2.007689
65 89 -0.938282
65 90 -8.222386
65 91 -4.904785
65 92 5.538190
65 93 -7.051474
65 94 0.022122
65 95 -3.782719
65 96 -10.705587
65 97 5.238230
65 98 11.492890
65 99 6.556604
66 0 -1.459789
66 1 0.991322
66 2 -4.057212
66 3 -6.267718
66 4 -4.743928
66 5 0.025065
66 6 -5.052196
66 7 5.049889
66 8 2.755457
66 9 -6.963704
66 10 3.800712
66 11 -8.228124
66 12 -6.888409
66 13 -3.500958
66 14 9.504125
66 15 7.726857
66 16 -5.360359
66 17 -3.408140
66 18 -7.347457
66 19 -8.169576
66 20 -6.625989
66 21 -1.062241
66 22 -2.502697
66 23 7.682103
66 24 -7.209819
66 25 -2.186287
66 26 2.581223
66 27 -4.791330
66 28 8.314382
66 29 9.211281
66 30 0.053442
66 31 0.120917
66 32 -1.348139
66 33 -2.205748
66 34 -0.161085
66 35 6.563289
66 36 2.906323
66 37 7.157803
66 38 -9.627976
66 39 1.897834
66 40 -2.103498
66 41 -2.583719
66 42 -6.324251
66 43 7.235949
66 44 -6.553279
66 45 1.928004
66 46 4.291307
66 47 -1.370258
66 48 -3.722218
66 49 5.591348
66 50 4.839444
66 51 1.755617
66 52 3.844120
66 53 10.307344
66 54 9.722652
66 55 3.989907
66 56 3.364388
66 57 1.263047
66 58 4.545734
66 59 1.915620
66 60 -2.611614
66 61 0.009231
66 62 1.162427
66 63 0.567190
66 64 11.543049
66 65 -9.403390
66 66 3.730224
66 67 5.827395
66 68 7.196518
66 69 -1.250483
66 70 -8.721760
66 71 -5.088550
66 72 -5.101026
66 73 0.132686
66 74 -5.227472
66 75 -10.656536
66 76 -1.474340
66 77 -5.309249
66 78 3.775070
66 79 4.746303
66 80 -7.225114
66 81 -1.676928
66 82 6.096299
66 83 5.866538
66 84 -10.630434
66 85 2.263305
66 86 -3.075850
66 87 8.556320
66 88 -1.204708
66 89 9.837834
66 90 -1.161427
66 91 5.919838
66 92 -9.874523
66 93 -10.438702
66 94 2.582565
66 95 2.155262
66 96 0.177981
66 97 -2.548018
66 98 3.807583
66 99 2.304321
67 0 -3.861853
67 1 7.116512
67 2 2.273216
67 3 -6.774318
67 4 3.910173
67 5 -0.900407
67 6 -9.302455
67 7 1.423997
67 8 -1.484816
67 9 -4.560922
67 10 -3.848044
67 11 -5.967250
67 12 -2.593527
67 13 8.713153
67 14 -3.603928
67 15 9.790352
67 16 -6.977908
67 17 2.743252
67 18 10.842667
67 19 8.913355
67 20 -1.361019
67 21 6.824693
67 22 7.352083
67 23 8.094658
67 24 4.451688
67 25 0.841789
67 26 -5.054528
67 27 -2.459131
67 28 13.941944
67 29 3.956513
67 30 2.028763
67 31 -7.933230
67 32 -9.738478
67 33 -7.983298
67 34 -4.371031
67 35 -1.630393
67 36 -2.508141
67 37 0.775957
67 38 -1.573226
67 39 4.498968
67 40 -8.500190
67 41 -6.532905
67 42 -8.511201
67 43 6.042760
67 44 -0.534437
67 45 0.629569
67 46 -6.916725
67 47 2.446800
67 48 -7.008547
67 49 -1.072424
67 50 -0.915431
67 51 11.186184
67 52 10.267716
67 53 5.653070
67 54 3.746582
67 55 -4.790298
67 56 -8.390727
67 57 -7.734688
67 58 0.551924
67 59 -2.026616
67 60 -6.163181
67 61 -1.749008
67 62 5.523004
67 63 -2.717152
67 64 11.217019
67 65 -11.746279
67 66 2.489158
67 67 -5.335145
67 68 -3.972579
67 69 11.362684
67 70 9.906062
67 71 5.282926
67 72 3.684680
67 73 -1.885748
67 74 -0.680315
67 75 -2.279076
67 76 -5.935121
67 77 12.286620
67 78 -8.929694
67 79 -6.950642
67 80 -5.413720
67 81 1.440677
67 82 -4.072440
67 83 -8.305340
67 84 -1.126191
67 85 1.896282
67 86 5.050671
67 87 2.127737
67 88 7.163966
67 89 3.293872
67 90 -1.429936
67 91 6.095618
67 92 -5.314318
67 93 -0.979189
67 94 2.985738
67 95 1.412869
67 96 -6.630046
67 97 -0.127486
67 98 0.464328
67 99 -2.572439
68 0 5.719478
68 1 7.404958
68 2 5.047808
68 3 5.985435
68 4 -3.008592
68 5 5.161794
68 6 8.248222
68 7 -5.192057
68 8 -2.064233
68 9 -9.761408
68 10 4.838353
68 11 -8.092933
68 12 -0.766566
68 13 3.550460
68 14 -9.682672
68 15 6.152053
68 16 -2.131758
68 17 4.872271
68 18 9.662784
68 19 0.803061
68 20 8.595718
68 21 -5.770864
68 22 4.838835
68 23 2.143434
68 24 3.929206
68 25 -3.705700
68 26 -9.717927
68 27 -3.989290
68 28 6.009715
68 29 -4.036272
68 30 5.035154
68 31 6.368307
68 32 -5.012919
68 33 5.992690
68 34 -4.865582
68 35 6.509554
68 36 -0.938765
68 37 1.835636
68 38 -5.254149
68 39 -4.964078
68 40 0.428286
68 41 -7.212851
68 42 -11.965541
68 43 -0.779776
68 44 -5.720879
68 45 8.168686
68 46 9.068785
68 47 -9.335402
68 48 8.481556
68 49 8.642540
68 50 -8.450384
68 51 -6.912859
68 52 5.506152
68 53 3.221610
68 54 -4.935549
68 55 8.146881
68 56 -3.574770
68 57 9.042343
68 58 8.847094
68 59 -5.874671
68 60 -6.059722
68 61 -9.139320
68 62 -3.050473
68 63 5.790695
68 64 -10.130621
68 65 11.758072
68 66 -5.382162
68 67 -7.149184
68 68 -1.945790
68 69 -5.394234
68 70 -7.444885
68 71 5.733358
68 72 -3.889033
68 73 6.976777
68 74 1.879603
68 75 -9.316360
68 76 -4.612063
68 77 1.451476
68 78 0.063684
68 79 -12.067266
68 80 7.561298
68 81 -2.589475
68 82 -4.353187
68 83 -5.477336
68 84 9.014678
68 85 5.461407
68 86 1.821842
68 87 -6.070129
68 88 0.853491
68 89 5.981361
68 90 9.682045
68 91 4.097827
68 92 0.086095
68 93 -1.658844
68 94 -4.974331
68 95 -11.009524
68 96 0.425284
68 97 -1.921125
68 98 -0.482195
68 99 -9.498401
69 0 1.650146
69 1 -2.813902
69 2 8.484846
69 3 8.220157
69 4 -1.828948
69 5 -8.407101
69 6 -8.840045
69 7 4.287169
69 8 -4.656183
69 9 4.397793
69 10 -2.944437
69 11 -2.548957
69 12 0.773995
69 13 -2.874274
69 14 -0.740854
69 15 -1.653681
69 16 -5.640867
69 17 6.783345
69 18 -0.244261
69 19 -9.288869
69 20 0.109626
69 21 4.370845
69 22 3.358876
69 23 0.964967
69 24 -9.110577
69 25 11.027090
69 26 8.150807
69 27 -2.538465
69 28 -7.270452
69 29 6.074633
69 30 -4.577616
69 31 -7.955353
69 32 -4.154073
69 33 2.132910
69 34 -10.586967
69 35 -3.389140
69 36 3.015435
69 37 5.768881
69 38 7.631926
69 39 -9.088001
69 40 -2.151374
69 41 1.251066
69 42 -7.536433
69 43 -6.692375
69 44 -5.393960
69 45 8.481169
69 46 -5.742099
69 47 -4.509517
69 48 -1.302315
69 49 -1.332503
69 50 4.378164
69 51 5.901941
69 52 -0.890155
69 53 5.014517
69 54 7.218112
69 55 0.255014
69 56 -4.486632
69 57 2.781882
69 58 -1.722542
69 59 8.087475
69 60 -5.121218
69 61 1.609963
69 62 -5.110663
69 63 -5.241876
69 64 5.758009
69 65 1.847748
69 66 1.287701
69 67 6.215025
69 68 -4.332257
69 69 -3.020928
69 70 7.218173
69 71 -10.464777
69 72 5.524220
69 73 -6.102882
69 74 -6.621946
69 75 6.584170
69 76 4.163558
69 77 2.111308
69 78 -3.713043
69 79 -5.220732
69 80 -2.494970
69 81 3.837052
69 82 7.471746
69 83 5.707107
69 84 -3.811270
69 85 3.658057
69 86 8.968141
69 87 8.192031
69 88 3.837859
69 89 -1.084228
69 90 -0.368685
69 91 7.746316
69 92 -3.213127
69 93 -3.907360
69 94 -7.155380
69 95 4.814409
69 96 11.621922
69 97 3.175076
69 98 -6.275383
69 99 4.333625
70 0 -3.226835
70 1 -7.357831
70 2 6.413932
70 3 3.027774
70 4 -5.891265
70 5 -5.331776
70 6 -0.842485
70 7 0.556447
70 8 6.367476
70 9 -3.403086
70 10 -5.644445
70 11 -1.669189
70 12 1.375473
70 13 8.056845
70 14 -4.914331
70 15 7.125080
70 16 -3.501405
70 17 -4.206698
70 18 -0.913356
70 19 6.092085
70 20 3.261260
70 21 -10.420635
70 22 0.304895
70 23 -5.489478
70 24 6.186086
70 25 3.474659
70 26 8.584444
70 27 -7.722839
70 28 6.590835
70 29 -1.597160
70 30 -0.591359
70 31 1.262084
70 32 -1.206987
70 33 -3.478901
70 34 5.880596
70 35 3.751973
70 36 -5.937494
70 37 -10.062036
70 38 7.227623
70 39 -6.507111
70 40 -1.838267
70 41 1.061297
70 42 -2.956789
70 43 8.158046
70 44 -6.377340
70 45 -3.861883
70 46 -4.060467
70 47 5.949190
70 48 0.011945
70 49 9.455702
70 50 -6.378883
70 51 -1.033257
70 52 -2.297967
70 53 2.371518
70 54 -4.541882
70 55 9.048058
70 56 3.027450
70 57 2.051377
70 58 -4.630473
70 59 1.506995
70 60 -3.662657
70 61 -2.535683
70 62 8.893132
70 63 -3.909218
70 64 4.209417
70 65 -1.677301
70 66 9.648925
70 67 -2.634270
70 68 -9.037686
70 69 4.324232
70 70 0.085022
70 71 -9.742640
70 72 10.106127
70 73 -1.227678
70 74 6.497498
70 75 -0.033886
70 76 1.079325
70 77 -3.664755
70 78 -6.978359
70 79 -3.634078
70 80 -8.281529
70 81 10.221311
70 82 -11.614676
70 83 9.920253
70 84 1.997549
70 85 2.130714
70 86 -7.277362
70 87 -5.583463
70 88 11.082989
70 89 -8.138422
70 90 -3.765644
70 91 7.356753
70 92 -2.146858
70 93 -5.065405
70 94 -0.400871
70 95 0.303350
70 96 -0.278088
70 97 -5.504283
70 98 -5.482599
70 99 -8.179391
71 0 6.904220
71 1 -5.711151
71 2 8.293457
71 3 2.706581
71 4 0.980998
71 5 -6.858954
71 6 7.835984
71 7 7.155911
71 8 -1.105346
71 9 1.946242
71 10 -6.211746
71 11 -10.644664
71 12 5.828843
71 13 4.613278
71 14 -0.034953
71 15 -6.649438
71 16 0.101935
71 17 -1.459978
71 18 1.796938
71 19 -3.528792
71 20 7.739374
71 21 -6.511159
71 22 0.780222
71 23 -4.428342
71 24 -2.951608
71 25 0.433525
71 26 -10.981003
71 27 -7.223691
71 28 -6.351326
71 29 0.836296
71 30 -2.343367
71 31 2.561725
71 32 3.302567
71 33 -2.662109
71 34 8.886736
71 35 -9.109282
71 36 -10.415799
71 37 3.521567
71 38 -0.256719
71 39 -3.380741
71 40 -2.460521
71 41 5.512019
71 42 -7.635521
71 43 6.892579
71 44 2.769679
71 45 4.898039
71 46 -5.089564
71 47 3.550183
71 48 -3.110541
71 49 4.728418
71 50 -5.153413
71 51 8.058971
71 52 -8.993857
71 53 3.660209
71 54 2.975899
71 55 2.793753
71 56 -5.047891
71 57 1.624338
71 58 -0.287238
71 59 9.981551
71 60 -3.671872
71 61 8.080035
71 62 -1.197611
71 63 -5.671893
71 64 -1.309137
71 65 8.221191
71 66 -0.633751
71 67 9.854698
71 68 -1.466790
71 69 7.613106
71 70 0.874514
71 71 -4.655333
71 72 2.001829
71 73 8.817918
71 74 0.944905
71 75 -5.056400
71 76 -1.211502
71 77 -2.516505
71 78 13.345790
71 79 4.503398
71 80 -6.246122
71 81 8.866119
71 82 -3.089472
71 83 -1.579661
71 84 -7.891186
71 85 -2.955062
71 86 -0.439300
71 87 -6.244383
71 88 -9.088861
71 89 2.414762
71 90 -0.091950
71 91 -10.018876
71 92 8.116254
71 93 4.709015
71 94 -0.339046
71 95 -9.848386
71 96 8.122279
71 97 8.730373
71 98 11.702596
71 99 -0.764535
72 0 -4.135480
72 1 5.657422
72 2 6.652836
72 3 3.614309
72 4 -7.212467
72 5 -1.307648
72 6 -5.808340
72 7 -2.929596
72 8 6.351681
72 9 -4.875549
72 10 -1.642156
72 11 1.691290
72 12 -6.193119
72 13 -3.431347
72 14 -5.107471
72 15 -2.408914
72 16 -1.305904
72 17 6.858069
72 18 6.841405
72 19 6.687318
72 20 -8.206901
72 21 -7.645016
72 22 -11.098376
72 23 1.035941
72 24 2.987196
72 25 -4.251768
72 26 -2.493976
72 27 2.559743
72 28 9.767255
72 29 -4.097352
72 30 0.335493
72 31 -8.734594
72 32 8.631761
72 33 3.640636
72 34 2.268395
72 35 3.600443
72 36 2.923524
72 37 -2.990415
72 38 -0.162941
72 39 -7.371743
72 40 -2.658111
72 41 -7.082392
72 42 -9.391563
72 43 -5.714016
72 44 0.478459
72 45 -1.705469
72 46 -1.633526
72 47 8.000132
72 48 2.224533
72 49 6.257348
72 50 -1.105127
72 51 -0.692079
72 52 1.181918
72 53 -7.759333
72 54 -5.939278
72 55 2.197531
72 56 -8.665258
72 57 -3.833147
72 58 4.381568
72 59 5.371395
72 60 4.715265
72 61 -8.180074
72 62 -6.026816
72 63 -4.829100
72 64 -7.092156
72 65 9.893584
72 66 -1.717018
72 67 -8.827939
72 68 4.354391
72 69 -2.514500
72 70 -0.919257
72 71 6.167263
72 72 -7.737405
72 73 -2.296977
72 74 8.325133
72 75 11.556050
72 76 8.318105
72 77 3.946291
72 78 3.575101
72 79 -2.531033
72 80 5.983163
72 81 2.544467
72 82 -7.034428
72 83 5.635259
72 84 -2.418047
72 85 7.910059
72 86 3.019982
72 87 -8.289295
72 88 11.373050
72 89 1.078052
72 90 12.499543
72 91 -3.099842
72 92 -5.025527
72 93 0.205757
72 94 1.992671
72 95 -1.230186
72 96 -5.013321
72 97 -5.111602
72 98 2.625475
72 99 -4.306770
73 0 -3.658415
73 1 4.280809
73 2 -7.807329
73 3 5.028581
73 4 6.837748
73 5 3.065941
73 6 9.302709
73 7 -7.940675
73 8 -9.007692
73 9 0.469787
73 10 -1.170994
73 11 -0.186131
73 12 -4.728461
73 13 -2.635489
73 14 7.667772
73 15 2.776527
73 16 -1.383884
73 17 12.444523
73 18 2.481546
73 19 -4.383462
73 20 -7.268827
73 21 -2.062896
73 22 -4.959584
73 23 8.155397
73 24 -8.326497
73 25 7.227957
73 26 3.839163
73 27 -3.723573
73 28 7.378684
73 29 -2.755934
73 30 0.794651
73 31 -7.582082
73 32 10.669402
73 33 -13.001829
73 34 -0.290152
73 35 8.949062
73 36 -8.795609
73 37 0.534132
73 38 -7.693986
73 39 6.053014
73 40 4.690014
73 41 -3.744192
73 42 11.109247
73 43 -4.154854
73 44 9.410879
73 45 -7.292529
73 46 -8.817619
73 47 7.935146
73 48 4.625279
73 49 5.969797
73 50 9.218460
73 51 -2.852806
73 52 7.660600
73 53 0.345435
73 54 2.954219
73 55 2.436400
73 56 -7.541927
73 57 -0.901897
73 58 -1.973099
73 59 6.696753
73 60 2.212277
73 61 1.920068
73 62 -2.344180
73 63 -11.902453
73 64 6.237309
73 65 -3.312944
73 66 8.839457
73 67 2.259415
73 68 9.325567
73 69 -6.620103
73 70 2.071746
73 71 -4.316884
73 72 -11.084778
73 73 -9.462725
73 74 -8.137019
73 75 -1.232780
73 76 -8.661656
73 77 -7.894068
73 78 3.062090
73 79 -0.391945
73 80 -7.131209
73 81 -4.143478
73 82 8.072257
73 83 8.331171
73 84 -5.971805
73 85 -0.154792
73 86 4.158880
73 87 -5.060693
73 88 -3.707472
73 89 -1.327014
73 90 -7.060582
73 91 -5.969101
73 92 11.436649
73 93 -2.178006
73 94 -2.354889
73 95 3.574984
73 96 6.865405
73 97 -2.762140
73 98 4.656683
73 99 -1.516820
74 0 -6.823881
74 1 3.819382
74 2 4.300512
74 3 4.593887
74 4 1.892664
74 5 9.993235
74 6 2.809874
74 7 5.175576
74 8 -7.386495
74 9 0.236571
74 10 -7.374648
74 11 6.386391
74 12 1.727120
74 13 -7.082281
74 14 -1.049173
74 15 -4.412856
74 16 -0.076447
74 17 -1.274448
74 18 -5.458166
74 19 -0.247001
74 20 -7.139356
74 21 -4.148886
74 22 -4.570566
74 23 0.674584
74 24 3.418577
74 25 -7.401095
74 26 -7.632464
74 27 4.786936
74 28 -8.709275
74 29 3.986772
74 30 9.305066
74 31 -0.661870
74 32 6.354756
74 33 5.611307
74 34 -1.536030
74 35 -9.681572
74 36 -3.035746
74 37 6.143136
74 38 -1.865510
74 39 11.463153
74 40 -4.188204
74 41 -9.080725
74 42 -4.038049
74 43 -5.847788
74 44 -5.703021
74 45 -6.989248
74 46 -1.965236
74 47 4.131753
74 48 6.652111
74 49 -3.182338
74 50 -7.040904
74 51 3.660064
74 52 -9.035625
74 53 10.376332
74 54 -2.783872
74 55 1.614084
74 56 -0.055321
74 57 -10.758302
74 58 8.996091
74 59 7.964412
74 60 3.371571
74 61 7.112311
74 62 2.998324
74 63 9.336554
74 64 0.876373
74 65 -4.741285
74 66 -2.396621
74 67 -8.111695
74 68 -1.807053
74 69 4.152186
74 70 -5.706764
74 71 9.414126
74 72 -7.870989
74 73 3.119701
74 74 5.129084
74 75 11.085405
74 76 6.995230
74 77 0.836928
74 78 -2.230216
74 79 1.971584
74 80 6.138215
74 81 6.695983
74 82 4.034453
74 83 10.336151
74 84 -5.474505
74 85 -1.565592
74 86 -5.910601
74 87 3.032976
74 88 9.019345
74 89 -10.312138
74 90 4.270452
74 91 4.432871
74 92 9.483099
74 93 -1.563337
74 94 -3.583101
74 95 -4.218302
74 96 2.175845
74 97 -6.790199
74 98 7.526453
74 99 -7.974190
75 0 0.958839
75 1 -7.970872
75 2 1.008708
75 3 -2.993691
75 4 -5.420627
75 5 3.144465
75 6 1.552119
75 7 -5.744002
75 8 -1.243778
75 9 2.740212
75 10 0.872972
75 11 1.910467
75 12 4.326234
75 13 6.879907
75 14 -10.038535
75 15 -4.648272
75 16 3.583798
75 17 -5.943366
75 18 2.308185
75 19 3.305401
75 20 6.665539
75 21 -0.583036
75 22 8.103503
75 23 5.610392
75 24 1.519837
75 25 -3.372811
75 26 -1.087421
75 27 -1.225022
75 28 5.905547
75 29 -4.145263
75 30 -7.989444
75 31 3.348573
75 32 9.160800
75 33 -6.972224
75 34 -4.926355
75 35 7.213780
75 36 -8.005306
75 37 0.445634
75 38 10.026805
75 39 -5.169810
75 40 1.834842
75 41 4.108943
75 42 5.128794
75 43 -3.257061
75 44 6.378597
75 45 -8.168631
75 46 1.703008
75 47 -5.829388
75 48 -1.903455
75 49 7.918305
75 50 6.598142
75 51 -0.398763
75 52 8.525508
75 53 4.852800
75 54 8.173446
75 55 6.609189
75 56 9.895345
75 57 -0.605327
75 58 -6.096227
75 59 9.007749
75 60 -4.263177
75 61 5.928736
75 62 -1.596800
75 63 -10.034525
75 64 7.616641
75 65 -1.956705
75 66 9.150693
75 67 1.601530
75 68 -6.773116
75 69 3.619291
75 70 2.516399
75 71 -2.132111
75 72 2.802702
75 73 3.575748
75 74 2.189371
75 75 5.059532
75 76 -3.924299
75 77 -3.441498
75 78 0.188833
75 79 -0.249362
75 80 -3.658341
75 81 -7.665197
75 82 -1.644306
75 83 -10.316620
75 84 -7.339972
75 85 -4.238663
75 86 -4.672126
75 87 9.835709
75 88 -4.059342
75 89 -3.707208
75 90 9.678686
75 91 -8.634117
75 92 9.362856
75 93 6.708410
75 94 1.019962
75 95 11.883991
75 96 6.463779
75 97 -9.784658
75 98 -10.832383
75 99 4.530099
76 0 6.747493
76 1 -3.996475
76 2 2.952975
76 3 5.720936
76 4 -0.048981
76 5 8.616111
76 6 10.378867
76 7 -8.957259
76 8 6.818332
76 9 10.210330
76 10 2.118945
76 11 -3.257353
76 12 5.716562
76 13 2.471025
76 14 -4.955309
76 15 10.509749
76 16 0.549324
76 17 -3.145217
76 18 -2.015599
76 19 -8.010996
76 20 5.907680
76 21 1.518494
76 22 6.592281
76 23 -1.668590
76 24 -4.110656
76 25 3.216899
76 26 -6.057250
76 27 8.399196
76 28 -1.244237
76 29 4.929162
76 30 6.125002
76 31 0.752926
76 32 11.443381
76 33 9.482934
76 34 6.438474
76 35 8.635979
76 36 2.090862
76 37 2.350539
76 38 8.286997
76 39 -3.729243
76 40 -7.975550
76 41 5.879979
76 42 -3.439164
76 43 3.691918
76 44 2.733503
76 45 -5.269427
76 46 -1.200755
76 47 -8.771828
76 48 -2.108589
76 49 4.388419
76 50 -8.271971
76 51 -11.137185
76 52 -0.434971
76 53 4.514356
76 54 -8.528603
76 55 -5.423032
76 56 8.847893
76 57 -1.379808
76 58 -1.573197
76 59 8.704645
76 60 1.869314
76 61 1.810471
76 62 -6.710634
76 63 -6.183077
76 64 -4.176771
76 65 5.282080
76 66 7.241624
76 67 4.753578
76 68 4.950886
76 69 0.941366
76 70 0.973813
76 71 8.714179
76 72 -0.867059
76 73 -8.794534
76 74 11.153995
76 75 12.437997
76 76 6.428557
76 77 8.964399
76 78 2.020865
76 79 -4.214072
76 80 12.204276
76 81 -2.441107
76 82 -1.686516
76 83 10.546046
76 84 -3.198691
76 85 -7.835331
76 86 1.810588
76 87 -8.829990
76 88 1.582497
76 89 4.827214
76 90 1.691387
76 91 1.885528
76 92 0.895685
76 93 0.531356
76 94 -7.402389
76 95 4.464301
76 96 -11.386668
76 97 -6.627488
76 98 -0.397909
76 99 -0.691968
77 0 -7.022135
77 1 -8.403647
77 2 -1.632284
77 3 -8.864195
77 4 -4.601596
77 5 -8.030545
77 6 0.101177
77 7 6.911859
77 8 -0.848283
77 9 -6.136062
77 10 -10.220676
77 11 -5.280952
77 12 -8.978537
77 13 -3.288987
77 14 9.863464
77 15 -1.983255
77 16 3.023783
77 17 12.200613
77 18 3.371767
77 19 10.574411
77 20 1.259930
77 21 3.491571
77 22 3.728218
77 23 4.721548
77 24 -0.552869
77 25 5.406377
77 26 -6.146040
77 27 3.229089
77 28 -1.839505
77 29 -6.331136
77 30 4.726360
77 31 -4.372799
77 32 4.339554
77 33 -3.033181
77 34 -5.533959
77 35 -8.903534
77 36 -5.903320
77 37 -10.504021
77 38 7.778981
77 39 6.540724
77 40 -7.824101
77 41 3.367203
77 42 -4.385207
77 43 5.560536
77 44 5.900836
77 45 5.529244
77 46 8.869365
77 47 -7.248576
77 48 -1.842180
77 49 3.591666
77 50 -9.613205
77 51 -0.758071
77 52 -6.935626
77 53 -5.589647
77 54 0.494758
77 55 7.086377
77 56 3.854077
77 57 5.795181
77 58 5.933564
77 59 -7.759815
77 60 -1.172909
77 61 4.629363
77 62 5.591515
77 63 -1.067557
77 64 -8.680817
77 65 2.347358
77 66 3.335257
77 67 2.747238
77 68 -3.878985
77 69 2.255033
77 70 3.529535
77 71 -1.555190
77 72 5.290515
77 73 -8.945502
77 74 -9.064408
77 75 4.234452
77 76 -5.787283
77 77 1.043772
77 78 -11.208756
77 79 -8.681347
77 80 -0.552255
77 81 -9.042669
77 82 9.556331
77 83 4.823966
77 84 8.200094
77 85 -0.476098
77 86 -3.079865
77 87 -10.654607
77 88 -1.834716
77 89 -1.100682
77 90 5.777820
77 91 3.420610
77 92 7.195775
77 93 -7.345814
77 94 10.342054
77 95 -8.261028
77 96 -6.277372
77 97 0.875082
77 98 -1.690564
77 99 -1.567128
78 0 -5.215618
78 1 4.257323
78 2 -7.934772
78 3 3.437480
78 4 -2.197183
78 5 -2.849625
78 6 -5.781471
78 7 -0.538115
78 8 -6.648763
78 9 -5.371901
78 10 6.660874
78 11 -1.619944
78 12 -6.942822
78 13 -4.443582
78 14 -3.751902
78 15 -2.637908
78 16 -4.313550
78 17 -6.483192
78 18 3.700249
78 19 8.961593
78 20 2.548908
78 21 10.366226
78 22 -5.002187
78 23 -3.714820
78 24 7.468925
78 25 -9.910394
78 26 0.891058
78 27 2.256962
78 28 3.671623
78 29 4.733833
78 30 -3.608279
78 31 2.095049
78 32 7.018198
78 33 -4.139038
78 34 3.868528
78 35 -9.973078
78 36 5.542347
78 37 -4.877747
78 38 -5.790977
78 39 10.754744
78 40 0.526521
78 41 -1.800332
78 42 -11.127264
78 43 0.092364
78 44 3.668237
78 45 -4.106452
78 46 -2.498738
78 47 -0.107067
78 48 2.766376
78 49 -3.381961
78 50 -0.900007
78 51 3.087555
78 52 -9.508570
78 53 -0.315693
78 54 9.275151
78 55 10.145174
78 56 -2.133545
78 57 -1.974159
78 58 -9.679443
78 59 4.588509
78 60 -7.193136
78 61 2.949020
78 62 -0.345126
78 63 5.866270
78 64 -2.028832
78 65 7.765262
78 66 8.586483
78 67 -3.585963
78 68 1.652568
78 69 5.882593
78 70 -3.878473
78 71 -11.980113
78 72 4.768801
78 73 -0.379878
78 74 -6.803874
78 75 -1.695518
78 76 -2.919275
78 77 12.116585
78 78 -2.177449
78 79 -0.352821
78 80 -6.102747
78 81 5.599385
78 82 4.153762
78 83 7.372321
78 84 -5.601353
78 85 -4.812021
78 86 -0.842960
78 87 -4.296318
78 88 6.427427
78 89 1.094533
78 90 -2.716400
78 91 6.530353
78 92 1.689263
78 93 -12.010404
78 94 0.240301
78 95 -5.727761
78 96 2.412504
78 97 4.814520
78 98 -4.361874
78 99 -5.506172
79 0 9.400321
79 1 -4.413241
79 2 5.240086
79 3 -5.641624
79 4 7.526014
79 5 -3.106628
79 6 -10.834012
79 7 -7.439744
79 8 -3.585219
79 9 9.016318
79 10 1.386326
79 11 -5.150759
79 12 0.559047
79 13 7.376224
79 14 2.263672
79 15 -4.043139
79 16 7.795132
79 17 0.255078
79 18 1.261206
79 19 10.057947
79 20 7.609806
79 21 2.672357
79 22 -2.401242
79 23 -2.428173
79 24 9.198185
79 25 5.570442
79 26 0.556563
79 27 -0.764052
79 28 -2.669336
79 29 -4.404409
79 30 -2.588322
79 31 -10.144595
79 32 -5.832394
79 33 1.034631
79 34 9.915027
79 35 -1.136275
79 36 11.665141
79 37 0.168558
79 38 -8.514216
79 39 8.097725
79 40 3.309113
79 41 5.028605
79 42 6.838053
79 43 4.716024
79 44 13.047905
79 45 -5.192636
79 46 -8.398720
79 47 -2.522131
79 48 -3.477226
79 49 -8.093495
79 50 7.074413
79 51 5.099451
79 52 5.089177
79 53 2.080072
79 54 4.855321
79 55 2.498858
79 56 1.729181
79 57 -3.753310
79 58 -8.117102
79 59 6.871135
79 60 5.330456
79 61 3.640972
79 62 0.062169
79 63 -8.218498
79 64 -8.541463
79 65 0.868550
79 66 6.367502
79 67 0.024785
79 68 -3.728991
79 69 6.138277
79 70 4.230060
79 71 9.846325
79 72 4.520226
79 73 11.232847
79 74 8.088489
79 75 4.459033
79 76 4.278161
79 77 -2.702595
79 78 -2.092554
79 79 -1.934667
79 80 1.943824
79 81 8.007866
79 82 11.951424
79 83 3.112983
79 84 -4.838262
79 85 -7.217899
79 86 -7.790828
79 87 4.388621
79 88 -1.599102
79 89 -9.779574
79 90 -8.233853
79 91 -1.914240
79 92 -8.762276
79 93 -5.975270
79 94 7.313599
79 95 -4.952460
79 96 -8.307240
79 97 -3.423966
79 98 -4.513129
79 99 -3.677611
80 0 4.250723
80 1 -4.762470
80 2 -8.961302
80 3 10.432486
80 4 5.523426
80 5 -9.649723
80 6 4.321216
80 7 2.483026
80 8 2.984891
80 9 -5.807016
80 10 6.290643
80 11 1.341342
80 12 2.138779
80 13 -0.533547
80 14 -1.883863
80 15 -6.423363
80 16 -4.458328
80 17 2.386646
80 18 1.587826
80 19 5.412693
80 20 5.646820
80 21 4.737214
80 22 4.023248
80 23 10.582210
80 24 7.696307
80 25 -7.633203
80 26 7.860210
80 27 -5.475041
80 28 0.810271
80 29 -3.312768
80 30 -5.367623
80 31 -4.166476
80 32 -9.473942
80 33 0.247025
80 34 -4.877073
80 35 -3.827231
80 36 -10.887156
80 37 0.350131
80 38 -4.014995
80 39 9.988540
80 40 -8.078375
80 41 -1.015147
80 42 9.828958
80 43 -0.777713
80 44 0.306275
80 45 10.836858
80 46 6.261052
80 47 -4.036326
80 48 6.361555
80 49 -2.954886
80 50 8.885802
80 51 -1.963901
80 52 -1.977976
80 53 -3.915533
80 54 -4.662285
80 55 -5.543715
80 56 -0.832743
80 57 2.230113
80 58 12.363729
80 59 -1.623706
80 60 -0.730154
80 61 -0.623123
80 62 -10.570736
80 63 6.226511
80 64 -5.759718
80 65 10.290819
80 66 4.862723
80 67 -0.918799
80 68 -3.395987
80 69 0.040661
80 70 3.600736
80 71 -3.833682
80 72 1.460801
80 73 -6.293006
80 74 4.167538
80 75 -9.679596
80 76 2.564802
80 77 1.512977
80 78 7.147773
80 79 9.340712
80 80 -7.028696
80 81 -13.148081
80 82 9.566267
80 83 7.819119
80 84 3.798648
80 85 -6.206028
80 86 6.263280
80 87 -9.202200
80 88 -1.466723
80 89 -2.080816
80 90 10.454637
80 91 0.859622
80 92 4.449211
80 93 -8.537012
80 94 0.375338
80 95 4.764231
80 96 -2.447551
80 97 8.434434
80 98 -3.794888
80 99 4.863476
81 0 -7.373871
81 1 -6.524140
81 2 -9.845431
81 3 5.804630
81 4 -1.808743
81 5 -1.861058
81 6 9.322780
81 7 -8.060795
81 8 -4.649869
81 9 -5.663829
81 10 -5.595021
81 11 -7.434270
81 12 3.544239
81 13 -8.151822
81 14 6.062468
81 15 10.412985
81 16 1.967226
81 17 -5.557343
81 18 10.222623
81 19 5.290333
81 20 -10.106782
81 21 3.085974
81 22 -6.667644
81 23 -4.674439
81 24 6.643249
81 25 3.407694
81 26 -9.967055
81 27 -3.096917
81 28 -6.355740
81 29 2.090833
81 30 8.467682
81 31 6.719072
81 32 -1.667729
81 33 2.154677
81 34 7.504791
81 35 -0.517324
81 36 -1.476209
81 37 -11.398856
81 38 -0.121717
81 39 -1.722755
81 40 7.019450
81 41 -8.809695
81 42 -10.266679
81 43 9.694964
81 44 1.466423
81 45 -3.183804
81 46 8.574556
81 47 -2.835092
81 48 -9.961429
81 49 8.249772
81 50 -1.293781
81 51 -5.590463
81 52 -4.032297
81 53 -4.076825
81 54 -0.233867
81 55 7.221244
81 56 1.467717
81 57 6.915795
81 58 -10.764498
81 59 6.895393
81 60 -8.887462
81 61 3.013809
81 62 4.534969
81 63 -0.059431
81 64 -1.809830
81 65 6.418246
81 66 11.175215
81 67 7.175113
81 68 0.885935
81 69 -8.439567
81 70 -9.613748
81 71 -8.173749
81 72 -9.954946
81 73 4.803000
81 74 -6.500559
81 75 -2.627031
81 76 4.548060
81 77 2.081714
81 78 -9.527191
81 79 10.716444
81 80 3.242759
81 81 8.078716
81 82 8.274463
81 83 11.028851
81 84 -7.108571
81 85 7.369985
81 86 -3.907758
81 87 -0.116974
81 88 4.855742
81 89 0.137281
81 90 5.686811
81 91 7.783584
81 92 -9.625217
81 93 -5.497840
81 94 6.661846
81 95 1.117127
81 96 7.588597
81 97 2.251383
81 98 -2.440056
81 99 -4.751797
82 0 9.524780
82 1 -6.773618
82 2 0.769649
82 3 -7.627738
82 4 -5.579037
82 5 3.944430
82 6 6.339436
82 7 7.043155
82 8 6.413388
82 9 0.716199
82 10 -9.104108
82 11 -4.200075
82 12 -9.074963
82 13 8.436625
82 14 -10.845695
82 15 -5.189518
82 16 0.822683
82 17 5.706036
82 18 -2.383149
82 19 -4.054681
82 20 -5.540400
82 21 -0.534841
82 22 9.355374
82 23 -6.794016
82 24 -5.931923
82 25 6.998918
82 26 4.671062
82 27 2.928247
82 28 -1.365474
82 29 8.084193
82 30 5.722887
82 31 10.865411
82 32 -1.095612
82 33 8.552185
82 34 -3.683374
82 35 -10.605587
82 36 -9.341499
82 37 -4.369649
82 38 7.358871
82 39 -9.460913
82 40 -1.890709
82 41 -6.266350
82 42 2.152157
82 43 0.644395
82 44 0.153822
82 45 4.874098
82 46 -9.555484
82 47 -1.386093
82 48 -1.464294
82 49 -4.242949
82 50 1.414415
82 51 11.733608
82 52 -3.949610
82 53 -4.664008
82 54 6.481401
82 55 -0.404440
82 56 -7.354818
82 57 -5.710957
82 58 5.354513
82 59 1.149105
82 60 8.354585
82 61 -5.412027
82 62 -3.205424
82 63 -0.418972
82 64 10.911269
82 65 -5.766469
82 66 5.888090
82 67 0.665949
82 68 8.588564
82 69 -5.280785
82 70 -3.669280
82 71 4.690851
82 72 -8.501142
82 73 4.091809
82 74 4.316450
82 75 -0.628392
82 76 -3.887213
82 77 -6.214360
82 78 7.711432
82 79 -0.909179
82 80 5.624804
82 81 -7.308038
82 82 6.128149
82 83 3.467101
82 84 -3.081622
82 85 -7.369014
82 86 -10.028141
82 87 5.777314
82 88 10.380886
82 89 -1.097228
82 90 11.672778
82 91 5.648509
82 92 -9.108766
82 93 -7.319910
82 94 0.376247
82 95 3.943813
82 96 11.847477
82 97 -4.286865
82 98 3.310152
82 99 4.653696
83 0 4.559481
83 1 -1.086302
83 2 7.298737
83 3 0.719672
83 4 -8.134670
83 5 3.492437
83 6 -3.766514
83 7 -4.603922
83 8 1.706674
83 9 7.211465
83 10 -1.011528
83 11 -1.712506
83 12 -3.499036
83 13 -8.375998
83 14 -8.630381
83 15 -8.939034
83 16 -1.128082
83 17 4.274036
83 18 3.006180
83 19 3.769571
83 20 7.766743
83 21 9.314302
83 22 3.355294
83 23 10.188094
83 24 -2.690539
83 25 -3.078704
83 26 -1.263663
83 27 9.096204
83 28 -0.365769
83 29 2.174452
83 30 6.380194
83 31 -3.881804
83 32 -1.960965
83 33 -2.640361
83 34 8.772988
83 35 8.641844
83 36 0.510621
83 37 1.581112
83 38 5.117480
83 39 6.227708
83 40 1.957999
83 41 12.231937
83 42 -5.821195
83 43 -3.357369
83 44 2.996555
83 45 2.009237
83 46 8.721814
83 47 -2.276830
83 48 1.237728
83 49 -8.966482
83 50 -6.572116
83 51 1.586758
83 52 4.914068
83 53 -10.060002
83 54 -0.101008
83 55 9.824759
83 56 7.591672
83 57 -9.285040
83 58 0.413737
83 59 -5.024636
83 60 -5.586800
83 61 2.945852
83 62 -11.738252
83 63 -6.485480
83 64 -0.185103
83 65 -5.952304
83 66 5.333772
83 67 -10.533120
83 68 12.554785
83 69 5.747317
83 70 -3.249389
83 71 -3.131134
83 72 5.807597
83 73 -11.026879
83 74 -7.544282
83 75 -8.809104
83 76 -4.639152
83 77 1.447257
83 78 8.931506
83 79 -6.846684
83 80 -8.337714
83 81 10.721551
83 82 -12.647149
83 83 12.834928
83 84 4.151844
83 85 1.941481
83 86 6.172366
83 87 -4.893068
83 88 10.436291
83 89 9.309704
83 90 -7.786703
83 91 7.911695
83 92 8.343535
83 93 -2.100581
83 94 -0.508497
83 95 -3.009330
83 96 -7.208591
83 97 10.611857
83 98 8.830227
83 99 6.400797
84 0 1.135646
84 1 -7.477069
84 2 6.884721
84 3 5.816189
84 4 2.315240
84 5 -0.994654
84 6 0.660506
84 7 5.958712
84 8 3.064005
84 9 1.482868
84 10 -3.881639
84 11 -6.252416
84 12 -4.889600
84 13 8.393167
84 14 -4.636737
84 15 2.914233
84 16 7.628459
84 17 4.223667
84 18 -7.391154
84 19 1.079614
84 20 -8.135543
84 21 8.595871
84 22 9.612663
84 23 3.228240
84 24 2.802689
84 25 -7.149567
84 26 -2.429818
84 27 2.188717
84 28 -4.405952
84 29 7.528758
84 30 4.579623
84 31 -0.162642
84 32 9.612783
84 33 -8.614123
84 34 8.638688
84 35 1.860825
84 36 6.061462
84 37 6.742055
84 38 -9.098690
84 39 7.566829
84 40 -9.608707
84 41 8.403220
84 42 -6.231003
84 43 -5.605186
84 44 -4.734328
84 45 -4.052703
84 46 2.311175
84 47 -9.780545
84 48 1.311353
84 49 10.235551
84 50 -7.185500
84 51 1.879331
84 52 -1.585392
84 53 -10.490973
84 54 10.553412
84 55 -11.156728
84 56 -6.012449
84 57 3.760298
84 58 0.169929
84 59 4.443528
84 60 3.365401
84 61 2.318964
84 62 -0.831198
84 63 -1.829512
84 64 8.761153
84 65 -4.644158
84 66 -7.699223
84 67 2.885865
84 68 -4.258318
84 69 8.240612
84 70 -5.041770
84 71 -2.970431
84 72 -4.949221
84 73 -9.961195
84 74 7.140468
84 75 5.077703
84 76 -1.070067
84 77 8.928328
84 78 -6.283009
84 79 0.338684
84 80 1.387100
84 81 1.167914
84 82 1.961268
84 83 11.136836
84 84 6.142861
84 85 6.829712
84 86 -4.550241
84 87 -10.531344
84 88 -2.485583
84 89 -3.070261
84 90 2.131221
84 91 -1.015353
84 92 -11.634257
84 93 2.149690
84 94 1.051886
84 95 9.384837
84 96 3.776834
84 97 -9.602224
84 98 3.730182
84 99 -5.530531
85 0 -0.025461
85 1 0.200245
85 2 -4.523084
85 3 -1.643796
85 4 6.566623
85 5 0.766902
85 6 4.855296
85 7 2.071347
85 8 7.625011
85 9 3.922408
85 10 -10.628923
85 11 4.654234
85 12 3.859105
85 13 -5.241942
85 14 -1.208537
85 15 8.777675
85 16 -4.574849
85 17 1.778514
85 18 -9.217494
85 19 2.009824
85 20 1.217729
85 21 0.607486
85 22 1.661883
85 23 0.336199
85 24 -8.222757
85 25 -4.772573
85 26 9.353248
85 27 -8.742996
85 28 -4.526123
85 29 5.619535
85 30 0.551924
85 31 -9.516487
85 32 5.893646
85 33 -0.832254
85 34 9.175375
85 35 2.147866
85 36 6.882457
85 37 -2.695325
85 38 4.708674
85 39 -5.253459
85 40 7.989921
85 41 -5.439983
85 42 5.930823
85 43 -3.859849
85 44 2.351553
85 45 0.886358
85 46 -8.584650
85 47 -6.181015
85 48 -8.243571
85 49 1.423782
85 50 -3.896313
85 51 6.564283
85 52 -1.450552
85 53 -6.416567
85 54 8.340448
85 55 -8.685388
85 56 9.298628
85 57 -1.193651
85 58 3.665521
85 59 2.961875
85 60 0.884955
85 61 1.672192
85 62 -8.639970
85 63 3.694391
85 64 -0.847325
85 65 -1.869848
85 66 -10.164676
85 67 -2.198631
85 68 -4.839786
85 69 -5.884794
85 70 -7.938709
85 71 6.768729
85 72 -2.216734
85 73 -0.284145
85 74 -6.276927
85 75 -2.432982
85 76 6.706392
85 77 -8.425608
85 78 -6.888282
85 79 -8.425724
85 80 -2.050346
85 81 -2.325155
85 82 4.631218
85 83 -2.173862
85 84 -9.017941
85 85 10.792965
85 86 -6.687766
85 87 4.030571
85 88 -5.653301
85 89 1.381619
85 90 -1.950992
85 91 -7.936055
85 92 6.661039
85 93 5.951119
85 94 -9.680828
85 95 5.358870
85 96 -6.875115
85 97 -0.079229
85 98 3.113823
85 99 -10.694965
86 0 -6.617678
86 1 2.405526
86 2 -2.154908
86 3 10.693120
86 4 9.083556
86 5 7.708539
86 6 6.343776
86 7 5.297774
86 8 0.984384
86 9 4.792045
86 10 -3.070605
86 11 -9.350553
86 12 -2.663097
86 13 -4.314211
86 14 6.652392
86 15 -6.719269
86 16 0.406315
86 17 -3.086651
86 18 -4.905500
86 19 -3.911371
86 20 4.459338
86 21 -5.506605
86 22 2.835284
86 23 -11.475837
86 24 -0.526533
86 25 -4.604081
86 26 7.362697
86 27 -6.368250
86 28 -0.498448
86 29 10.215152
86 30 -2.869536
86 31 5.243933
86 32 8.948830
86 33 0.924237
86 34 12.359096
86 35 -2.429119
86 36 3.485315
86 37 3.498743
86 38 9.057614
86 39 11.489075
86 40 -3.135084
86 41 -2.952021
86 42 3.285151
86 43 -2.655722
86 44 -5.831814
86 45 5.655462
86 46 -7.275749
86 47 -5.390489
86 48 7.931208
86 49 -10.832993
86 50 -2.230624
86 51 -4.613314
86 52 6.891698
86 53 -6.673883
86 54 -3.177963
86 55 7.696607
86 56 0.209865
86 57 -4.309724
86 58 -2.810934
86 59 8.759286
86 60 5.293677
86 61 -4.268222
86 62 2.877533
86 63 4.993862
86 64 3.076898
86 65 10.967648
86 66 3.071051
86 67 3.549471
86 68 -0.496181
86 69 -4.307484
86 70 -1.803816
86 71 -4.109884
86 72 -2.353036
86 73 -5.201181
86 74 -4.036577
86 75 -4.348042
86 76 -6.185940
86 77 -10.977046
86 78 -8.527107
86 79 -3.114739
86 80 -2.915680
86 81 -6.879870
86 82 -5.409275
86 83 6.917369
86 84 -6.782368
86 85 -0.293944
86 86 9.277097
86 87 4.726758
86 88 -6.820579
86 89 -7.540761
86 90 6.670861
86 91 2.881012
86 92 -9.972401
86 93 -6.964266
86 94 -10.786643
86 95 -1.474936
86 96 -2.995564
86 97 -1.829477
86 98 -0.581392
86 99 -7.134731
87 0 -3.827275
87 1 -1.860101
87 2 2.363705
87 3 8.047800
87 4 -6.752326
87 5 -2.957564
87 6 -7.680753
87 7 -0.540687
87 8 -1.437406
87 9 -5.123041
87 10 -3.408158
87 11 -8.823235
87 12 -4.986581
87 13 -3.717848
87 14 6.578988
87 15 -0.434567
87 16 -7.669798
87 17 -9.094041
87 18 4.136610
87 19 2.357034
87 20 -4.692675
87 21 9.475275
87 22 -6.355744
87 23 -4.568769
87 24 4.753580
87 25 4.933315
87 26 2.068305
87 27 -3.195944
87 28 2.589163
87 29 6.116748
87 30 5.807828
87 31 -2.747454
87 32 -0.355252
87 33 5.533484
87 34 -5.970912
87 35 4.897741
87 36 -6.997343
87 37 8.521260
87 38 8.876178
87 39 2.147884
87 40 5.820315
87 41 8.744257
87 42 3.643927
87 43 -4.055145
87 44 -6.715869
87 45 -9.894209
87 46 -5.875335
87 47 8.110646
87 48 -6.159109
87 49 -0.560280
87 50 5.405909
87 51 1.322296
87 52 4.940496
87 53 -11.349246
87 54 -4.481248
87 55 7.539443
87 56 -6.963620
87 57 2.276207
87 58 1.238049
87 59 -6.812172
87 60 6.504588
87 61 6.730006
87 62 -11.587684
87 63 -4.062468
87 64 -0.609445
87 65 9.809940
87 66 -2.867045
87 67 9.573109
87 68 2.466728
87 69 -7.679645
87 70 5.925122
87 71 -7.207976
87 72 -8.687959
87 73 5.998192
87 74 -6.939730
87 75 -4.555176
87 76 -7.119977
87 77 -11.211746
87 78 8.587641
87 79 -7.373494
87 80 2.281657
87 81 5.066699
87 82 -10.242052
87 83 -10.649035
87 84 -11.758992
87 85 0.644700
87 86 -4.930493
87 87 -5.375125
87 88 3.362710
87 89 -1.442461
87 90 3.189012
87 91 -0.370913
87 92 4.044340
87 93 -2.320758
87 94 -5.623504
87 95 12.439124
87 96 -8.800554
87 97 -11.650308
87 98 -4.917412
87 99 8.198281
88 0 -6.787527
88 1 5.871814
88 2 -5.274120
88 3 -5.638867
88 4 4.484361
88 5 2.654870
88 6 7.343060
88 7 -4.474064
88 8 4.805112
88 9 -7.528963
88 10 -0.506531
88 11 5.280027
88 12 -6.501203
88 13 4.388595
88 14 -7.863568
88 15 -5.033799
88 16 -10.007315
88 17 -6.741736
88 18 -1.359201
88 19 4.805295
88 20 5.534040
88 21 -3.282642
88 22 0.856047
88 23 4.873399
88 24 -3.678801
88 25 -2.421781
88 26 -0.988192
88 27 7.371951
88 28 6.380678
88 29 -8.422594
88 30 -5.644922
88 31 -2.306018
88 32 2.033390
88 33 8.747425
88 34 4.709216
88 35 7.116742
88 36 7.299359
88 37 0.375271
88 38 3.858494
88 39 -1.769076
88 40 4.479925
88 41 -6.962360
88 42 1.340839
88 43 -10.269018
88 44 11.663537
88 45 -6.547541
88 46 0.152217
88 47 -4.717090
88 48 -3.802719
88 49 -4.362698
88 50 -2.052538
88 51 -3.111963
88 52 3.674988
88 53 2.737240
88 54 1.643223
88 55 4.660667
88 56 -3.533536
88 57 0.382425
88 58 -13.800571
88 59 -2.757442
88 60 0.560984
88 61 -11.037822
88 62 -2.503700
88 63 1.172243
88 64 -11.261164
88 65 -5.735865
88 66 1.872082
88 67 -2.585019
88 68 6.438732
88 69 -4.336915
88 70 -5.954010
88 71 2.396285
88 72 8.545551
88 73 11.517452
88 74 -9.806516
88 75 -0.664750
88 76 4.259655
88 77 -8.452117
88 78 -12.515242
88 79 -0.388035
88 80 -4.725105
88 81 -5.728893
88 82 -9.728814
88 83 0.376260
88 84 11.426175
88 85 7.842889
88 86 -0.778721
88 87 -12.877282
88 88 1.430295
88 89 7.192696
88 90 4.189048
88 91 -3.745710
88 92 -1.113134
88 93 -8.585574
88 94 -4.079741
88 95 -1.059166
88 96 -7.640109
88 97 8.885430
88 98 10.582520
88 99 11.105907
89 0 6.103937
89 1 -3.533571
89 2 -0.187443
89 3 1.451378
89 4 -9.738161
89 5 -3.719750
89 6 1.486723
89 7 -9.060534
89 8 -4.106737
89 9 7.009048
89 10 -7.316468
89 11 -4.942880
89 12 5.264103
89 13 6.192848
89 14 -1.936480
89 15 9.467760
89 16 -8.652697
89 17 -9.296166
89 18 -0.267957
89 19 7.189358
89 20 0.181428
89 21 -5.749008
89 22 7.798745
89 23 12.501058
89 24 -0.776937
89 25 0.890864
89 26 -5.089607
89 27 -6.301032
89 28 5.944973
89 29 8.213871
89 30 1.773868
89 31 -4.468016
89 32 -6.986666
89 33 -4.223001
89 34 -10.466998
89 35 3.620908
89 36 -1.693236
89 37 4.244823
89 38 -11.778676
89 39 5.487676
89 40 -2.310279
89 41 -6.788047
89 42 -3.434215
89 43 2.114832
89 44 4.423057
89 45 4.578110
89 46 -4.456262
89 47 13.451379
89 48 4.318280
89 49 4.634689
89 50 -5.814372
89 51 5.979344
89 52 5.306787
89 53 -9.052796
89 54 -4.185728
89 55 1.170913
89 56 -5.847234
89 57 -3.410331
89 58 4.618925
89 59 -5.258652
89 60 -1.240391
89 61 -7.401951
89 62 10.152700
89 63 6.132196
89 64 -5.193340
89 65 -4.170986
89 66 2.251580
89 67 6.122705
89 68 -2.623564
89 69 0.468409
89 70 4.770742
89 71 -6.787039
89 72 7.891785
89 73 9.380330
89 74 -5.582345
89 75 -8.923188
89 76 -1.372409
89 77 -3.252240
89 78 -8.299256
89 79 7.312488
89 80 -3.264910
89 81 -1.409091
89 82 -2.740279
89 83 -9.792410
89 84 -3.987466
89 85 8.013047
89 86 2.193882
89 87 -0.253154
89 88 -8.421423
89 89 -1.245177
89 90 5.265832
89 91 10.557361
89 92 -0.309362
89 93 8.532514
89 94 0.190458
89 95 -9.964223
89 96 4.240629
89 97 -2.097216
89 98 9.281404
89 99 -6.032273
90 0 0.587393
90 1 4.155899
90 2 2.673374
90 3 -7.553335
90 4 -4.140364
90 5 2.976827
90 6 -6.405126
90 7 10.029022
90 8 -10.026302
90 9 -5.833462
90 10 12.092566
90 11 5.728212
90 12 -6.283869
90 13 2.575119
90 14 0.702329
90 15 -9.216598
90 16 -5.476116
90 17 1.120919
90 18 8.660290
90 19 -4.793703
90 20 -6.078204
90 21 2.873234
90 22 10.141669
90 23 -12.174111
90 24 -4.357406
90 25 -3.549141
90 26 -0.671202
90 27 1.468687
90 28 -1.010148
90 29 12.720637
90 30 6.203382
90 31 5.962372
90 32 -5.526765
90 33 -7.347231
90 34 -2.560812
90 35 -6.988575
90 36 3.275383
90 37 5.511389
90 38 -3.679669
90 39 -9.552399
90 40 6.576192
90 41 -1.157472
90 42 -9.356447
90 43 11.270605
90 44 7.695800
90 45 -6.169367
90 46 -7.671252
90 47 -4.991335
90 48 3.885364
90 49 -4.308173
90 50 -9.893046
90 51 4.218320
90 52 -0.877911
90 53 7.875121
90 54 8.202780
90 55 6.226427
90 56 -8.260546
90 57 1.534296
90 58 2.779665
90 59 4.948982
90 60 3.849754
90 61 1.848881
90 62 -8.732916
90 63 8.704119
90 64 -0.412511
90 65 -8.349299
90 66 -10.254172
90 67 0.024453
90 68 5.737037
90 69 -0.863604
90 70 -0.513189
90 71 -3.792911
90 72 9.966177
90 73 2.127419
90 74 -0.949055
90 75 -3.596206
90 76 1.226436
90 77 2.446733
90 78 6.623825
90 79 -0.821795
90 80 0.557779
90 81 -10.512508
90 82 4.797536
90 83 -5.253515
90 84 -8.562722
90 85 -0.465524
90 86 1.477414
90 87 5.624955
90 88 8.523067
90 89 -5.493925
90 90 -9.078901
90 91 -1.511341
90 92 -0.067123
90 93 0.498278
90 94 1.194174
90 95 3.986105
90 96 6.501930
90 97 -3.015915
90 98 7.639846
90 99 5.096204
91 0 2.963051
91 1 -4.752004
91 2 -4.543965
91 3 5.973428
91 4 -8.105207
91 5 -1.284784
91 6 -5.023711
91 7 6.489332
91 8 -5.417753
91 9 6.355660
91 10 -7.459125
91 11 4.582277
91 12 -10.976790
91 13 -1.984163
91 14 -7.239110
91 15 9.449669
91 16 4.445506
91 17 -7.129705
91 18 4.060748
91 19 1.285716
91 20 -1.046258
91 21 0.633611
91 22 7.701886
91 23 5.594626
91 24 -2.128059
91 25 -11.278216
91 26 -9.029728
91 27 3.995425
91 28 -10.193942
91 29 -5.368623
91 30 -7.464989
91 31 4.730519
91 32 3.989518
91 33 -3.314215
91 34 -3.742213
91 35 -9.394718
91 36 -3.465619
91 37 -1.553274
91 38 -1.346944
91 39 5.178072
91 40 -3.245322
91 41 -2.067932
91 42 -4.696996
91 43 10.904578
91 44 1.782412
91 45 -2.074451
91 46 11.198203
91 47 -8.722438
91 48 -5.557484
91 49 -3.655846
91 50 10.517858
91 51 -1.334883
91 52 -0.387888
91 53 5.327858
91 54 4.637910
91 55 9.866270
91 56 5.217185
91 57 7.819559
91 58 2.053290
91 59 -6.088517
91 60 -10.089075
91 61 8.914673
91 62 3.617984
91 63 7.526215
91 64 0.572708
91 65 -4.665464
91 66 -0.809654
91 67 -3.641985
91 68 3.273144
91 69 5.905224
91 70 0.482684
91 71 7.817349
91 72 1.253093
91 73 5.197105
91 74 8.400621
91 75 -5.778887
91 76 -6.447592
91 77 3.010709
91 78 8.676400
91 79 12.277264
91 80 9.043155
91 81 -0.538397
91 82 5.880977
91 83 -7.985574
91 84 -6.504870
91 85 -7.857212
91 86 -9.785317
91 87 8.196561
91 88 2.038333
91 89 0.530737
91 90 -5.432706
91 91 5.509710
91 92 1.243883
91 93 -8.301733
91 94 3.238645
91 95 1.775069
91 96 -2.413371
91 97 10.121161
91 98 1.021806
91 99 7.677972
92 0 -10.282201
92 1 -1.984812
92 2 9.833759
92 3 3.247526
92 4 7.306447
92 5 3.613137
92 6 -1.807352
92 7 -4.395949
92 8 6.072523
92 9 0.008800
92 10 5.332898
92 11 7.184909
92 12 -3.819224
92 13 -7.228239
92 14 -8.148391
92 15 6.377657
92 16 -9.379210
92 17 -1.421093
92 18 -0.912433
92 19 3.572608
92 20 -4.276819
92 21 -5.758845
92 22 -9.492828
92 23 5.156571
92 24 6.051519
92 25 -12.006142
92 26 -12.880292
92 27 5.463201
92 28 -9.176656
92 29 -6.584318
92 30 -1.811594
92 31 0.005856
92 32 7.496729
92 33 7.249533
92 34 -4.354103
92 35 -7.997444
92 36 -9.737427
92 37 -8.912104
92 38 -10.891571
92 39 -2.882866
92 40 -1.903278
92 41 9.402268
92 42 11.074077
92 43 2.634685
92 44 3.108148
92 45 -7.731631
92 46 -5.797994
92 47 -4.607949
92 48 -5.974497
92 49 -8.923126
92 50 8.678753
92 51 -3.924146
92 52 4.379624
92 53 -6.219558
92 54 -3.063958
92 55 -0.387001
92 56 10.400020
92 57 -5.646380
92 58 4.751710
92 59 -5.730517
92 60 6.795700
92 61 10.835715
92 62 -6.005587
92 63 -8.622502
92 64 -3.746260
92 65 4.821529
92 66 -5.573574
92 67 6.511365
92 68 -4.812571
92 69 -0.827220
92 70 8.445702
92 71 -3.181349
92 72 -6.198387
92 73 4.015068
92 74 4.573709
92 75 5.553182
92 76 -7.805015
92 77 -1.212301
92 78 -0.628909
92 79 1.490687
92 80 7.763723
92 81 1.224386
92 82 -5.820526
92 83 -7.918634
92 84 -6.767551
92 85 7.622076
92 86 7.185172
92 87 13.035630
92 88 -3.027718
92 89 7.874931
92 90 8.993366
92 91 1.167214
92 92 3.333803
92 93 -3.362568
92 94 -1.985069
92 95 -3.578354
92 96 1.053166
92 97 -10.112232
92 98 5.850852
92 99 -5.306478
93 0 1.267383
93 1 4.662315
93 2 3.568900
93 3 2.161544
93 4 1.180416
93 5 5.017106
93 6 12.475921
93 7 3.559841
93 8 0.532875
93 9 -5.389314
93 10 -1.733625
93 11 -8.501728
93 12 -3.492479
93 13 3.749306
93 14 0.151222
93 15 1.257879
93 16 4.427013
93 17 -3.119490
93 18 0.654144
93 19 -10.428069
93 20 7.472875
93 21 9.398277
93 22 -8.328620
93 23 -6.576692
93 24 0.985738
93 25 6.924921
93 26 -1.708161
93 27 -1.439548
93 28 9.377766
93 29 5.952749
93 30 -4.635540
93 31 -2.033915
93 32 -0.795217
93 33 -0.606615
93 34 -5.886614
93 35 6.591214
93 36 2.445824
93 37 3.519537
93 38 2.391910
93 39 10.769160
93 40 -4.070976
93 41 1.061174
93 42 4.065227
93 43 7.235057
93 44 -3.449498
93 45 -3.073686
93 46 4.522884
93 47 -12.833525
93 48 0.825887
93 49 -1.881725
93 50 -2.387020
93 51 2.766794
93 52 0.222684
93 53 2.306928
93 54 12.584195
93 55 7.599331
93 56 7.221372
93 57 -7.357081
93 58 7.136537
93 59 -0.190482
93 60 -1.271087
93 61 10.659788
93 62 -4.218857
93 63 3.837877
93 64 8.622966
93 65 6.250584
93 66 2.784121
93 67 2.746919
93 68 -10.371382
93 69 -11.019417
93 70 -3.896423
93 71 -5.413077
93 72 -2.487714
93 73 -6.892431
93 74 -5.587446
93 75 -0.687841
93 76 6.203812
93 77 7.373550
93 78 4.992799
93 79 1.064368
93 80 2.411069
93 81 -7.462511
93 82 -7.400400
93 83 -2.045573
93 84 6.963417
93 85 -3.868035
93 86 -7.305596
93 87 8.148764
93 88 2.225481
93 89 -6.216807
93 90 -8.271955
93 91 -7.020848
93 92 4.227818
93 93 5.398861
93 94 9.083387
93 95 1.511308
93 96 -4.137441
93 97 -0.042456
93 98 5.951076
93 99 1.862107
94 0 -11.221019
94 1 0.799375
94 2 0.159517
94 3 10.317409
94 4 11.126983
94 5 4.162807
94 6 -4.376375
94 7 4.537964
94 8 -4.604740
94 9 6.250744
94 10 6.226774
94 11 3.700355
94 12 -5.916640
94 13 1.587661
94 14 -1.379863
94 15 0.066716
94 16 3.853808
94 17 -11.457354
94 18 6.737734
94 19 10.820035
94 20 3.704145
94 21 -7.821499
94 22 7.117505
94 23 5.274408
94 24 -6.988115
94 25 2.502577
94 26 -7.179030
94 27 -2.516461
94 28 -3.815127
94 29 -2.714576
94 30 -2.743941
94 31 -14.235827
94 32 5.565683
94 33 -3.080120
94 34 8.479087
94 35 4.752900
94 36 -6.461320
94 37 5.281134
94 38 -1.918635
94 39 8.712641
94 40 0.674469
94 41 6.463053
94 42 2.461401
94 43 7.718506
94 44 3.862566
94 45 4.759828
94 46 3.149984
94 47 -7.973781
94 48 -7.329428
94 49 -2.442816
94 50 2.216489
94 51 1.654419
94 52 7.882220
94 53 -4.092816
94 54 -6.580423
94 55 -8.710658
94 56 6.040801
94 57 4.247838
94 58 0.315318
94 59 -9.856035
94 60 5.968472
94 61 -6.552913
94 62 4.209629
94 63 5.074418
94 64 2.075868
94 65 -4.770132
94 66 -4.852548
94 67 2.383401
94 68 -1.169516
94 69 8.762106
94 70 -9.162653
94 71 -1.569869
94 72 -2.391684
94 73 1.058792
94 74 9.699903
94 75 11.256030
94 76 -1.913691
94 77 -8.412357
94 78 5.933758
94 79 -2.047887
94 80 9.413664
94 81 2.933387
94 82 2.802768
94 83 -8.011068
94 84 9.902106
94 85 1.088902
94 86 -5.377817
94 87 7.418673
94 88 -3.310901
94 89 2.454966
94 90 1.654462
94 91 -2.421935
94 92 0.510023
94 93 -0.300071
94 94 -3.211466
94 95 -2.993930
94 96 -5.983921
94 97 5.960914
94 98 -4.977541
94 99 13.791434
95 0 -10.594431
95 1 1.948632
95 2 -0.586399
95 3 4.879241
95 4 -9.216862
95 5 -6.169038
95 6 4.916030
95 7 0.343557
95 8 -1.187321
95 9 2.452727
95 10 9.583427
95 11 -5.645145
95 12 9.495697
95 13 0.975447
95 14 1.335249
95 15 8.852800
95 16 6.024993
95 17 6.290192
95 18 3.580393
95 19 -6.754646
95 20 -4.046635
95 21 2.288829
95 22 3.095464
95 23 -6.237126
95 24 1.826493
95 25 7.545284
95 26 7.442213
95 27 7.368452
95 28 6.911274
95 29 -0.912982
95 30 2.727346
95 31 0.453049
95 32 -9.015648
95 33 -4.771608
95 34 -0.402409
95 35 -5.959712
95 36 5.803384
95 37 -7.685229
95 38 -1.149109
95 39 -7.494286
95 40 -5.383981
95 41 -9.223605
95 42 -5.619064
95 43 -9.460466
95 44 -5.048692
95 45 -3.871124
95 46 3.823850
95 47 9.168214
95 48 9.231511
95 49 4.119198
95 50 1.417758
95 51 3.148476
95 52 6.448051
95 53 -0.143654
95 54 5.664848
95 55 -6.029392
95 56 5.053392
95 57 0.726601
95 58 -0.515289
95 59 -7.236747
95 60 0.704901
95 61 -0.471203
95 62 -1.943597
95 63 -11.461670
95 64 -7.793351
95 65 2.231735
95 66 9.848324
95 67 6.090588
95 68 10.692438
95 69 -0.007944
95 70 -6.384353
95 71 -4.837493
95 72 6.991768
95 73 3.625608
95 74 5.877478
95 75 6.206931
95 76 -8.764493
95 77 -6.813882
95 78 2.045702
95 79 -6.848301
95 80 -6.178481
95 81 -10.372961
95 82 3.326368
95 83 5.700416
95 84 -0.795876
95 85 8.410661
95 86 4.357221
95 87 1.566379
95 88 -3.756697
95 89 3.033225
95 90 -0.098976
95 91 6.586978
95 92 0.959877
95 93 1.948629
95 94 6.571359
95 95 6.912153
95 96 -5.568833
95 97 6.232889
95 98 -3.307271
95 99 -5.601998
96 0 3.291399
96 1 -6.716145
96 2 4.489832
96 3 1.224768
96 4 -1.447604
96 5 0.510345
96 6 -4.509888
96 7 -5.752991
96 8 -7.981527
96 9 -7.318293
96 10 9.148007
96 11 -2.683544
96 12 8.813083
96 13 5.312898
96 14 1.568240
96 15 0.867149
96 16 -8.926265
96 17 -2.855039
96 18 -2.663189
96 19 -10.991641
96 20 6.570754
96 21 12.697218
96 22 -5.254584
96 23 6.828678
96 24 5.256793
96 25 2.951515
96 26 1.002511
96 27 8.731026
96 28 -7.464643
96 29 -4.850340
96 30 5.526441
96 31 6.927032
96 32 -6.737701
96 33 0.359206
96 34 2.520570
96 35 7.498821
96 36 6.631254
96 37 8.985133
96 38 9.309180
96 39 -8.052031
96 40 -1.407907
96 41 -2.306714
96 42 3.645658
96 43 7.264971
96 44 3.741150
96 45 2.714924
96 46 -7.327924
96 47 8.609500
96 48 -9.271856
96 49 7.000919
96 50 2.335313
96 51 -2.748532
96 52 5.726003
96 53 -6.406114
96 54 -5.660197
96 55 -1.928530
96 56 -9.204984
96 57 -2.111255
96 58 -8.350339
96 59 4.846476
96 60 5.515229
96 61 12.345051
96 62 8.014402
96 63 0.033321
96 64 -7.515528
96 65 -2.671715
96 66 0.124859
96 67 -3.716601
96 68 7.678119
96 69 -4.752766
96 70 -0.110717
96 71 9.390364
96 72 -3.336331
96 73 -8.557649
96 74 -10.578329
96 75 -5.304088
96 76 4.062842
96 77 9.216596
96 78 -10.961499
96 79 7.880250
96 80 -11.144288
96 81 -4.139853
96 82 -7.745809
96 83 6.140693
96 84 2.518684
96 85 -3.355896
96 86 -6.525000
96 87 -0.106575
96 88 -0.804921
96 89 1.853941
96 90 -7.818767
96 91 3.603521
96 92 -2.115203
96 93 6.022863
96 94 -3.911523
96 95 9.467575
96 96 -5.743343
96 97 -5.153254
96 98 5.288255
96 99 -8.426041
97 0 -6.938893
97 1 8.539147
97 2 8.257077
97 3 1.247019
97 4 5.363703
97 5 7.095752
97 6 4.131043
97 7 -1.199288
97 8 -3.048809
97 9 0.445816
97 10 10.534847
97 11 -7.574002
97 12 4.164651
97 13 -5.050846
97 14 -0.236974
97 15 -8.183584
97 16 -0.922218
97 17 -4.189139
97 18 5.011288
97 19 0.064708
97 20 5.893671
97 21 8.485291
97 22 -2.165238
97 23 -3.159524
97 24 4.878564
97 25 4.234154
97 26 -1.648668
97 27 -3.025737
97 28 6.696228
97 29 -10.287609
97 30 -1.035264
97 31 7.056950
97 32 -9.128793
97 33 -7.855541
97 34 7.505770
97 35 10.786001
97 36 -5.763015
97 37 4.562403
97 38 2.392422
97 39 2.466186
97 40 -6.300036
97 41 1.674544
97 42 -7.505241
97 43 -7.610246
97 44 -3.019667
97 45 2.439434
97 46 0.900987
97 47 5.714270
97 48 -6.347927
97 49 -3.298906
97 50 2.676036
97 51 -4.450660
97 52 9.946420
97 53 -0.637473
97 54 5.215462
97 55 6.490961
97 56 6.848405
97 57 -4.529213
97 58 5.674066
97 59 3.091369
97 60 0.937836
97 61 4.668261
97 62 -2.122255
97 63 4.512891
97 64 10.514220
97 65 1.593777
97 66 5.598557
97 67 -5.931027
97 68 -3.550326
97 69 7.295556
97 70 0.797963
97 71 2.271069
97 72 -6.279021
97 73 -0.383633
97 74 -6.873620
97 75 5.105921
97 76 -5.950623
97 77 -3.955359
97 78 -9.125848
97 79 -6.640321
97 80 -7.593294
97 81 5.565597
97 82 4.467127
97 83 9.707542
97 84 6.628558
97 85 -9.987328
97 86 -3.902666
97 87 -5.819517
97 88 2.664963
97 89 -7.929763
97 90 3.395579
97 91 1.150540
97 92 -5.663164
97 93 -6.800870
97 94 -7.681323
97 95 -5.383145
97 96 1.914777
97 97 -4.140547
97 98 6.967001
97 99 0.151319
98 0 7.187178
98 1 -2.708263
98 2 2.705855
98 3 4.488317
98 4 -2.255918
98 5 9.631614
98 6 7.102602
98 7 9.902764
98 8 5.735144
98 9 4.222317
98 10 -5.339381
98 11 -8.623252
98 12 9.628191
98 13 2.098805
98 14 -9.149818
98 15 4.689230
98 16 -4.766720
98 17 2.903974
98 18 8.025201
98 19 -11.370504
98 20 -1.281272
98 21 1.013164
98 22 -6.476348
98 23 -10.523280
98 24 -5.333406
98 25 -9.463591
98 26 -6.251568
98 27 4.337872
98 28 -1.480885
98 29 -2.442063
98 30 -4.088921
98 31 -5.718323
98 32 3.651324
98 33 4.692829
98 34 -0.356857
98 35 -8.914642
98 36 -0.981216
98 37 -7.279161
98 38 3.565188
98 39 1.302409
98 40 2.219669
98 41 -2.425316
98 42 2.604423
98 43 -7.320525
98 44 8.918726
98 45 5.240152
98 46 -7.239635
98 47 3.040740
98 48 2.874411
98 49 4.049071
98 50 10.109753
98 51 -4.947653
98 52 -0.081440
98 53 -5.276254
98 54 -9.864185
98 55 0.591464
98 56 -4.880701
98 57 -6.146962
98 58 7.196907
98 59 2.337605
98 60 9.889294
98 61 3.750117
98 62 -8.198923
98 63 -9.497039
98 64 -5.336044
98 65 -6.217435
98 66 -2.092244
98 67 -0.077183
98 68 10.512720
98 69 -5.067630
98 70 -6.274486
98 71 -1.378866
98 72 3.905512
98 73 2.246957
98 74 10.418687
98 75 -8.322639
98 76 -2.998930
98 77 -3.029228
98 78 7.602110
98 79 2.502959
98 80 2.482519
98 81 -8.196420
98 82 10.432963
98 83 9.755762
98 84 -3.909338
98 85 -0.929530
98 86 4.177925
98 87 -6.194962
98 88 -1.094067
98 89 -6.934145
98 90 3.060167
98 91 4.772004
98 92 3.307270
98 93 -2.461394
98 94 -7.926576
98 95 5.851549
98 96 5.666931
98 97 4.990139
98 98 5.764083
98 99 -3.845190
99 0 -6.488000
99 1 -2.844822
99 2 7.865033
99 3 -4.830278
99 4 7.212949
99 5 -0.871067
99 6 -9.014553
99 7 -3.926526
99 8 -5.082353
99 9 -3.282318
99 10 -4.955128
99 11 -4.791671
99 12 11.007138
99 13 -11.331476
99 14 -3.157253
99 15 8.941610
99 16 8.382271
99 17 -1.234836
99 18 6.463560
99 19 -2.573371
99 20 -8.744251
99 21 0.237240
99 22 -2.694141
99 23 -8.709544
99 24 10.574934
99 25 -5.526967
99 26 0.835509
99 27 -8.242283
99 28 7.117926
99 29 -7.113435
99 30 -7.354629
99 31 9.029818
99 32 8.223813
99 33 6.122963
99 34 -8.069812
99 35 9.451256
99 36 -14.020348
99 37 1.453037
99 38 -10.843181
99 39 9.664068
99 40 -6.771730
99 41 -1.250908
99 42 9.432132
99 43 2.083843
99 44 3.216587
99 45 -2.311756
99 46 -3.440667
99 47 -3.496150
99 48 4.456768
99 49 -4.436935
99 50 10.676355
99 51 6.155263
99 52 -6.582649
99 53 -7.029454
99 54 -10.929932
99 55 3.637905
99 56 -7.589492
99 57 -0.456554
99 58 -5.537509
99 59 -7.554682
99 60 -3.904273
99 61 -7.411748
99 62 -6.444321
99 63 8.889979
99 64 -0.029638
99 65 -0.787466
99 66 -5.059618
99 67 -7.037540
99 68 -11.334652
99 69 1.995712
99 70 -1.047254
99 71 -7.860369
99 72 3.011472
99 73 -3.220467
99 74 -10.827719
99 75 2.650775
99 76 8.500110
99 77 9.449683
99 78 -9.832020
99 79 -7.968331
99 80 1.298762
99 81 2.663572
99 82 0.967725
99 83 -4.715529
99 84 0.258880
99 85 -3.984767
99 86 -6.543526
99 87 -1.149562
99 88 -5.346992
99 89 5.186391
99 90 -0.201555
99 91 -7.067706
99 92 -4.302258
99 93 -13.045921
99 94 -5.334583
99 95 -3.430167
99 96 3.195309
99 97 -0.753323
99 98 2.181985
99 99 1.195273
